-- MySQL dump 10.13  Distrib 8.0.39, for Win64 (x86_64)
--
-- Host: mysql.improov.com.br    Database: improov
-- ------------------------------------------------------
-- Server version	5.5.5-10.2.36-MariaDB-log

/*!40101 SET @OLD_CHARACTER_SET_CLIENT=@@CHARACTER_SET_CLIENT */;
/*!40101 SET @OLD_CHARACTER_SET_RESULTS=@@CHARACTER_SET_RESULTS */;
/*!40101 SET @OLD_COLLATION_CONNECTION=@@COLLATION_CONNECTION */;
/*!50503 SET NAMES utf8mb4 */;
/*!40103 SET @OLD_TIME_ZONE=@@TIME_ZONE */;
/*!40103 SET TIME_ZONE='+00:00' */;
/*!40014 SET @OLD_UNIQUE_CHECKS=@@UNIQUE_CHECKS, UNIQUE_CHECKS=0 */;
/*!40014 SET @OLD_FOREIGN_KEY_CHECKS=@@FOREIGN_KEY_CHECKS, FOREIGN_KEY_CHECKS=0 */;
/*!40101 SET @OLD_SQL_MODE=@@SQL_MODE, SQL_MODE='NO_AUTO_VALUE_ON_ZERO' */;
/*!40111 SET @OLD_SQL_NOTES=@@SQL_NOTES, SQL_NOTES=0 */;

--
-- Table structure for table `acompanhamento`
--

DROP TABLE IF EXISTS `acompanhamento`;
/*!40101 SET @saved_cs_client     = @@character_set_client */;
/*!50503 SET character_set_client = utf8mb4 */;
CREATE TABLE `acompanhamento` (
  `idacompanhamento` int(11) NOT NULL AUTO_INCREMENT,
  `obra_id` int(11) DEFAULT NULL,
  `colaborador_id` int(11) DEFAULT NULL,
  `data` datetime DEFAULT current_timestamp(),
  `pagamento` tinyint(1) NOT NULL,
  `valor` int(11) NOT NULL,
  PRIMARY KEY (`idacompanhamento`),
  KEY `obra_id` (`obra_id`),
  KEY `colaborador_id` (`colaborador_id`),
  CONSTRAINT `acompanhamento_ibfk_1` FOREIGN KEY (`obra_id`) REFERENCES `obra` (`idobra`),
  CONSTRAINT `acompanhamento_ibfk_2` FOREIGN KEY (`colaborador_id`) REFERENCES `colaborador` (`idcolaborador`)
) ENGINE=InnoDB AUTO_INCREMENT=31 DEFAULT CHARSET=utf8mb4 COLLATE=utf8mb4_unicode_ci;
/*!40101 SET character_set_client = @saved_cs_client */;

--
-- Dumping data for table `acompanhamento`
--

LOCK TABLES `acompanhamento` WRITE;
/*!40000 ALTER TABLE `acompanhamento` DISABLE KEYS */;
INSERT INTO `acompanhamento` VALUES (26,24,1,'2024-10-10 12:58:42',1,15),(27,28,1,'2024-10-10 14:44:49',1,15),(28,27,1,'2024-10-10 14:45:00',1,15),(29,26,1,'2024-10-11 13:26:12',1,15),(30,29,1,'2024-10-14 11:31:40',1,15);
/*!40000 ALTER TABLE `acompanhamento` ENABLE KEYS */;
UNLOCK TABLES;

--
-- Table structure for table `acompanhamento_email`
--

DROP TABLE IF EXISTS `acompanhamento_email`;
/*!40101 SET @saved_cs_client     = @@character_set_client */;
/*!50503 SET character_set_client = utf8mb4 */;
CREATE TABLE `acompanhamento_email` (
  `idacompanhamento_email` int(11) NOT NULL AUTO_INCREMENT,
  `obra_id` int(11) DEFAULT NULL,
  `colaborador_id` int(11) DEFAULT NULL,
  `assunto` varchar(250) COLLATE utf8mb4_unicode_ci DEFAULT NULL,
  `data` datetime DEFAULT current_timestamp(),
  PRIMARY KEY (`idacompanhamento_email`),
  KEY `obra_id` (`obra_id`),
  KEY `colaborador_id` (`colaborador_id`),
  CONSTRAINT `acompanhamento_email_ibfk_1` FOREIGN KEY (`obra_id`) REFERENCES `obra` (`idobra`),
  CONSTRAINT `acompanhamento_email_ibfk_2` FOREIGN KEY (`colaborador_id`) REFERENCES `colaborador` (`idcolaborador`)
) ENGINE=InnoDB AUTO_INCREMENT=63 DEFAULT CHARSET=utf8mb4 COLLATE=utf8mb4_unicode_ci;
/*!40101 SET character_set_client = @saved_cs_client */;

--
-- Dumping data for table `acompanhamento_email`
--

LOCK TABLES `acompanhamento_email` WRITE;
/*!40000 ALTER TABLE `acompanhamento_email` DISABLE KEYS */;
INSERT INTO `acompanhamento_email` VALUES (3,3,1,'RDO - Villa Vauban - Pacote finalizado em alta','2024-10-10 12:42:22'),(4,24,1,'Capitali - Tivoli - Solicitação dos demais projetos','2024-10-10 13:27:47'),(5,28,1,'Carelli - Louvre - Solicitação de projetos','2024-10-10 14:43:46'),(6,27,1,'Carelli - Elysses - Solicitação de projetos','2024-10-10 14:44:15'),(7,26,1,'Strand Sports - Spadel - Dúvidas e Solicitações dos Arquivos finais ','2024-10-11 13:26:34'),(8,24,1,'Re: Capitali - Tivoli - Solicitação dos demais projetos','2024-10-11 13:32:45'),(9,29,1,'Hurbana - Senior Living - Solicitação de projetos','2024-10-14 11:31:13'),(10,28,1,'Fwd: Carelli - Louvre - Solicitação de retorno dos projetos','2024-10-14 11:59:52'),(11,27,1,'Fwd: Carelli - Elysses - Solicitação de retorno dos projetos','2024-10-14 12:00:38'),(12,29,1,'Arquivos recebidos para análise','2024-10-14 12:05:48'),(13,24,1,'Re: Capitali - Tivoli - Solicitação de retorno dos demais projetos','2024-10-15 09:41:33'),(14,24,1,'Recebido caderno de paisagismo','2024-10-15 14:15:03'),(15,27,1,'Re: Fwd: Carelli - Elysses - Solicitação de retorno dos projetos','2024-10-16 08:38:46'),(16,28,1,'Re: Fwd: Carelli - Louvre - Solicitação de retorno dos projetos','2024-10-16 08:39:09'),(17,26,1,'Re: Strand Sports - Spadel - Solicitação dos Arquivos finais','2024-10-16 11:30:24'),(18,21,1,'Linear - Surya - Solicitação de Avaliação e Revisão das Imagens (Toon) Prévias','2024-10-16 17:31:18'),(19,20,1,'Arquivos Recebidos - Upper Three - Projeto áreas comuns','2024-10-17 12:31:05'),(20,20,1,'Arquivos Recebidos - Upper - Decorado para as imagens','2024-10-17 12:31:33'),(21,20,1,'Arquivos Recebidos - RES: Danpris - Upper three - Solicitação de projetos - Elevação da fachada','2024-10-17 12:33:59'),(22,20,1,'Arquivos Recebidos - Upper - Definições portaria ','2024-10-17 12:34:26'),(23,24,1,'Arquivos Recebidos - Re: Capitali - Tivoli - Solicitação de retorno dos demais projetos','2024-10-17 12:36:24'),(24,26,1,'Arquivos Recebidos - RES: Strand Sports - Spadel - Solicitação dos Arquivos finais','2024-10-17 12:44:26'),(25,27,1,'Carelli - Elysses - Confirmação de Recebimento dos Projetos','2024-10-17 14:06:01'),(26,28,1,'Carelli - Louvre - Confirmação de Recebimento dos Projetos','2024-10-17 14:06:24'),(27,22,1,'Re: Linear - Vila de Milano - Solicitação de retorno dos projetos','2024-10-18 09:02:59'),(28,20,1,'Arquivos Recebidos - Upper - Projeto de plantio','2024-10-21 08:20:43'),(29,8,1,'Arquivos Recebidos - Projeto arquitetônico ajustado da piscina coberta.','2024-10-22 09:18:15'),(30,8,1,'Arquivos Recebidos - Ajustes da Academia.','2024-10-22 09:19:44'),(31,12,1,'MSantos - Line - Imagens prévias alteradas para análise ','2024-10-22 16:57:18'),(32,5,1,'AYA Casas - Solicitação de Avaliação e Revisão das Imagens (Toon) Prévias Alteradas','2024-10-22 17:22:30'),(33,21,1,'Linear - Surya - Solicitação de retorno dos projetos atualizados','2024-10-23 09:58:23'),(34,23,1,'Recebimento da confirmação dos arquivos finais','2024-10-06 10:12:44'),(35,23,1,'Recebimento de informações adicionais - Fachada','2024-10-07 10:14:22'),(36,23,1,'Recebimento de informações adicionais living','2024-10-09 10:15:24'),(37,5,1,'Start - AYA Empreendimentos - AYA Casas','2024-08-21 11:32:11'),(38,5,1,'Arquivos Recebidos - Projetos complementares','2024-09-04 11:33:32'),(39,5,1,'Solicitação de Avaliação e Revisão das Imagens (Toon) Prévias','2024-10-02 11:36:08'),(41,5,1,'Re: Solicitação de Avaliação e Revisão das Imagens (Toon) Prévias Alteradas - Retorno via whats','2024-10-23 11:43:46'),(42,8,1,'Arquivos Recebidos - Ajustes Imagens Prévias - Via whatsapp','2024-10-24 14:40:03'),(43,16,1,'Arquivos Recebidos - Dwg Atualizado - Via Whatsapp','2024-10-15 11:19:02'),(44,20,1,'Danpris - Upper three - Solicitação de Avaliação e Revisão das Imagens (Toon) Prévias','2024-10-25 17:45:15'),(45,4,1,'Phacz - Vibra - Imagens postadas','2024-10-29 10:00:59'),(46,20,1,'Danpris - Upper three - Solicitação de Avaliação e Revisão das Imagens (Toon) Prévias Atualizadas','2024-10-30 10:40:17'),(47,20,1,'Arquivos Recebidos - Decorado Churrasqueira e Pet Care, e arquivo dwg com planta sem shaft.','2024-10-30 10:42:07'),(48,24,1,'Capitali - Tivoli - Cronograma','2024-10-30 11:51:46'),(49,20,1,'Danpris - Upper three - Solicitação de Avaliação e Revisão de Imagem Prévia - Pavimento Tipo - Apartamento','2024-10-30 14:45:18'),(50,11,1,'H Santos - Classic 236 - Informação Imagens Alteradas','2024-10-31 11:22:08'),(51,8,1,'DOM_MOR - Entrega Imagens Alteradas e Finalizadas Parcial - Via Whatsapp','2024-10-31 15:28:31'),(52,8,1,'DOM_MOR - Ângulos Externos Prévios - Via Whatsapp','2024-10-31 15:29:56'),(53,26,1,'Strand Sports - Spadel - Solicitação de Avaliação e Revisão das Imagens (Toon) Prévias','2024-10-31 16:42:03'),(54,23,1,'Mendes - Brava Collection - Solicitação de Avaliação e Revisão das Imagens (Toon) Prévias','2024-10-31 17:32:59'),(55,27,1,'Contrato Pausado','2024-11-01 15:09:34'),(56,28,1,'Contrato Pausado','2024-11-01 15:10:00'),(57,11,9,'Iniciadas as alterações solicitadas. ','2024-11-04 10:00:50'),(58,17,9,'Projeto Retomado. Arq. Daniela retomou o projeto arquitetonico. Definir material de combate.','2024-11-04 10:03:30'),(59,16,9,'Definição da lista de antecipadas para combate. Conferir com Diogo a lista de imagens e os acabamentos que foram discutidos em reunião. ','2024-11-04 10:05:28'),(60,8,9,'Entrega do pacote de imagens finais (EF) para combate:\n\nPiscina Aquecida\nSacada frente mar\nFachada \nSacada com vista mar. ','2024-10-28 10:06:47'),(61,4,9,'Entrega do pacote completo para o evento de lançamento. Lista contratada toda entrega.\n\nEsperando definição das imagens que ainda faltam aprovação para EF.','2024-10-28 10:08:44'),(62,14,9,'Entrega da imagem do Restaurante finalizada e os toons do embasamento para escolha de angulo. ','2024-10-31 10:10:52');
/*!40000 ALTER TABLE `acompanhamento_email` ENABLE KEYS */;
UNLOCK TABLES;

--
-- Table structure for table `animacao`
--

DROP TABLE IF EXISTS `animacao`;
/*!40101 SET @saved_cs_client     = @@character_set_client */;
/*!50503 SET character_set_client = utf8mb4 */;
CREATE TABLE `animacao` (
  `idanimacao` int(11) NOT NULL AUTO_INCREMENT,
  `imagem_id` int(11) DEFAULT NULL,
  `colaborador_id` int(11) DEFAULT NULL,
  `duracao` int(11) DEFAULT NULL,
  `cliente_id` int(11) NOT NULL,
  `obra_id` int(11) NOT NULL,
  `status_anima` varchar(50) COLLATE utf8mb4_unicode_ci NOT NULL,
  `data_anima` date NOT NULL,
  `pagamento` tinyint(1) NOT NULL,
  `valor` int(11) NOT NULL,
  PRIMARY KEY (`idanimacao`),
  UNIQUE KEY `imagem_id` (`imagem_id`),
  KEY `cliente_animacao` (`cliente_id`),
  KEY `obra_animacao` (`obra_id`),
  CONSTRAINT `anima_imagem` FOREIGN KEY (`imagem_id`) REFERENCES `imagem_animacao` (`idimagem_animacao`),
  CONSTRAINT `cliente_animacao` FOREIGN KEY (`cliente_id`) REFERENCES `cliente` (`idcliente`),
  CONSTRAINT `obra_animacao` FOREIGN KEY (`obra_id`) REFERENCES `obra` (`idobra`)
) ENGINE=InnoDB AUTO_INCREMENT=37 DEFAULT CHARSET=utf8mb4 COLLATE=utf8mb4_unicode_ci;
/*!40101 SET character_set_client = @saved_cs_client */;

--
-- Dumping data for table `animacao`
--

LOCK TABLES `animacao` WRITE;
/*!40000 ALTER TABLE `animacao` DISABLE KEYS */;
INSERT INTO `animacao` VALUES (17,17,13,7,3,3,'Finalizado','2024-10-10',1,0),(18,18,13,15,3,3,'Finalizado','2024-10-10',1,0),(19,19,13,6,4,4,'Finalizado','2024-10-21',1,0),(20,20,13,9,4,4,'Finalizado','2024-10-21',1,0),(21,21,13,6,4,4,'Finalizado','2024-10-21',1,0),(22,22,13,6,4,4,'Finalizado','2024-10-21',1,0),(23,23,13,6,4,4,'Finalizado','2024-10-21',1,0),(24,24,13,6,4,4,'Finalizado','2024-10-21',1,0),(25,25,13,18,4,4,'Finalizado','2024-10-21',1,0),(26,26,13,15,4,4,'Finalizado','2024-10-21',1,0),(27,27,13,10,4,4,'Finalizado','2024-10-21',1,0),(28,28,13,6,4,4,'Finalizado','2024-10-21',1,0),(29,29,13,7,4,4,'Finalizado','2024-10-21',1,0),(30,30,13,6,4,4,'Finalizado','2024-10-21',1,0),(31,31,13,5,4,4,'Finalizado','2024-10-21',1,0),(32,32,13,10,4,4,'Finalizado','2024-10-21',1,0),(33,33,13,9,4,4,'Finalizado','2024-10-21',1,0),(34,34,13,6,4,4,'Finalizado','2024-10-21',1,0),(35,35,13,10,4,4,'Finalizado','2024-10-21',1,0),(36,36,13,30,11,14,'Em andamento','2024-11-01',0,0);
/*!40000 ALTER TABLE `animacao` ENABLE KEYS */;
UNLOCK TABLES;

--
-- Table structure for table `ano`
--

DROP TABLE IF EXISTS `ano`;
/*!40101 SET @saved_cs_client     = @@character_set_client */;
/*!50503 SET character_set_client = utf8mb4 */;
CREATE TABLE `ano` (
  `idano` int(11) NOT NULL AUTO_INCREMENT,
  `ano` int(11) NOT NULL,
  PRIMARY KEY (`idano`),
  UNIQUE KEY `ano` (`ano`)
) ENGINE=InnoDB AUTO_INCREMENT=3 DEFAULT CHARSET=utf8mb4 COLLATE=utf8mb4_unicode_ci;
/*!40101 SET character_set_client = @saved_cs_client */;

--
-- Dumping data for table `ano`
--

LOCK TABLES `ano` WRITE;
/*!40000 ALTER TABLE `ano` DISABLE KEYS */;
INSERT INTO `ano` VALUES (2,2023),(1,2024);
/*!40000 ALTER TABLE `ano` ENABLE KEYS */;
UNLOCK TABLES;

--
-- Table structure for table `arquitetura`
--

DROP TABLE IF EXISTS `arquitetura`;
/*!40101 SET @saved_cs_client     = @@character_set_client */;
/*!50503 SET character_set_client = utf8mb4 */;
CREATE TABLE `arquitetura` (
  `idarquitetura` int(11) NOT NULL AUTO_INCREMENT,
  `colaborador_id` int(11) DEFAULT NULL,
  `cliente_id` int(11) DEFAULT NULL,
  `obra_id` int(11) DEFAULT NULL,
  `imagem_id` int(11) DEFAULT NULL,
  `status_arquitetura` varchar(50) COLLATE utf8mb4_unicode_ci DEFAULT NULL,
  PRIMARY KEY (`idarquitetura`),
  KEY `colaborador_id` (`colaborador_id`),
  KEY `cliente_id` (`cliente_id`),
  KEY `obra_id` (`obra_id`),
  KEY `imagem_id` (`imagem_id`),
  CONSTRAINT `arquitetura_ibfk_1` FOREIGN KEY (`colaborador_id`) REFERENCES `colaborador` (`idcolaborador`),
  CONSTRAINT `arquitetura_ibfk_2` FOREIGN KEY (`cliente_id`) REFERENCES `cliente` (`idcliente`),
  CONSTRAINT `arquitetura_ibfk_3` FOREIGN KEY (`obra_id`) REFERENCES `obra` (`idobra`),
  CONSTRAINT `arquitetura_ibfk_4` FOREIGN KEY (`imagem_id`) REFERENCES `imagens_cliente_obra` (`idimagens_cliente_obra`)
) ENGINE=InnoDB DEFAULT CHARSET=utf8mb4 COLLATE=utf8mb4_unicode_ci;
/*!40101 SET character_set_client = @saved_cs_client */;

--
-- Dumping data for table `arquitetura`
--

LOCK TABLES `arquitetura` WRITE;
/*!40000 ALTER TABLE `arquitetura` DISABLE KEYS */;
/*!40000 ALTER TABLE `arquitetura` ENABLE KEYS */;
UNLOCK TABLES;

--
-- Table structure for table `cena`
--

DROP TABLE IF EXISTS `cena`;
/*!40101 SET @saved_cs_client     = @@character_set_client */;
/*!50503 SET character_set_client = utf8mb4 */;
CREATE TABLE `cena` (
  `idcena` int(11) NOT NULL AUTO_INCREMENT,
  `animacao_id` int(11) DEFAULT NULL,
  `status` varchar(50) COLLATE utf8mb4_unicode_ci DEFAULT NULL,
  `prazo` varchar(50) COLLATE utf8mb4_unicode_ci DEFAULT NULL,
  PRIMARY KEY (`idcena`),
  KEY `animacao_id` (`animacao_id`),
  CONSTRAINT `cena_ibfk_1` FOREIGN KEY (`animacao_id`) REFERENCES `animacao` (`idanimacao`)
) ENGINE=InnoDB AUTO_INCREMENT=32 DEFAULT CHARSET=utf8mb4 COLLATE=utf8mb4_unicode_ci;
/*!40101 SET character_set_client = @saved_cs_client */;

--
-- Dumping data for table `cena`
--

LOCK TABLES `cena` WRITE;
/*!40000 ALTER TABLE `cena` DISABLE KEYS */;
INSERT INTO `cena` VALUES (12,17,'Finalizado','2024-10-09'),(13,18,'Finalizado','2024-10-09'),(14,19,'Finalizado','2024-10-25'),(15,20,'Finalizado','2024-10-25'),(16,21,'Finalizado','2024-10-18'),(17,22,'Finalizado','2024-10-11'),(18,23,'Finalizado','2024-10-12'),(19,24,'Finalizado','2024-10-13'),(20,25,'Finalizado','2024-10-14'),(21,26,'Finalizado','2024-10-16'),(22,27,'Finalizado','2024-10-18'),(23,28,'Finalizado','2024-10-18'),(24,29,'Finalizado','2024-10-18'),(25,30,'Finalizado','2024-10-16'),(26,31,'Finalizado','2024-10-15'),(27,32,'Finalizado','2024-10-17'),(28,33,'Finalizado','2024-10-18'),(29,34,'Finalizado','2024-10-15'),(30,35,'Finalizado','2024-10-17'),(31,36,'Finalizado','2024-10-31');
/*!40000 ALTER TABLE `cena` ENABLE KEYS */;
UNLOCK TABLES;

--
-- Table structure for table `cliente`
--

DROP TABLE IF EXISTS `cliente`;
/*!40101 SET @saved_cs_client     = @@character_set_client */;
/*!50503 SET character_set_client = utf8mb4 */;
CREATE TABLE `cliente` (
  `idcliente` int(11) NOT NULL AUTO_INCREMENT,
  `nome_cliente` varchar(45) NOT NULL,
  PRIMARY KEY (`idcliente`)
) ENGINE=InnoDB AUTO_INCREMENT=28 DEFAULT CHARSET=latin1;
/*!40101 SET character_set_client = @saved_cs_client */;

--
-- Dumping data for table `cliente`
--

LOCK TABLES `cliente` WRITE;
/*!40000 ALTER TABLE `cliente` DISABLE KEYS */;
INSERT INTO `cliente` VALUES (1,'MSA'),(3,'RDO'),(4,'PHA'),(5,'AYA'),(6,'HSA'),(7,'ZIM'),(8,'DOM'),(9,'AVVY'),(10,'INO'),(11,'EDI'),(12,'SIL'),(13,'OTT'),(14,'FG'),(15,'DAN'),(16,'LIN'),(17,'MEN'),(20,'CAP'),(21,'FAS'),(22,'STR'),(23,'CAR'),(26,'HUR'),(27,'PRA');
/*!40000 ALTER TABLE `cliente` ENABLE KEYS */;
UNLOCK TABLES;

--
-- Table structure for table `colaborador`
--

DROP TABLE IF EXISTS `colaborador`;
/*!40101 SET @saved_cs_client     = @@character_set_client */;
/*!50503 SET character_set_client = utf8mb4 */;
CREATE TABLE `colaborador` (
  `idcolaborador` int(11) NOT NULL AUTO_INCREMENT,
  `nome_colaborador` varchar(45) NOT NULL,
  PRIMARY KEY (`idcolaborador`)
) ENGINE=InnoDB AUTO_INCREMENT=16 DEFAULT CHARSET=latin1;
/*!40101 SET character_set_client = @saved_cs_client */;

--
-- Dumping data for table `colaborador`
--

LOCK TABLES `colaborador` WRITE;
/*!40000 ALTER TABLE `colaborador` DISABLE KEYS */;
INSERT INTO `colaborador` VALUES (1,'Nicolle'),(2,'Caio'),(3,'Luiz'),(4,'Mariana'),(5,'Marcelo'),(6,'Bruna'),(7,'Anderson'),(8,'Marcio'),(9,'André'),(10,'Stefhanie'),(11,'Sérgio'),(12,'Andressa'),(13,'André Tavares'),(14,'Adriana'),(15,'Não se aplica');
/*!40000 ALTER TABLE `colaborador` ENABLE KEYS */;
UNLOCK TABLES;

--
-- Table structure for table `contato_cliente`
--

DROP TABLE IF EXISTS `contato_cliente`;
/*!40101 SET @saved_cs_client     = @@character_set_client */;
/*!50503 SET character_set_client = utf8mb4 */;
CREATE TABLE `contato_cliente` (
  `idcontato` int(11) NOT NULL AUTO_INCREMENT,
  `cliente_id` int(11) DEFAULT NULL,
  `email` varchar(50) COLLATE utf8mb4_unicode_ci NOT NULL,
  `nome_contato` varchar(50) COLLATE utf8mb4_unicode_ci NOT NULL,
  `cargo` varchar(50) COLLATE utf8mb4_unicode_ci NOT NULL,
  PRIMARY KEY (`idcontato`),
  KEY `fk_contato_cliente` (`cliente_id`),
  CONSTRAINT `fk_contato_cliente` FOREIGN KEY (`cliente_id`) REFERENCES `cliente` (`idcliente`)
) ENGINE=InnoDB AUTO_INCREMENT=38 DEFAULT CHARSET=utf8mb4 COLLATE=utf8mb4_unicode_ci;
/*!40101 SET character_set_client = @saved_cs_client */;

--
-- Dumping data for table `contato_cliente`
--

LOCK TABLES `contato_cliente` WRITE;
/*!40000 ALTER TABLE `contato_cliente` DISABLE KEYS */;
INSERT INTO `contato_cliente` VALUES (8,15,'renata@renatacafaro.com.br','Renata Cafaro','Decoradora'),(9,15,'renata@danpris.com.br','Renata Arnostti','Arq Executivo'),(10,15,'michelle@danpris.com.br','Michelle Alves','Gerente Incorporação'),(11,4,'anaczanonn@gmail.com','',''),(12,4,'ppaulohzanon@gmail.com','',''),(13,4,'Dparanhos@fgmf.com.br','',''),(14,4,'Cferraz@fgmf.com.br','',''),(15,4,'Forte@fgmf.com.br','',''),(16,4,'533int@fgmf.com.br','',''),(17,4,'533arq@fgmf.com.br','',''),(18,20,'arquitetura@soucapitali.com.br','',''),(19,20,'fernando@soucapitali.com.br','',''),(20,1,'engenharia@msantosconstrutora.com.br','',''),(21,1,'arquitetura@msantos.com.br','',''),(22,16,'Fernando@dimensionalengenharia.com.br','',''),(23,16,'Alex@dimensionalengenharia.com.br','',''),(24,13,'rafaelluisotto@gmail.com','',''),(25,13,'rafael@ottoempreendimentos.com.br','',''),(26,13,'carolinafortinho@gmail.com','',''),(27,3,'francieli@rdo.com.br','Francieli',''),(28,3,'luise@rdo.com.br','Luise',''),(29,10,'projetos@inovarhabitacional.com.br','',''),(30,10,'projetos1@inovarhabitacional.com.br','',''),(31,10,'projetos2@inovarhabitacional.com.br','',''),(32,10,'gustavo@inovarhabitacional.com.br','',''),(33,23,'mateuscarelli@gmail.com','Mateus Carelli',''),(34,23,'cauey@cauey.com','Cauey',''),(35,22,'felipe@barbieriadv.com','Felipe',''),(36,22,'julian@voo.arq.br','Julian','Arquiteto'),(37,17,'eluize@mendes.life','','');
/*!40000 ALTER TABLE `contato_cliente` ENABLE KEYS */;
UNLOCK TABLES;

--
-- Table structure for table `controle_comercial`
--

DROP TABLE IF EXISTS `controle_comercial`;
/*!40101 SET @saved_cs_client     = @@character_set_client */;
/*!50503 SET character_set_client = utf8mb4 */;
CREATE TABLE `controle_comercial` (
  `idcontrole` int(11) NOT NULL AUTO_INCREMENT,
  `resp` varchar(50) COLLATE utf8mb4_unicode_ci NOT NULL,
  `contato` varchar(100) COLLATE utf8mb4_unicode_ci NOT NULL,
  `construtora` varchar(100) COLLATE utf8mb4_unicode_ci NOT NULL,
  `obra` varchar(100) COLLATE utf8mb4_unicode_ci NOT NULL,
  `valor` double NOT NULL,
  `status` varchar(50) COLLATE utf8mb4_unicode_ci NOT NULL,
  `mes` varchar(50) COLLATE utf8mb4_unicode_ci NOT NULL,
  `ano` year(4) NOT NULL,
  PRIMARY KEY (`idcontrole`)
) ENGINE=InnoDB AUTO_INCREMENT=225 DEFAULT CHARSET=utf8mb4 COLLATE=utf8mb4_unicode_ci;
/*!40101 SET character_set_client = @saved_cs_client */;

--
-- Dumping data for table `controle_comercial`
--

LOCK TABLES `controle_comercial` WRITE;
/*!40000 ALTER TABLE `controle_comercial` DISABLE KEYS */;
INSERT INTO `controle_comercial` VALUES (107,'Diogo','Airton','Kreich','Sense',60000,'Fechado','Janeiro',2024),(108,'Diogo','Lucas Mafra','HSantos Empreendimentos','Rua 129 A1',40000,'Fechado','Janeiro',2024),(109,'Diogo','Ana Lins','Fatima','Serene homes Portugal Moita',0,'Perdido','',2024),(110,'Diogo','Pricila','Pasqualotto&GT','Yachthouse, Vitra e La Cittá - Salas comerciais',0,'Perdido','',2024),(111,'Diogo','Caro Fortinho','AsSócias','Documental Toninho',0,'Perdido','',2024),(112,'Diogo','Thiago','Canet Júnior','Conjunto Habitacional',0,'Perdido','',2024),(113,'Diogo','Camilla','MSantos','360° La Vie',0,'Perdido','',2024),(114,'Diogo','Camilla','MSantos','La Vie - FIlme e 360°',0,'Perdido','',2024),(115,'Diogo','Camilla','MSantos','La Vie - FIlme e 360° - Opção B',0,'Perdido','',2024),(116,'Diogo','Caro fortinho','SDS Empreendimentos','Miami Beach',0,'Perdido','',2024),(117,'Diogo','Lucas Mafra','HSantos Empreendimentos','Rua 236',24500,'Fechado','Fevereiro',2024),(118,'Diogo','Lucas Mafra','HSantos Empreendimentos','The River - Alterações',0,'Perdido','',2024),(119,'Diogo','Maycol Marini','Maybelly','Maybelly - OPorto',0,'Perdido','',2024),(120,'Diogo','Alan Toigo','DOMINI','Morro das Pedras',68700,'Fechado','Fevereiro',2024),(121,'Diogo','Filipe','CIBEA','Filme Institucional',0,'Aberto','',2024),(122,'Diogo','Gustavo','INOVAR','Lançamentos 2024',87000,'Fechado','Fevereiro',2024),(123,'Diogo','Nathalia','Mendes','KZA',15000,'Fechado','Fevereiro',2024),(124,'Diogo','Jean','Paísbrasil Empreendimentos','Filme Institucional',0,'Perdido','',2024),(125,'Diogo','Marco Buka Design','Sunprime','Filme Institucional',0,'Perdido','',2024),(126,'Diogo','Raphael Passos','KMK Empreendimentos','Evidencias',0,'Perdido','',2024),(127,'Diogo','Raphael Passos','KMK Empreendimentos','Evidencias',0,'Perdido','',2024),(128,'Diogo','Camilla','MSantos','The Line',54750,'Fechado','Abril',2024),(129,'Diogo','Rodrigo Mendes','N1 Construtora','Videos para datas comemorativas',0,'Perdido','',2024),(130,'Diogo','Enzo Teodoro Rehm','ETR ZION Construtora e Incorporadora','Mediterrâneo Tower',0,'Perdido','',2024),(131,'Diogo','Nathalia','Mendes','KZA - Extra',1350,'Fechado','Março',2024),(132,'Diogo','Henrique','AYA Empreendimentos','Aya Casas - Fachadas extras',0,'Perdido','',2024),(133,'Diogo','João Paulo Packer Silva','Silva Packer Construtora','Palácio Elisabeth - Ateração de projeto',8000,'Fechado','Abril',2024),(134,'Diogo','Mauricio','J.Mauricio imobiliária','',0,'Perdido','',2024),(135,'Diogo','Marco Buka Design','Sunprime','Filme Institucional - Opção 1 diaria',0,'Perdido','',2024),(136,'Diogo','Daniela','FG Empreendimentos','Grand Place Tower 360°',0,'Perdido','',2024),(137,'Diogo','Paulo Henrique Zanon','Phacz Empreendimentos','Costão',0,'Perdido','',2024),(138,'Diogo','Paulo Henrique Zanon','Phacz Empreendimentos','Netuno II',132000,'Fechado','Maio',2024),(139,'Diogo','Daniela','FG Empreendimentos','Horizon Tower 360°',0,'Perdido','',2024),(140,'Diogo','Sabine','FG Empreendimentos ','Triumph Tower - Novas',55000,'Fechado','Maio',2024),(141,'Diogo','Tiago Tamanini','TAMA','Estimativa',0,'Perdido','',2024),(142,'Diogo','Felipe Barbieri','Strand Sports','Spadel',0,'Perdido','',2024),(143,'Diogo','Stephane Domeneghini','Grupo FG','Filme conceito FG Talls',20000,'Fechado','Abril',2024),(144,'Diogo','Rafael Otto','Otto Administradora e Incorporadora de Bens','Infinity - Imagens extras',6500,'Fechado','Abril',2024),(145,'Diogo','Leticia','Occa Arquitetas Associadas','Residencias Rio Tavares',0,'Perdido','',2024),(146,'Diogo','Adriana Piva','Adriana Piva Arquitetura','Videos para REELS',0,'Perdido','',2024),(147,'Diogo','Felipe Barbieri','Strand Sports','Spadel',30000,'Fechado','Abril',2024),(148,'Diogo','Aylla Pimenta','Infinity CJ','Infinity CJ',0,'Perdido','',2024),(149,'Diogo','Marina - Escala, Metra','NF Empreendimentos','Filme Institucional',0,'Perdido','',2024),(150,'Diogo','Camilla','MSantos','Rua Manoel Silva',35000,'Fechado','Abril',2024),(151,'Diogo','Lucas Dos Anjos','Construtora Fasolo','Elysium Residence - Atualização das PHs',1400,'Fechado','Maio',2024),(152,'Diogo','Airton','Kreich','Sense - Extras',3800,'Fechado','Julho',2024),(153,'Diogo','Karolina Minnati','RZilli Itapema','LINEA - Fachada extra',1800,'Fechado','Maio',2024),(154,'Diogo','Marlon Campiol','ERS Empreendimentos','San Paolo Residence Alterações',3600,'Fechado','Maio',2024),(155,'Diogo','Rafael Otto','Otto Administradora e Incorporadora de Bens','Residencial em Piçarras',77000,'Fechado','Julho',2024),(156,'Diogo','Guillermo','AYA Empreendimentos','Video Promocional Aya',10000,'Fechado','Maio',2024),(157,'Diogo','Janaina','Raymundi','Filme Institucional',20000,'Fechado','Agosto',2024),(158,'Diogo','Maiara Marcolina','Construtora Zimmermann','Ammos 104',126000,'Fechado','Maio',2024),(159,'Diogo','Luise Deschamps','RDO Empreendimentos','Imersão Casa Cor',20000,'Fechado','Maio',2024),(160,'Diogo','Manoela','Edify','Edify One - Imagens extras 360',15000,'Fechado','Maio',2024),(161,'Diogo','Karol Monteiro','Amazon Fun Parks Empreendimentos','Amazon Fun Park Hotel Penha - Imagens 360',19500,'Fechado','Maio',2024),(162,'Diogo','Alan Toigo','DOMINI','AURA - Filme - Opção 5',0,'Perdido','',2024),(163,'Diogo','Alencar Pedro Tiepo','Jasc','Mascote Jasc',0,'Perdido','',2024),(164,'Diogo','Alan Toigo','DOMINI','AURA - Filme - Opção 5',0,'Perdido','',2024),(165,'Diogo','Pricila','Pasqualotto&GT','La Cittá - Apartamento',0,'Perdido','',2024),(166,'Diogo','Karolina','DiTrento','Lado di Garda',0,'Perdido','',2024),(167,'Diogo','Daniela','FG Empreendimentos','Reels de lançamentos',0,'Perdido','',2024),(168,'Diogo','Daniela','FG Empreendimentos','Tutoriais - Normas e procedimentos',0,'Perdido','',2024),(169,'Diogo','Alan Toigo','DOMINI','AURA - Filme - Opção 5',50000,'Fechado','Junho',2024),(170,'Diogo','Leandro','PH Empreendimentos','Filmes',26000,'Fechado','Agosto',2024),(171,'Diogo','Artur Coelho','ARS Kammer Construtora','Accendis Home Living - 360°',0,'Perdido','',2024),(172,'Diogo','Dyego dos Santos','X1 Arquitetos','Terrazzo',0,'Aberto','',2024),(173,'Diogo','Fábio','Bossa Empreendimentos','Filme Alma',0,'Perdido','',2024),(174,'Diogo','Guilherme Muller','M&M','Algarve',0,'Perdido','',2024),(175,'Diogo','Luise Deschamps','RDO Empreendimentos','Villa Vauban',38600,'Fechado','Julho',2024),(176,'Diogo','Lucas Mafra','HSantos Empreendimentos','Rua 256',34000,'Fechado','Julho',2024),(177,'Diogo','William Metzner','UNITÀ Empreendimentos','Rua 129',0,'Perdido','',2024),(178,'Diogo','Vlad','Orla Construtora e Incorporadora','The Avenue',0,'Aberto','',2024),(179,'Diogo','Thaís Figueiredo','Stafe Incorporações','Hotel Mirante morro da Lagoa',0,'Aberto','',2024),(180,'Diogo','Marina','NF Empreendimentos','Animações VFX',0,'Perdido','',2024),(181,'Diogo','Lucas Mafra','HSantos Empreendimentos','Apresentação Institucional',30000,'Fechado','Julho',2024),(182,'Diogo','Maicon','MD Empreendimentos','Residencial em Mariscal',0,'Aberto','',2024),(183,'Diogo','João Paulo Scharf','Inbrasul Empreendimentos','Linha Palm Club',0,'Aberto','',2024),(184,'Diogo','Artur Coelho','ARS Kammer Construtora','Filme institucional',18360,'Fechado','Agosto',2024),(185,'Diogo','Camilla','MSantos','Square - Filme',40000,'Fechado','Agosto',2024),(186,'Diogo','Guillermo','AYA Empreendimentos','Aya Casa - Imagens novas',18000,'Fechado','Agosto',2024),(187,'Diogo','Leandro - PH Empreendimentos - Filmes','PH Empreendimentos','Filmes',0,'Aberto','',2024),(188,'Diogo','Thaís Figueiredo','Stafe Incorporações','Hotel Mirante morro da Lagoa - Opção B',0,'Aberto','',2024),(189,'Diogo','Danilo','Estaleiro Kalmar','Nova Embarcação',0,'Aberto','',2024),(190,'Diogo','Lucas Mafra','Monticello','Fachadas',0,'Perdido','',2024),(191,'Diogo','Filipe','CIBEA','Riverside - Alteração de projeto',0,'Aberto','',2024),(192,'Diogo','Artur Coelho','ARS Kammer Construtora','Adaptação do Filme institucional',2000,'Fechado','Agosto',2024),(193,'Diogo','Lucas Mafra','HSantos Empreendimentos','Monticelli 129 - Retrabalho - Alteração de projeto',0,'Perdido','',2024),(194,'Diogo','Lucas Mafra','HSantos Empreendimentos','Monticello 129 - Novo Escopo',28000,'Fechado','Agosto',2024),(195,'Diogo','Gustavo','INOVAR','Lançamentos 2024 - Imagens Extras',7750,'Fechado','Setembro',2024),(196,'Diogo','Thaís Figueiredo','Stafe Incorporações','Hotel Mirante morro da Lagoa - Opção C',0,'Aberto','',2024),(197,'Diogo','Luise Deschamps','RDO Empreendimentos','Villa Vauban - Extras',1200,'Fechado','Agosto',2024),(198,'Diogo','Maiara Marcolina','Construtora Zimmermann','Ammos 104 - Animações adicionais',0,'Perdido','',2024),(199,'Diogo','Luise Deschamps','RDO Empreendimentos','Villa Vauban - FILME',35000,'Fechado','Setembro',2024),(200,'Diogo','Maiara Marcolina','Construtora Zimmermann','Ammos 104 - Imagens Extras',1800,'Fechado','Setembro',2024),(201,'Diogo','Paulo Henrique Zanon','Phacz Empreendimentos','VIBRA - Teasers extras',11000,'Fechado','Setembro',2024),(202,'Diogo','Nathalia','Mendes','Brava Collection Exclusive Residences',12000,'Fechado','Setembro',2024),(203,'Diogo','Leandro','PH Empreendimentos','Filme conceito DUBAI',65000,'Fechado','Setembro',2024),(204,'Diogo','Lucas Mafra','HSantos Empreendimentos','Classic 236 - Alteração de projeto',0,'Aberto','',2024),(205,'Carol','As socias ','MSI Empreendimentos ','FLOW 75',0,'Aberto','',2024),(206,'Carol','','','',0,'Aberto','',2024),(207,'Carol','Michele - Elaine','Danpris ','UPPER THREE',0,'Fechado','Setembro',2024),(208,'Carol','','Shapira ','Gran Shapira ',0,'Perdido','',2024),(209,'Carol','','','',0,'Aberto','',2024),(210,'Carol','Silvia e Erico ','BFABRINI ','Ferro Velho ',0,'Aberto','',2024),(211,'Carol','Rodrigo ','PAX Empreendimentos ','Pax Residencial ',0,'Perdido','',2024),(212,'Carol','Bruno ','Pedra Branca ','',0,'Aberto','',2024),(213,'Carol','Ana Paula ','Stein Construtora ','Hospital',0,'Perdido','',2024),(214,'Carol','Ana Paula ','Stein Construtora ','Edificaçao Multifamilar',0,'Perdido','',2024),(215,'Carol','Douglas ','Braxcon ','-------',0,'Aberto','',2024),(216,'Carol','Mateus ','Carelli Construtora ','Alameda ',0,'Aberto','',2024),(217,'Carol','Marcelo e Erico ','BFABRINI ','Bosco ',0,'Aberto','',2024),(218,'Carol','Marcelo e Erico ','BFABRINI ','Majestic ',0,'Aberto','',2024),(219,'Carol','Agata ','Hurbana ','NU13',0,'Perdido','',2024),(220,'Carol','Anne ','Capitali Construtora ','-------',0,'Fechado','Setembro',2024),(221,'Carol','Luiz ','CEG ','UPPER HL ',0,'Aberto','',2024),(222,'Carol','Paulo ','Grupo Ipe ','',0,'Aberto','',2024),(223,'Carol','Cristiano ','Petrus ','',0,'Aberto','',2024),(224,'Carol','Alex e Gilmar ','Linear ','Brusque e Brava ',0,'Fechado','Setembro',2024);
/*!40000 ALTER TABLE `controle_comercial` ENABLE KEYS */;
UNLOCK TABLES;

--
-- Table structure for table `endereco`
--

DROP TABLE IF EXISTS `endereco`;
/*!40101 SET @saved_cs_client     = @@character_set_client */;
/*!50503 SET character_set_client = utf8mb4 */;
CREATE TABLE `endereco` (
  `idendereco` int(11) NOT NULL AUTO_INCREMENT,
  `usuario_id` int(11) NOT NULL,
  `rua` varchar(50) COLLATE utf8mb4_unicode_ci NOT NULL,
  `numero` int(11) NOT NULL,
  `bairro` varchar(50) COLLATE utf8mb4_unicode_ci NOT NULL,
  `complemento` varchar(50) COLLATE utf8mb4_unicode_ci NOT NULL,
  `cep` int(11) NOT NULL,
  PRIMARY KEY (`idendereco`),
  KEY `usuario_endereco` (`usuario_id`),
  CONSTRAINT `usuario_endereco` FOREIGN KEY (`usuario_id`) REFERENCES `usuario` (`idusuario`)
) ENGINE=InnoDB AUTO_INCREMENT=8 DEFAULT CHARSET=utf8mb4 COLLATE=utf8mb4_unicode_ci;
/*!40101 SET character_set_client = @saved_cs_client */;

--
-- Dumping data for table `endereco`
--

LOCK TABLES `endereco` WRITE;
/*!40000 ALTER TABLE `endereco` DISABLE KEYS */;
INSERT INTO `endereco` VALUES (1,1,'Rua Pedro Bonifácio Sabel',160,'Margem Esquerda','',89116658),(2,2,'Rua Sueli Cândido Machado Campagnolo',67,'Itoupavazinha','casa 02',89070538),(4,9,'Rua Barão de Capanema',104,'Garcia','Apartamento 23',89022440),(5,12,'Rua Aderaldo de Moraes',281,'Parque Residencial Eloy Chaves','',13212180),(6,14,'Rua Ponta Grossa',123,'Encano do Norte','Casa com muro chumbo',89085530),(7,16,'Rua Pica-pau',12,'Ariribá','CASA',88338530);
/*!40000 ALTER TABLE `endereco` ENABLE KEYS */;
UNLOCK TABLES;

--
-- Table structure for table `faturamento`
--

DROP TABLE IF EXISTS `faturamento`;
/*!40101 SET @saved_cs_client     = @@character_set_client */;
/*!50503 SET character_set_client = utf8mb4 */;
CREATE TABLE `faturamento` (
  `idfaturamento` int(11) NOT NULL AUTO_INCREMENT,
  `ano` int(11) DEFAULT NULL,
  `imagem_id` int(11) DEFAULT NULL,
  `cliente_id` int(11) DEFAULT NULL,
  `obra_id` int(11) DEFAULT NULL,
  `status_pagamento` tinyint(1) DEFAULT NULL,
  `obs` varchar(50) COLLATE utf8mb4_unicode_ci DEFAULT NULL,
  `valor` double DEFAULT NULL,
  `funcao_id` int(11) DEFAULT NULL,
  PRIMARY KEY (`idfaturamento`),
  KEY `imagem_id` (`imagem_id`),
  KEY `cliente_id` (`cliente_id`),
  KEY `obra_id` (`obra_id`),
  KEY `funcao_faturamento` (`funcao_id`),
  KEY `ano_faturamento` (`ano`),
  CONSTRAINT `ano_faturamento` FOREIGN KEY (`ano`) REFERENCES `ano` (`idano`),
  CONSTRAINT `faturamento_ibfk_1` FOREIGN KEY (`imagem_id`) REFERENCES `imagens_cliente_obra` (`idimagens_cliente_obra`),
  CONSTRAINT `faturamento_ibfk_2` FOREIGN KEY (`cliente_id`) REFERENCES `cliente` (`idcliente`),
  CONSTRAINT `faturamento_ibfk_3` FOREIGN KEY (`obra_id`) REFERENCES `obra` (`idobra`),
  CONSTRAINT `funcao_faturamento` FOREIGN KEY (`funcao_id`) REFERENCES `funcao` (`idfuncao`)
) ENGINE=InnoDB AUTO_INCREMENT=256 DEFAULT CHARSET=utf8mb4 COLLATE=utf8mb4_unicode_ci;
/*!40101 SET character_set_client = @saved_cs_client */;

--
-- Dumping data for table `faturamento`
--

LOCK TABLES `faturamento` WRITE;
/*!40000 ALTER TABLE `faturamento` DISABLE KEYS */;
INSERT INTO `faturamento` VALUES (1,1,1,1,1,0,NULL,0,NULL),(2,1,2,1,1,0,NULL,0,NULL),(3,1,3,1,1,0,NULL,0,NULL),(4,1,4,1,1,0,NULL,0,NULL),(5,1,5,1,1,0,NULL,0,NULL),(6,1,6,1,1,0,NULL,0,NULL),(7,1,7,1,1,0,NULL,0,NULL),(8,1,8,1,1,0,NULL,0,NULL),(9,1,9,1,1,0,NULL,0,NULL),(10,1,10,1,1,0,NULL,0,NULL),(11,1,11,1,1,0,NULL,0,NULL),(12,1,12,1,1,0,NULL,0,NULL),(13,1,13,1,1,0,NULL,0,NULL),(14,1,14,1,1,0,NULL,0,NULL),(15,1,15,1,1,0,NULL,0,NULL),(16,1,16,1,1,0,NULL,0,NULL),(17,1,17,1,1,0,NULL,0,NULL),(18,1,18,1,1,0,NULL,0,NULL),(19,1,19,1,1,0,NULL,0,NULL),(20,1,20,1,1,0,NULL,0,NULL),(21,1,30,3,3,0,NULL,0,NULL),(22,1,31,3,3,0,NULL,0,NULL),(23,1,32,3,3,0,NULL,0,NULL),(24,1,33,3,3,0,NULL,0,NULL),(25,1,34,3,3,0,NULL,0,NULL),(26,1,35,3,3,0,NULL,0,NULL),(27,1,36,3,3,0,NULL,0,NULL),(28,1,37,3,3,0,NULL,0,NULL),(29,1,38,3,3,0,NULL,0,NULL),(30,1,39,3,3,0,NULL,0,NULL),(31,1,40,3,3,0,NULL,0,NULL),(32,1,41,3,3,0,NULL,0,NULL),(33,1,42,3,3,0,NULL,0,NULL),(34,1,43,3,3,0,NULL,0,NULL),(35,1,44,3,3,0,NULL,0,NULL),(36,1,45,3,3,0,NULL,0,NULL),(37,1,46,3,3,0,NULL,0,NULL),(38,1,47,3,3,0,NULL,0,NULL),(39,1,48,3,3,0,NULL,0,NULL),(40,1,49,3,3,0,NULL,0,NULL),(41,1,50,3,3,0,NULL,0,NULL),(42,1,51,3,3,0,NULL,0,NULL),(43,1,52,3,3,0,NULL,0,NULL),(44,1,53,3,3,0,NULL,0,NULL),(45,1,54,4,4,0,NULL,0,NULL),(46,1,55,4,4,0,NULL,0,NULL),(47,1,56,4,4,0,NULL,0,NULL),(48,1,57,4,4,0,NULL,0,NULL),(49,1,58,4,4,0,NULL,0,NULL),(50,1,59,4,4,0,NULL,0,NULL),(51,1,60,4,4,0,NULL,0,NULL),(52,1,61,4,4,0,NULL,0,NULL),(53,1,62,4,4,0,NULL,0,NULL),(54,1,63,4,4,0,NULL,0,NULL),(55,1,64,4,4,0,NULL,0,NULL),(56,1,65,4,4,0,NULL,0,NULL),(57,1,66,4,4,0,NULL,0,NULL),(58,1,67,4,4,0,NULL,0,NULL),(59,1,68,4,4,0,NULL,0,NULL),(60,1,69,4,4,0,NULL,0,NULL),(61,1,70,4,4,0,NULL,0,NULL),(62,1,71,4,4,0,NULL,0,NULL),(63,1,72,4,4,0,NULL,0,NULL),(64,1,73,4,4,0,NULL,0,NULL),(65,1,74,4,4,0,NULL,0,NULL),(66,1,75,4,4,0,NULL,0,NULL),(67,1,76,4,4,0,NULL,0,NULL),(68,1,77,4,4,0,NULL,0,NULL),(69,1,78,4,4,0,NULL,0,NULL),(70,1,79,4,4,0,NULL,0,NULL),(71,1,80,4,4,0,NULL,0,NULL),(72,1,81,4,4,0,NULL,0,NULL),(73,1,82,4,4,0,NULL,0,NULL),(74,1,83,4,4,0,NULL,0,NULL),(75,1,84,4,4,0,NULL,0,NULL),(76,1,85,4,4,0,NULL,0,NULL),(77,1,86,4,4,0,NULL,0,NULL),(78,1,87,4,4,0,NULL,0,NULL),(79,1,88,4,4,0,NULL,0,NULL),(80,1,89,4,4,0,NULL,0,NULL),(81,1,90,4,4,0,NULL,0,NULL),(82,1,91,4,4,0,NULL,0,NULL),(83,1,92,4,4,0,NULL,0,NULL),(84,1,21,5,5,0,NULL,0,NULL),(85,1,22,5,5,0,NULL,0,NULL),(86,1,23,5,5,0,NULL,0,NULL),(87,1,24,5,5,0,NULL,0,NULL),(88,1,25,5,5,0,NULL,0,NULL),(89,1,26,5,5,0,NULL,0,NULL),(90,1,27,5,5,0,NULL,0,NULL),(91,1,28,5,5,0,NULL,0,NULL),(92,1,29,5,5,0,NULL,0,NULL),(93,1,93,6,6,0,NULL,0,NULL),(94,1,94,6,6,0,NULL,0,NULL),(95,1,95,6,6,0,NULL,0,NULL),(96,1,96,6,6,0,NULL,0,NULL),(97,1,97,6,6,0,NULL,0,NULL),(98,1,98,6,6,0,NULL,0,NULL),(99,1,99,6,6,0,NULL,0,NULL),(100,1,100,6,6,0,NULL,0,NULL),(101,1,101,6,6,0,NULL,0,NULL),(102,1,102,6,6,0,NULL,0,NULL),(103,1,103,6,6,0,NULL,0,NULL),(104,1,104,6,6,0,NULL,0,NULL),(105,1,105,6,6,0,NULL,0,NULL),(106,1,106,6,6,0,NULL,0,NULL),(107,1,107,6,6,0,NULL,0,NULL),(108,1,108,6,6,0,NULL,0,NULL),(109,1,109,6,6,0,NULL,0,NULL),(110,1,110,6,6,0,NULL,0,NULL),(111,1,111,6,6,0,NULL,0,NULL),(112,1,112,6,6,0,NULL,0,NULL),(113,1,113,6,6,0,NULL,0,NULL),(114,1,114,6,16,0,NULL,0,NULL),(115,1,115,6,16,0,NULL,0,NULL),(116,1,116,6,16,0,NULL,0,NULL),(117,1,117,6,16,0,NULL,0,NULL),(118,1,118,6,16,0,NULL,0,NULL),(119,1,119,6,16,0,NULL,0,NULL),(120,1,120,6,16,0,NULL,0,NULL),(121,1,121,6,16,0,NULL,0,NULL),(122,1,122,6,16,0,NULL,0,NULL),(123,1,123,6,16,0,NULL,0,NULL),(124,1,124,6,16,0,NULL,0,NULL),(125,1,125,6,16,0,NULL,0,NULL),(126,1,126,6,16,0,NULL,0,NULL),(127,1,127,6,16,0,NULL,0,NULL),(128,1,128,6,16,0,NULL,0,NULL),(129,1,129,6,16,0,NULL,0,NULL),(130,1,130,6,16,0,NULL,0,NULL),(131,1,131,6,16,0,NULL,0,NULL),(132,1,132,6,16,0,NULL,0,NULL),(133,1,133,6,16,0,NULL,0,NULL),(134,1,134,6,16,0,NULL,0,NULL),(135,1,135,6,16,0,NULL,0,NULL),(136,1,136,6,16,0,NULL,0,NULL),(137,1,137,6,16,0,NULL,0,NULL),(138,1,138,6,16,0,NULL,0,NULL),(139,1,139,6,16,0,NULL,0,NULL),(140,1,140,6,16,0,NULL,0,NULL),(141,1,141,6,16,0,NULL,0,NULL),(142,1,142,6,16,0,NULL,0,NULL),(143,1,143,6,16,0,NULL,0,NULL),(144,1,144,6,16,0,NULL,0,NULL),(145,1,145,6,16,0,NULL,0,NULL),(146,1,146,6,16,0,NULL,0,NULL),(147,1,147,6,16,0,NULL,0,NULL),(148,1,148,6,16,0,NULL,0,NULL),(149,1,149,6,16,0,NULL,0,NULL),(150,1,150,6,16,0,NULL,0,NULL),(151,1,151,6,16,0,NULL,0,NULL),(152,1,152,6,16,0,NULL,0,NULL),(153,1,153,6,16,0,NULL,0,NULL),(154,1,180,8,8,0,NULL,0,NULL),(155,1,181,8,8,0,NULL,0,NULL),(156,1,182,8,8,0,NULL,0,NULL),(157,1,183,8,8,0,NULL,0,NULL),(158,1,184,8,8,0,NULL,0,NULL),(159,1,185,8,8,0,NULL,0,NULL),(160,1,186,8,8,0,NULL,0,NULL),(161,1,214,8,8,0,NULL,0,NULL),(162,1,215,8,8,0,NULL,0,NULL),(163,1,216,8,8,0,NULL,0,NULL),(164,1,217,8,8,0,NULL,0,NULL),(165,1,218,8,8,0,NULL,0,NULL),(166,1,219,8,8,0,NULL,0,NULL),(167,1,220,8,8,0,NULL,0,NULL),(168,1,221,8,8,0,NULL,0,NULL),(169,1,222,8,8,0,NULL,0,NULL),(170,1,223,8,8,0,NULL,0,NULL),(171,1,224,8,8,0,NULL,0,NULL),(172,1,225,8,8,0,NULL,0,NULL),(173,1,226,8,8,0,NULL,0,NULL),(174,1,227,8,8,0,NULL,0,NULL),(175,1,228,8,8,0,NULL,0,NULL),(176,1,229,8,8,0,NULL,0,NULL),(177,1,230,8,8,0,NULL,0,NULL),(178,1,231,8,8,0,NULL,0,NULL),(179,1,232,8,8,0,NULL,0,NULL),(180,1,233,8,8,0,NULL,0,NULL),(181,1,234,8,8,0,NULL,0,NULL),(182,1,235,8,8,0,NULL,0,NULL),(183,1,236,8,8,0,NULL,0,NULL),(184,1,237,8,8,0,NULL,0,NULL),(185,1,238,8,8,0,NULL,0,NULL),(186,1,154,13,17,0,NULL,0,NULL),(187,1,155,13,17,0,NULL,0,NULL),(188,1,156,13,17,0,NULL,0,NULL),(189,1,157,13,17,0,NULL,0,NULL),(190,1,158,13,17,0,NULL,0,NULL),(191,1,159,13,17,0,NULL,0,NULL),(192,1,160,13,17,0,NULL,0,NULL),(193,1,161,13,17,0,NULL,0,NULL),(194,1,162,13,17,0,NULL,0,NULL),(195,1,163,13,17,0,NULL,0,NULL),(196,1,164,13,17,0,NULL,0,NULL),(197,1,165,13,17,0,NULL,0,NULL),(198,1,166,13,17,0,NULL,0,NULL),(199,1,167,13,17,0,NULL,0,NULL),(200,1,168,13,17,0,NULL,0,NULL),(201,1,169,13,17,0,NULL,0,NULL),(202,1,170,13,17,0,NULL,0,NULL),(203,1,171,13,17,0,NULL,0,NULL),(204,1,172,13,17,0,NULL,0,NULL),(205,1,173,13,17,0,NULL,0,NULL),(206,1,174,13,17,0,NULL,0,NULL),(207,1,175,13,17,0,NULL,0,NULL),(208,1,176,13,17,0,NULL,0,NULL),(209,1,177,13,17,0,NULL,0,NULL),(210,1,178,13,17,0,NULL,0,NULL),(211,1,179,13,17,0,NULL,0,NULL),(212,1,187,14,18,0,NULL,0,NULL),(213,1,188,14,18,0,NULL,0,NULL),(214,1,189,14,18,0,NULL,0,NULL),(215,1,190,14,18,0,NULL,0,NULL),(216,1,191,14,18,0,NULL,0,NULL),(217,1,192,14,18,0,NULL,0,NULL),(218,1,193,14,18,0,NULL,0,NULL),(219,1,194,14,18,0,NULL,0,NULL),(220,1,195,14,18,0,NULL,0,NULL),(221,1,196,14,18,0,NULL,0,NULL),(222,1,197,14,18,0,NULL,0,NULL),(223,1,198,14,18,0,NULL,0,NULL),(224,1,199,14,18,0,NULL,0,NULL),(225,1,200,14,18,0,NULL,0,NULL),(226,1,201,14,18,0,NULL,0,NULL),(227,1,202,14,18,0,NULL,0,NULL),(228,1,203,14,18,0,NULL,0,NULL),(229,1,204,14,18,0,NULL,0,NULL),(230,1,205,14,18,0,NULL,0,NULL),(231,1,206,14,18,0,NULL,0,NULL),(232,1,207,14,18,0,NULL,0,NULL),(233,1,208,14,18,0,NULL,0,NULL),(234,1,209,14,18,0,NULL,0,NULL),(235,1,210,14,18,0,NULL,0,NULL),(236,1,211,14,18,0,NULL,0,NULL),(237,1,212,14,18,0,NULL,0,NULL),(238,1,213,14,18,0,NULL,0,NULL);
/*!40000 ALTER TABLE `faturamento` ENABLE KEYS */;
UNLOCK TABLES;

--
-- Table structure for table `funcao`
--

DROP TABLE IF EXISTS `funcao`;
/*!40101 SET @saved_cs_client     = @@character_set_client */;
/*!50503 SET character_set_client = utf8mb4 */;
CREATE TABLE `funcao` (
  `idfuncao` int(11) NOT NULL AUTO_INCREMENT,
  `nome_funcao` varchar(45) NOT NULL,
  PRIMARY KEY (`idfuncao`)
) ENGINE=InnoDB AUTO_INCREMENT=9 DEFAULT CHARSET=latin1;
/*!40101 SET character_set_client = @saved_cs_client */;

--
-- Dumping data for table `funcao`
--

LOCK TABLES `funcao` WRITE;
/*!40000 ALTER TABLE `funcao` DISABLE KEYS */;
INSERT INTO `funcao` VALUES (1,'Caderno'),(2,'Modelagem'),(3,'Composição'),(4,'Finalização'),(5,'Pós-produção'),(6,'Alteração'),(7,'Planta Humanizada'),(8,'Filtro de assets');
/*!40000 ALTER TABLE `funcao` ENABLE KEYS */;
UNLOCK TABLES;

--
-- Table structure for table `funcao_imagem`
--

DROP TABLE IF EXISTS `funcao_imagem`;
/*!40101 SET @saved_cs_client     = @@character_set_client */;
/*!50503 SET character_set_client = utf8mb4 */;
CREATE TABLE `funcao_imagem` (
  `idfuncao_imagem` int(11) NOT NULL AUTO_INCREMENT,
  `imagem_id` int(11) NOT NULL,
  `colaborador_id` int(11) NOT NULL,
  `funcao_id` int(11) NOT NULL,
  `prazo` date DEFAULT NULL,
  `status` varchar(50) COLLATE utf8mb4_unicode_ci DEFAULT NULL,
  `observacao` varchar(255) COLLATE utf8mb4_unicode_ci DEFAULT NULL,
  `pagamento` tinyint(1) DEFAULT NULL,
  `valor` double DEFAULT NULL,
  PRIMARY KEY (`idfuncao_imagem`),
  UNIQUE KEY `unique_funcao_imagem` (`imagem_id`,`funcao_id`),
  KEY `colaborador_id` (`colaborador_id`),
  KEY `funcao_id` (`funcao_id`),
  KEY `status_funcao_imagem` (`status`),
  CONSTRAINT `funcao_imagem_ibfk_1` FOREIGN KEY (`imagem_id`) REFERENCES `imagens_cliente_obra` (`idimagens_cliente_obra`),
  CONSTRAINT `funcao_imagem_ibfk_2` FOREIGN KEY (`colaborador_id`) REFERENCES `colaborador` (`idcolaborador`),
  CONSTRAINT `funcao_imagem_ibfk_3` FOREIGN KEY (`funcao_id`) REFERENCES `funcao` (`idfuncao`)
) ENGINE=InnoDB AUTO_INCREMENT=16250 DEFAULT CHARSET=utf8mb4 COLLATE=utf8mb4_unicode_ci;
/*!40101 SET character_set_client = @saved_cs_client */;

--
-- Dumping data for table `funcao_imagem`
--

LOCK TABLES `funcao_imagem` WRITE;
/*!40000 ALTER TABLE `funcao_imagem` DISABLE KEYS */;
INSERT INTO `funcao_imagem` VALUES (1,30,8,4,'2024-08-16','Finalizado',NULL,0,0),(2,31,8,4,'2024-08-16','Finalizado',NULL,0,0),(3,32,8,4,'2024-08-16','Finalizado',NULL,0,0),(4,33,8,4,'2024-08-16','Finalizado',NULL,0,0),(8,36,10,4,'2024-08-28','Finalizado',NULL,0,0),(9,36,14,5,'2024-08-28','Finalizado',NULL,0,0),(11,30,14,5,'2024-08-16','Finalizado',NULL,0,0),(13,31,14,5,'2024-08-16','Finalizado',NULL,0,0),(15,32,14,5,'2024-08-16','Finalizado',NULL,0,0),(17,33,14,5,'2024-08-16','Finalizado',NULL,0,0),(18,34,4,2,'2024-07-28','Finalizado',NULL,0,0),(19,34,4,3,'2024-07-28','Finalizado',NULL,0,0),(20,34,10,4,'2024-08-28','Finalizado',NULL,0,0),(21,34,14,5,'2024-08-28','Finalizado',NULL,0,0),(22,35,4,2,'2024-07-28','Finalizado',NULL,0,0),(23,35,4,3,'2024-07-28','Finalizado',NULL,0,0),(24,35,10,4,'2024-08-28','Finalizado',NULL,0,0),(25,35,14,5,'2024-08-28','Finalizado',NULL,0,0),(26,36,4,2,'2024-07-28','Finalizado',NULL,0,15),(27,36,4,3,'2024-08-20','Finalizado',NULL,0,15),(30,37,4,2,'2024-07-28','Finalizado',NULL,0,15),(31,37,4,3,'2024-08-20','Finalizado',NULL,0,0),(32,37,6,4,'2024-08-22','Finalizado',NULL,0,0),(33,37,14,5,'2024-08-28','Finalizado',NULL,0,0),(38,38,4,2,'2024-08-17','Finalizado',NULL,0,0),(39,38,4,3,'2024-08-20','Finalizado',NULL,0,0),(40,38,6,4,'2024-08-21','Finalizado',NULL,0,0),(41,38,14,5,'2024-08-28','Finalizado',NULL,0,0),(42,39,4,2,'2024-07-28','Finalizado',NULL,0,0),(43,39,4,3,'2024-08-20','Finalizado',NULL,0,0),(44,39,10,4,'2024-08-28','Finalizado',NULL,0,0),(45,39,14,5,'2024-08-28','Finalizado',NULL,0,0),(58,40,4,3,'2024-08-21','Finalizado',NULL,0,0),(59,40,4,2,'2024-07-28','Finalizado',NULL,0,0),(60,40,10,4,'2024-08-28','Finalizado',NULL,0,0),(61,40,14,5,'2024-08-28','Finalizado',NULL,0,0),(62,41,4,3,'2024-08-15','Finalizado',NULL,0,0),(63,41,4,2,'2024-07-28','Finalizado',NULL,0,0),(64,41,10,4,'2024-08-28','Finalizado',NULL,0,0),(65,41,14,5,'2024-08-28','Finalizado',NULL,0,0),(66,42,4,3,'2024-08-13','Finalizado',NULL,0,0),(67,42,4,2,'2024-07-28','Finalizado',NULL,0,0),(68,42,10,4,'2024-08-28','Finalizado',NULL,0,0),(69,42,14,5,'2024-08-28','Finalizado',NULL,0,0),(70,43,4,3,'2024-08-22','Finalizado',NULL,0,0),(71,43,8,4,'2024-08-28','Finalizado',NULL,0,0),(72,43,14,5,'2024-08-28','Finalizado',NULL,0,0),(73,44,8,4,'2024-08-28','Finalizado',NULL,0,0),(74,44,14,5,'2024-08-28','Finalizado',NULL,0,0),(75,45,4,3,'2024-08-21','Finalizado',NULL,0,0),(76,45,4,2,'2024-07-29','Finalizado',NULL,0,0),(77,45,6,4,'2024-08-28','Finalizado',NULL,0,0),(78,45,14,5,'2024-08-28','Finalizado',NULL,0,0),(79,46,4,3,'2024-08-14','Finalizado',NULL,0,0),(80,46,4,2,'2024-07-29','Finalizado',NULL,0,0),(81,46,10,4,'2024-08-28','Finalizado',NULL,0,0),(82,46,14,5,'2024-08-28','Finalizado',NULL,0,0),(83,47,4,3,'2024-08-12','Finalizado',NULL,0,0),(84,47,4,2,'2024-07-29','Finalizado',NULL,0,0),(85,47,10,4,'2024-08-28','Finalizado',NULL,0,0),(86,47,14,5,'2024-08-28','Finalizado',NULL,0,0),(87,48,4,3,'2024-08-23','Finalizado',NULL,0,0),(88,48,8,4,'2024-08-28','Finalizado',NULL,0,0),(89,48,14,5,'2024-08-28','Finalizado',NULL,0,0),(90,49,4,3,'2024-08-23','Finalizado',NULL,0,0),(91,49,8,4,'2024-08-28','Finalizado',NULL,0,0),(92,49,14,5,'2024-08-28','Finalizado',NULL,0,0),(93,50,4,3,'2024-08-02','Finalizado',NULL,0,0),(94,50,4,2,'2024-07-29','Finalizado',NULL,0,0),(95,50,10,4,'2024-08-28','Finalizado',NULL,0,0),(96,50,14,5,'2024-09-28','Finalizado',NULL,0,0),(97,51,4,3,'2024-08-02','Finalizado',NULL,0,0),(98,51,4,2,'2024-07-29','Finalizado',NULL,0,0),(99,51,10,4,'2024-08-28','Finalizado',NULL,0,0),(100,51,14,5,'2024-08-28','Finalizado',NULL,0,0),(101,52,2,3,'2024-08-19','Finalizado',NULL,0,0),(102,52,2,2,'2024-08-19','Finalizado',NULL,0,0),(103,52,6,4,'2024-08-20','Finalizado',NULL,0,0),(104,52,14,5,'2024-08-28','Finalizado',NULL,0,0),(106,10,1,1,'2024-08-23','Finalizado',NULL,0,0),(107,10,10,3,'2024-09-05','Finalizado',NULL,0,0),(108,10,5,2,'2024-09-03','Finalizado',NULL,0,0),(109,10,10,4,'2024-09-05','Finalizado',NULL,0,0),(110,8,1,1,'2024-08-23','Finalizado',NULL,0,0),(111,8,10,3,'2024-09-04','Finalizado',NULL,0,0),(112,8,5,2,'2024-09-03','Finalizado',NULL,0,0),(113,8,10,4,'2024-09-04','Finalizado',NULL,0,0),(114,7,1,1,'2024-08-23','Finalizado',NULL,0,0),(115,7,10,3,'2024-09-04','Finalizado',NULL,0,0),(116,7,5,2,'2024-09-03','Finalizado',NULL,0,0),(117,7,10,4,'2024-09-04','Finalizado',NULL,0,0),(118,5,1,1,'2024-08-19','Finalizado',NULL,0,0),(119,5,5,2,'2024-09-02','Finalizado',NULL,0,0),(221,93,3,2,'2024-09-05','Não iniciado',NULL,0,0),(222,93,8,3,'2024-10-16','Finalizado',NULL,0,0),(223,93,8,4,'2024-10-31','Em andamento',NULL,0,0),(224,93,14,5,NULL,'Não iniciado',NULL,0,0),(225,94,3,2,NULL,'Não iniciado',NULL,0,0),(226,94,8,3,'2024-10-16','Finalizado',NULL,0,0),(227,94,8,4,'2024-10-16','Finalizado',NULL,0,0),(228,94,14,5,'2024-10-17','Finalizado',NULL,0,0),(229,95,3,2,NULL,'Não iniciado',NULL,0,0),(230,95,8,3,'2024-10-16','Finalizado',NULL,0,0),(231,95,8,4,'2024-10-16','Finalizado',NULL,0,0),(232,95,14,5,'2024-10-17','Finalizado',NULL,0,0),(233,96,1,1,NULL,'Finalizado',NULL,0,0),(234,96,3,2,NULL,'Não iniciado',NULL,0,0),(235,96,4,3,'2024-10-22','Finalizado','/clientes/2024/HSA_WIN/03.Models/Comp',0,0),(236,96,8,4,NULL,'Não iniciado',NULL,0,0),(237,96,14,5,NULL,'Não iniciado',NULL,0,0),(238,97,1,1,NULL,'Finalizado',NULL,0,0),(239,97,3,2,NULL,'Não iniciado',NULL,0,0),(240,97,4,3,'2024-11-25','Finalizado','/clientes/2024/HSA_WIN/03.Models/Comp',0,0),(241,97,8,4,NULL,'Não iniciado',NULL,0,0),(242,97,14,5,NULL,'Não iniciado',NULL,0,0),(243,98,1,1,NULL,'Finalizado',NULL,0,0),(244,98,2,2,'2024-10-02','Finalizado',NULL,0,0),(245,98,2,3,'2024-10-02','Finalizado','Y:\\02.Exchange\\Caio\\HSA_WIN',0,0),(246,98,10,4,'2024-10-10','Finalizado',NULL,0,0),(247,98,14,5,NULL,'Não iniciado',NULL,0,0),(248,99,1,1,NULL,'Finalizado',NULL,0,0),(249,99,4,2,'2024-10-10','Finalizado','\\clientes\\2024\\HSA_WIN\\03.Models\\Comp\\07_HSA_WIN_GourmetPiscina_001.zip',0,0),(250,99,4,3,'2024-10-10','Finalizado','\\clientes\\2024\\HSA_WIN\\03.Models\\Comp\\07_HSA_WIN_GourmetPiscina_001.zip',0,0),(251,99,6,4,'2024-10-15','Finalizado',NULL,0,0),(252,99,14,5,'2024-10-16','Finalizado',NULL,0,0),(253,100,1,1,NULL,'Finalizado',NULL,0,0),(254,100,2,2,'2024-09-27','Finalizado',NULL,0,0),(255,100,2,3,'2024-09-27','Finalizado','Y:\\02.Exchange\\Caio\\HSA_WIN',0,0),(256,100,6,4,'2014-10-02','Finalizado',NULL,0,0),(257,100,14,5,'2024-10-02','Finalizado',NULL,0,0),(258,101,1,1,NULL,'Finalizado',NULL,0,0),(259,101,4,2,'2024-10-12','Finalizado','\\clientes\\2024\\HSA_WIN\\03.Models\\Comp\\07_HSA_WIN_SalaoFestas_001.zip',0,0),(260,101,4,3,'2024-10-12','Finalizado','\\clientes\\2024\\HSA_WIN\\03.Models\\Comp\\07_HSA_WIN_SalaoFestaszip',0,0),(261,101,6,4,'2024-10-22','Finalizado',NULL,0,0),(262,101,14,5,'2024-10-23','Finalizado',NULL,0,0),(263,102,1,1,NULL,'Finalizado',NULL,0,0),(264,102,2,2,'2024-10-08','Finalizado',NULL,0,0),(265,102,2,3,'2024-10-08','Finalizado',NULL,0,0),(266,102,6,4,'2014-10-10','Finalizado',NULL,0,0),(267,102,14,5,'2024-10-10','Finalizado',NULL,0,0),(268,103,1,1,NULL,'Finalizado',NULL,0,0),(269,103,2,2,'2024-10-08','Finalizado',NULL,0,0),(270,103,2,3,'2024-10-08','Finalizado',NULL,0,0),(271,103,6,4,'2024-10-10','Finalizado',NULL,0,0),(272,103,14,5,'2024-10-10','Finalizado',NULL,0,0),(273,104,1,1,NULL,'Finalizado',NULL,0,0),(274,104,4,2,'2024-10-15','Finalizado','/clientes/2024/HSA_WIN/03.Models/Comp',0,0),(275,104,4,3,'2024-10-15','Finalizado','/clientes/2024/HSA_WIN/03.Models/Comp',0,0),(276,104,6,4,'2024-10-22','Finalizado',NULL,0,0),(277,104,14,5,'2024-10-23','Finalizado',NULL,0,0),(278,105,1,1,NULL,'Finalizado',NULL,0,0),(279,105,6,2,'2024-10-10','Finalizado',NULL,0,0),(280,105,6,3,'2024-10-10','Finalizado',NULL,0,0),(281,105,6,4,'2024-10-14','Finalizado',NULL,0,0),(282,105,14,5,'2024-10-14','Finalizado',NULL,0,0),(283,106,1,1,NULL,'Finalizado',NULL,0,0),(284,106,3,2,NULL,'Não iniciado',NULL,0,0),(285,106,4,3,'2024-11-26','Finalizado','/clientes/2024/HSA_WIN/03.Models/Comp',0,0),(286,106,8,4,NULL,'Não iniciado',NULL,0,0),(287,106,14,5,NULL,'Não iniciado',NULL,0,0),(288,107,1,1,NULL,'Finalizado',NULL,0,0),(289,107,3,2,NULL,'Não iniciado',NULL,0,0),(290,107,8,4,NULL,'Não iniciado',NULL,0,0),(291,107,14,5,NULL,'Não iniciado',NULL,0,0),(292,108,1,1,NULL,'Finalizado',NULL,0,0),(293,108,3,2,NULL,'Não iniciado',NULL,0,0),(294,108,8,4,NULL,'Não iniciado',NULL,0,0),(295,108,14,5,NULL,'Não iniciado',NULL,0,0),(296,109,1,1,NULL,'Finalizado',NULL,0,0),(297,109,5,2,'2024-10-16','Finalizado',NULL,0,0),(298,109,4,3,'2024-10-17','Finalizado',NULL,0,0),(299,109,6,4,'2024-10-23','Finalizado',NULL,0,0),(300,109,14,5,'2024-10-24','Finalizado',NULL,0,0),(301,110,1,1,NULL,'Finalizado',NULL,0,0),(302,110,5,2,NULL,'Finalizado',NULL,0,0),(303,110,6,4,'2024-10-23','Finalizado',NULL,0,0),(304,110,14,5,'2024-10-23','Finalizado',NULL,0,0),(305,111,1,1,NULL,'Finalizado',NULL,0,0),(306,111,5,2,'2024-10-15','Finalizado',NULL,0,0),(307,111,4,3,'2024-10-16','Finalizado','/clientes/2024/HSA_WIN/03.Models/Comp',0,0),(308,111,6,4,'2024-10-29','Finalizado',NULL,0,0),(309,111,14,5,'2024-10-30','Finalizado',NULL,0,0),(319,114,3,2,NULL,'Não iniciado',NULL,0,0),(320,114,8,3,NULL,'Não iniciado',NULL,0,0),(321,114,8,4,NULL,'Não iniciado',NULL,0,0),(322,114,14,5,NULL,'Não iniciado',NULL,0,0),(323,115,3,2,NULL,'Não iniciado',NULL,0,0),(324,115,8,3,NULL,'Não iniciado',NULL,0,0),(325,115,8,4,NULL,'Não iniciado',NULL,0,0),(326,115,14,5,NULL,'Não iniciado',NULL,0,0),(327,116,3,2,NULL,'Não iniciado',NULL,0,0),(328,116,8,3,NULL,'Não iniciado',NULL,0,0),(329,116,8,4,NULL,'Não iniciado',NULL,0,0),(330,116,14,5,NULL,'Não iniciado',NULL,0,0),(331,117,3,2,NULL,'Não iniciado',NULL,0,0),(332,117,8,3,NULL,'Não iniciado',NULL,0,0),(333,117,8,4,NULL,'Não iniciado',NULL,0,0),(334,117,14,5,NULL,'Não iniciado',NULL,0,0),(335,118,3,2,NULL,'Não iniciado',NULL,0,0),(336,118,8,3,NULL,'Não iniciado',NULL,0,0),(337,118,8,4,NULL,'Não iniciado',NULL,0,0),(338,118,14,5,NULL,'Não iniciado',NULL,0,0),(339,119,3,2,NULL,'Não iniciado',NULL,0,0),(340,119,8,3,NULL,'Não iniciado',NULL,0,0),(341,119,8,4,NULL,'Não iniciado',NULL,0,0),(342,119,14,5,NULL,'Não iniciado',NULL,0,0),(343,120,1,1,NULL,'HOLD',NULL,0,0),(344,120,5,2,NULL,'Não iniciado',NULL,0,0),(345,120,4,3,NULL,'Não iniciado',NULL,0,0),(346,120,6,4,NULL,'Não iniciado',NULL,0,0),(347,120,14,5,NULL,'Não iniciado',NULL,0,0),(348,121,1,1,NULL,'HOLD',NULL,0,0),(349,121,3,2,NULL,'Não iniciado',NULL,0,0),(350,121,4,3,NULL,'Não iniciado',NULL,0,0),(351,121,6,4,NULL,'Não iniciado',NULL,0,0),(352,121,14,5,NULL,'Não iniciado',NULL,0,0),(353,122,1,1,NULL,'HOLD',NULL,0,0),(354,122,3,2,NULL,'Não iniciado',NULL,0,0),(355,122,4,3,NULL,'Não iniciado',NULL,0,0),(356,122,6,4,NULL,'Não iniciado',NULL,0,0),(357,122,14,5,NULL,'Não iniciado',NULL,0,0),(358,123,1,1,NULL,'HOLD',NULL,0,0),(359,123,3,2,NULL,'Não iniciado',NULL,0,0),(360,123,4,3,NULL,'Não iniciado',NULL,0,0),(361,123,6,4,NULL,'Não iniciado',NULL,0,0),(362,123,14,5,NULL,'Não iniciado',NULL,0,0),(363,124,1,1,NULL,'HOLD',NULL,0,0),(364,124,5,2,NULL,'Não iniciado',NULL,0,0),(365,124,4,3,NULL,'Não iniciado',NULL,0,0),(366,124,6,4,NULL,'Não iniciado',NULL,0,0),(367,124,14,5,NULL,'Não iniciado',NULL,0,0),(368,125,1,1,NULL,'HOLD',NULL,0,0),(369,125,3,2,NULL,'Não iniciado',NULL,0,0),(370,125,4,3,NULL,'Não iniciado',NULL,0,0),(371,125,8,4,NULL,'Não iniciado',NULL,0,0),(372,125,14,5,NULL,'Não iniciado',NULL,0,0),(373,126,1,1,NULL,'HOLD',NULL,0,0),(374,126,3,2,NULL,'Não iniciado',NULL,0,0),(375,126,4,3,NULL,'Não iniciado',NULL,0,0),(376,126,8,4,NULL,'Não iniciado',NULL,0,0),(377,126,14,5,NULL,'Não iniciado',NULL,0,0),(378,127,1,1,NULL,'HOLD',NULL,0,0),(379,127,5,2,NULL,'Não iniciado',NULL,0,0),(380,127,4,3,NULL,'Não iniciado',NULL,0,0),(381,127,6,4,NULL,'Não iniciado',NULL,0,0),(382,127,14,5,NULL,'Não iniciado',NULL,0,0),(383,128,1,1,NULL,'HOLD',NULL,0,0),(384,128,3,2,NULL,'Não iniciado',NULL,0,0),(385,128,4,3,NULL,'Não iniciado',NULL,0,0),(386,128,8,4,NULL,'Não iniciado',NULL,0,0),(387,128,14,5,NULL,'Não iniciado',NULL,0,0),(388,129,1,1,NULL,'HOLD',NULL,0,0),(389,129,3,2,NULL,'Não iniciado',NULL,0,0),(390,129,4,3,NULL,'Não iniciado',NULL,0,0),(391,129,8,4,NULL,'Não iniciado',NULL,0,0),(392,129,14,5,NULL,'Não iniciado',NULL,0,0),(393,130,1,1,NULL,'HOLD',NULL,0,0),(394,130,3,2,NULL,'Não iniciado',NULL,0,0),(395,130,4,3,NULL,'Não iniciado',NULL,0,0),(396,130,8,4,NULL,'Não iniciado',NULL,0,0),(397,130,14,5,NULL,'Não iniciado',NULL,0,0),(398,131,1,1,NULL,'HOLD',NULL,0,0),(399,131,5,2,NULL,'Não iniciado',NULL,0,0),(400,131,4,3,NULL,'Não iniciado',NULL,0,0),(401,131,6,4,NULL,'Não iniciado',NULL,0,0),(402,131,14,5,NULL,'Não iniciado',NULL,0,0),(403,132,1,1,NULL,'HOLD',NULL,0,0),(404,132,5,2,NULL,'Não iniciado',NULL,0,0),(405,132,4,3,NULL,'Não iniciado',NULL,0,0),(406,132,6,4,NULL,'Não iniciado',NULL,0,0),(407,132,14,5,NULL,'Não iniciado',NULL,0,0),(408,133,1,1,NULL,'HOLD',NULL,0,0),(409,133,5,2,NULL,'Não iniciado',NULL,0,0),(410,133,4,3,NULL,'Não iniciado',NULL,0,0),(411,133,6,4,NULL,'Não iniciado',NULL,0,0),(412,133,14,5,NULL,'Não iniciado',NULL,0,0),(413,134,1,1,NULL,'HOLD',NULL,0,0),(414,134,5,2,NULL,'Não iniciado',NULL,0,0),(415,134,4,3,NULL,'Não iniciado',NULL,0,0),(416,134,6,4,NULL,'Não iniciado',NULL,0,0),(417,134,14,5,NULL,'Não iniciado',NULL,0,0),(418,135,1,1,NULL,'HOLD',NULL,0,0),(419,135,5,2,NULL,'Não iniciado',NULL,0,0),(420,135,4,3,NULL,'Não iniciado',NULL,0,0),(421,135,6,4,NULL,'Não iniciado',NULL,0,0),(422,135,14,5,NULL,'Não iniciado',NULL,0,0),(423,136,1,1,NULL,'HOLD',NULL,0,0),(424,136,5,2,NULL,'Não iniciado',NULL,0,0),(425,136,4,3,NULL,'Não iniciado',NULL,0,0),(426,136,6,4,NULL,'Não iniciado',NULL,0,0),(427,136,14,5,NULL,'Não iniciado',NULL,0,0),(428,137,1,1,NULL,'HOLD',NULL,0,0),(429,137,3,2,NULL,'Não iniciado',NULL,0,0),(430,137,4,3,NULL,'Não iniciado',NULL,0,0),(431,137,6,4,NULL,'Não iniciado',NULL,0,0),(432,137,14,5,NULL,'Não iniciado',NULL,0,0),(433,138,1,1,NULL,'HOLD',NULL,0,0),(434,138,5,2,NULL,'Não iniciado',NULL,0,0),(435,138,4,3,NULL,'Não iniciado',NULL,0,0),(436,138,6,4,NULL,'Não iniciado',NULL,0,0),(437,138,14,5,NULL,'Não iniciado',NULL,0,0),(438,139,1,1,'2024-11-04','Finalizado',NULL,0,0),(439,139,5,2,NULL,'Não iniciado',NULL,0,0),(440,139,4,3,NULL,'Não iniciado',NULL,0,0),(441,139,10,4,NULL,'Não iniciado',NULL,0,0),(442,139,14,5,NULL,'Não iniciado',NULL,0,0),(462,154,3,2,NULL,'Finalizado',NULL,0,0),(463,154,11,3,NULL,'Não iniciado',NULL,0,0),(464,154,11,4,NULL,'Não iniciado',NULL,0,0),(465,154,14,5,NULL,'Não iniciado',NULL,0,0),(466,155,3,2,NULL,'Finalizado',NULL,0,0),(467,155,11,3,NULL,'Não iniciado',NULL,0,0),(468,155,11,4,NULL,'Não iniciado',NULL,0,0),(469,155,14,5,NULL,'Não iniciado',NULL,0,0),(470,156,3,2,NULL,'Finalizado',NULL,0,0),(471,156,11,3,NULL,'Não iniciado',NULL,0,0),(472,156,11,4,NULL,'Não iniciado',NULL,0,0),(473,156,14,5,NULL,'Não iniciado',NULL,0,0),(474,157,3,2,NULL,'Finalizado',NULL,0,0),(475,157,11,3,NULL,'Não iniciado',NULL,0,0),(476,157,11,4,NULL,'Não iniciado',NULL,0,0),(477,157,14,5,NULL,'Não iniciado',NULL,0,0),(478,158,1,1,NULL,'Finalizado',NULL,0,0),(479,158,5,2,NULL,'Finalizado',NULL,0,0),(480,158,4,3,NULL,'Finalizado',NULL,0,0),(481,158,6,4,'2024-09-17','Finalizado',NULL,0,0),(482,158,14,5,NULL,'Não iniciado',NULL,0,0),(483,159,1,1,NULL,'Finalizado',NULL,0,0),(484,159,3,2,NULL,'Não iniciado',NULL,0,0),(485,159,4,3,NULL,'Não iniciado',NULL,0,0),(486,159,11,4,NULL,'Não iniciado',NULL,0,0),(487,159,14,5,NULL,'Não iniciado',NULL,0,0),(488,160,3,2,NULL,'Não iniciado',NULL,0,0),(489,160,11,4,NULL,'Não iniciado',NULL,0,0),(490,160,14,5,NULL,'Não iniciado',NULL,0,0),(491,161,3,2,NULL,'Não iniciado',NULL,0,0),(492,161,11,4,NULL,'Não iniciado',NULL,0,0),(493,161,14,5,NULL,'Não iniciado',NULL,0,0),(494,162,1,1,NULL,'Finalizado',NULL,0,0),(495,162,5,2,NULL,'Finalizado',NULL,0,0),(496,162,4,3,NULL,'Finalizado',NULL,0,0),(497,162,6,4,NULL,'Não iniciado',NULL,0,0),(498,162,14,5,NULL,'Não iniciado',NULL,0,0),(499,163,1,1,NULL,'Finalizado',NULL,0,0),(500,163,5,2,NULL,'Finalizado',NULL,0,0),(501,163,6,3,NULL,'Finalizado',NULL,0,0),(502,163,6,4,'2024-09-19','Finalizado',NULL,0,0),(503,163,14,5,NULL,'Não iniciado',NULL,0,0),(504,164,1,1,NULL,'Finalizado',NULL,0,0),(505,164,5,2,NULL,'Finalizado',NULL,0,0),(506,164,4,3,NULL,'Finalizado',NULL,0,0),(507,164,6,4,'2024-09-19','HOLD',NULL,0,0),(508,164,14,5,NULL,'Não iniciado',NULL,0,0),(509,165,6,4,NULL,'Não iniciado',NULL,0,0),(510,165,14,5,NULL,'Não iniciado',NULL,0,0),(511,166,1,1,NULL,'Finalizado',NULL,0,0),(512,166,5,2,NULL,'Finalizado',NULL,0,0),(513,166,4,3,NULL,'Finalizado',NULL,0,0),(514,166,10,4,'2024-09-25','Finalizado',NULL,0,0),(515,166,14,5,NULL,'Não iniciado',NULL,0,0),(516,167,1,1,NULL,'Finalizado',NULL,0,0),(517,167,5,2,NULL,'Finalizado',NULL,0,0),(518,167,4,3,NULL,'Finalizado',NULL,0,0),(519,167,10,4,'2024-09-25','Finalizado',NULL,0,0),(520,167,14,5,NULL,'Não iniciado',NULL,0,0),(521,168,1,1,NULL,'Finalizado',NULL,0,0),(522,168,5,2,NULL,'Finalizado',NULL,0,0),(523,168,4,3,'2024-09-23','Finalizado',NULL,0,0),(524,168,10,4,'2024-09-23','Finalizado',NULL,0,0),(525,168,14,5,NULL,'Não iniciado',NULL,0,0),(526,169,1,1,NULL,'Finalizado',NULL,0,0),(527,169,5,2,NULL,'Finalizado',NULL,0,0),(528,169,4,3,'2024-09-23','Finalizado',NULL,0,0),(529,169,10,4,'2024-09-23','Finalizado',NULL,0,0),(530,169,14,5,NULL,'Não iniciado',NULL,0,0),(571,214,3,2,NULL,'Finalizado',NULL,0,0),(572,214,8,3,'2024-10-01','Finalizado',NULL,0,0),(573,214,8,4,'2024-10-30','Em andamento',NULL,0,0),(574,214,14,5,NULL,'Não iniciado',NULL,0,0),(575,215,3,2,NULL,'Finalizado',NULL,0,0),(576,215,8,3,'2024-09-30','Finalizado',NULL,0,0),(577,215,8,4,'2024-09-30','Finalizado',NULL,0,0),(578,215,14,5,'2024-10-14','Finalizado',NULL,0,0),(579,216,3,2,NULL,'Finalizado',NULL,0,0),(580,216,8,3,'2024-09-30','Finalizado',NULL,0,0),(581,216,8,4,'2024-09-30','Finalizado',NULL,0,0),(582,216,14,5,'2024-10-14','Finalizado',NULL,0,0),(583,217,3,2,NULL,'Finalizado',NULL,0,0),(584,217,8,3,'2024-10-01','Finalizado',NULL,0,0),(585,217,8,4,'2024-10-30','Em andamento',NULL,0,0),(586,217,14,5,NULL,'Não iniciado',NULL,0,0),(587,218,3,2,NULL,'Não iniciado',NULL,0,0),(588,218,8,3,'2024-10-01','Finalizado',NULL,0,0),(589,218,8,4,'2024-10-30','Em andamento',NULL,0,0),(590,218,14,5,NULL,'Não iniciado',NULL,0,0),(591,219,3,2,NULL,'Finalizado',NULL,0,0),(592,219,8,3,'2024-10-01','Finalizado',NULL,0,0),(593,219,8,4,'2024-10-30','Em andamento',NULL,0,0),(594,219,14,5,NULL,'Não iniciado',NULL,0,0),(595,220,3,2,NULL,'Finalizado',NULL,0,0),(596,220,8,3,'2024-10-01','Finalizado',NULL,0,0),(597,220,8,4,'2024-10-30','Em andamento',NULL,0,0),(598,220,14,5,NULL,'Não iniciado',NULL,0,0),(599,221,3,2,NULL,'Finalizado',NULL,0,0),(600,221,8,3,'2024-10-01','Finalizado',NULL,0,0),(601,221,8,4,'2024-10-30','Em andamento',NULL,0,0),(602,221,14,5,NULL,'Não iniciado',NULL,0,0),(603,222,3,2,NULL,'Finalizado',NULL,0,0),(604,222,8,3,'2024-10-01','Finalizado',NULL,0,0),(605,222,8,4,'2024-10-30','Em andamento',NULL,0,0),(606,222,14,5,NULL,'Não iniciado',NULL,0,0),(607,223,13,2,NULL,'Finalizado',NULL,0,0),(608,223,13,3,NULL,'Finalizado',NULL,0,0),(609,223,10,4,NULL,'Finalizado',NULL,0,0),(610,223,14,5,NULL,'Não iniciado',NULL,0,0),(611,224,13,2,NULL,'Finalizado',NULL,0,0),(612,224,13,3,NULL,'Finalizado',NULL,0,0),(613,224,10,4,NULL,'Finalizado',NULL,0,0),(614,224,14,5,NULL,'Não iniciado',NULL,0,0),(615,225,13,2,NULL,'Finalizado',NULL,0,0),(616,225,13,3,NULL,'Finalizado',NULL,0,0),(617,225,10,4,NULL,'Finalizado',NULL,0,0),(618,225,14,5,'2024-10-01','Finalizado',NULL,0,0),(619,226,13,2,NULL,'Finalizado',NULL,0,0),(620,226,13,3,NULL,'Finalizado',NULL,0,0),(621,226,10,4,NULL,'Finalizado',NULL,0,0),(622,226,14,5,NULL,'Não iniciado',NULL,0,0),(623,227,10,4,NULL,'Não iniciado',NULL,0,0),(624,227,14,5,NULL,'Não iniciado',NULL,0,0),(625,228,10,4,NULL,'Não iniciado',NULL,0,0),(626,228,14,5,NULL,'Não iniciado',NULL,0,0),(627,229,13,2,NULL,'Finalizado',NULL,0,0),(628,229,13,3,NULL,'Finalizado',NULL,0,0),(629,229,10,4,NULL,'Finalizado',NULL,0,0),(630,229,14,5,'2024-10-01','Finalizado',NULL,0,0),(631,230,13,2,NULL,'Finalizado',NULL,0,0),(632,230,13,3,NULL,'Finalizado',NULL,0,0),(633,230,10,4,NULL,'Finalizado',NULL,0,0),(634,230,14,5,NULL,'Não iniciado',NULL,0,0),(635,231,2,1,NULL,'Finalizado',NULL,0,0),(636,231,2,2,NULL,'Finalizado',NULL,0,0),(637,231,2,3,NULL,'Finalizado',NULL,0,0),(638,231,6,4,'2024-10-05','Finalizado',NULL,0,0),(639,231,14,5,NULL,'Não iniciado',NULL,0,0),(640,232,2,1,NULL,'Finalizado',NULL,0,0),(641,232,2,2,NULL,'Finalizado',NULL,0,0),(642,232,2,3,NULL,'Finalizado',NULL,0,0),(643,232,6,4,'2024-10-03','Finalizado',NULL,0,0),(644,232,14,5,'2024-10-07','Finalizado',NULL,0,0),(645,233,2,1,NULL,'Finalizado',NULL,0,0),(646,233,2,2,NULL,'Finalizado',NULL,0,0),(647,233,2,3,NULL,'Finalizado',NULL,0,0),(648,233,6,4,'2024-10-08','Finalizado',NULL,0,0),(649,233,14,5,NULL,'Não iniciado',NULL,0,0),(650,234,3,2,NULL,'Finalizado',NULL,0,0),(651,234,8,3,'2024-10-01','Finalizado',NULL,0,0),(652,234,8,4,'2024-10-30','Em andamento',NULL,0,0),(653,234,14,5,NULL,'Não iniciado',NULL,0,0),(654,235,3,2,NULL,'Finalizado',NULL,0,0),(655,235,8,3,NULL,'Finalizado',NULL,0,0),(656,235,8,4,NULL,'Não iniciado',NULL,0,0),(657,235,14,5,NULL,'Não iniciado',NULL,0,0),(658,236,3,2,NULL,'Finalizado',NULL,0,0),(659,236,8,3,NULL,'Finalizado',NULL,0,0),(660,236,6,4,'2024-10-02','Finalizado',NULL,0,0),(661,236,14,5,'2024-10-03','Finalizado',NULL,0,0),(662,237,3,2,NULL,'Finalizado',NULL,0,0),(663,237,8,3,NULL,'Finalizado',NULL,0,0),(664,237,8,4,NULL,'Não iniciado',NULL,0,0),(665,237,14,5,NULL,'Não iniciado',NULL,0,0),(666,238,9,2,NULL,'Não iniciado',NULL,0,0),(667,238,2,3,NULL,'Não iniciado',NULL,0,0),(668,238,10,4,NULL,'Não iniciado',NULL,0,0),(669,238,2,5,NULL,'Não iniciado',NULL,0,0),(704,64,2,3,'2024-09-09','Finalizado',NULL,0,0),(705,64,6,4,'2024-10-28','Finalizado',NULL,0,0),(706,21,3,2,'2024-10-18','Finalizado',NULL,0,0),(707,21,8,3,'2024-09-27','Finalizado',NULL,0,0),(708,21,8,4,NULL,'Não iniciado',NULL,0,0),(709,21,8,5,NULL,'Não iniciado',NULL,0,0),(710,22,3,2,'2024-10-18','Finalizado',NULL,0,0),(711,22,8,3,NULL,'Não iniciado',NULL,0,0),(712,22,8,4,NULL,'Não iniciado',NULL,0,0),(713,22,14,5,NULL,'Não iniciado',NULL,0,0),(714,23,3,2,'2024-10-18','Finalizado',NULL,0,0),(715,23,8,3,NULL,'Não iniciado',NULL,0,0),(716,23,8,4,NULL,'Não iniciado',NULL,0,0),(717,23,14,5,NULL,'Não iniciado',NULL,0,0),(718,24,3,2,'2024-10-18','Finalizado',NULL,0,0),(719,24,8,3,NULL,'Não iniciado',NULL,0,0),(720,24,8,4,NULL,'Não iniciado',NULL,0,0),(721,24,14,5,NULL,'Não iniciado',NULL,0,0),(722,25,3,2,'2024-10-18','Finalizado',NULL,0,0),(723,25,8,3,NULL,'Não iniciado',NULL,0,0),(724,25,8,4,NULL,'Não iniciado',NULL,0,0),(725,25,14,5,NULL,'Não iniciado',NULL,0,0),(726,26,1,1,NULL,'Não se aplica',NULL,0,0),(727,26,5,2,NULL,'Não iniciado',NULL,0,0),(728,26,4,3,NULL,'Não iniciado',NULL,0,0),(729,26,6,4,NULL,'Não iniciado',NULL,0,0),(730,26,14,5,NULL,'Não iniciado',NULL,0,0),(731,27,1,1,NULL,'Não se aplica',NULL,0,0),(732,27,5,2,NULL,'Não iniciado',NULL,0,0),(733,27,4,3,NULL,'Não iniciado',NULL,0,0),(734,27,6,4,NULL,'Não iniciado',NULL,0,0),(735,27,14,5,NULL,'Não iniciado',NULL,0,0),(736,28,3,2,'2024-10-18','Finalizado',NULL,0,0),(737,28,8,3,NULL,'Não iniciado',NULL,0,0),(738,28,8,4,NULL,'Não iniciado',NULL,0,0),(739,28,14,5,NULL,'Não iniciado',NULL,0,0),(740,29,1,1,NULL,'Não se aplica',NULL,0,0),(741,29,5,2,NULL,'Não iniciado',NULL,0,0),(742,29,4,3,NULL,'Não iniciado',NULL,0,0),(743,29,6,4,NULL,'Não iniciado',NULL,0,0),(744,29,14,5,NULL,'Não iniciado',NULL,0,0),(771,187,8,4,NULL,'Finalizado',NULL,0,0),(778,188,8,4,NULL,'Finalizado',NULL,0,0),(785,189,8,4,NULL,'Finalizado',NULL,0,0),(792,190,8,4,NULL,'Finalizado',NULL,0,0),(799,191,8,4,NULL,'Finalizado',NULL,0,0),(820,192,8,4,'2024-10-10','Finalizado',NULL,0,0),(827,193,8,4,NULL,'Finalizado',NULL,0,0),(834,194,6,4,NULL,'Não iniciado','Toons',0,0),(841,195,6,4,NULL,'Não iniciado','Toons',0,0),(848,196,6,4,NULL,'Não iniciado','Toons',0,0),(855,197,6,4,NULL,'Não iniciado','Toons',0,0),(862,198,6,4,NULL,'Não iniciado','Toons',0,0),(891,1,11,3,NULL,'Finalizado',NULL,0,0),(892,1,3,2,NULL,'Finalizado',NULL,0,0),(893,1,11,4,NULL,'Finalizado',NULL,0,0),(894,1,14,5,NULL,'Finalizado',NULL,0,0),(905,2,11,3,NULL,'Finalizado',NULL,0,0),(906,2,3,2,NULL,'Finalizado',NULL,0,0),(907,2,11,4,NULL,'Finalizado',NULL,0,0),(915,2,14,5,NULL,'Finalizado',NULL,0,0),(926,3,11,3,NULL,'Finalizado',NULL,0,0),(927,3,3,2,NULL,'Finalizado',NULL,0,0),(928,3,11,4,NULL,'Finalizado',NULL,0,0),(929,3,14,5,NULL,'Finalizado',NULL,0,0),(933,4,11,3,NULL,'Finalizado',NULL,0,0),(934,4,3,2,NULL,'Finalizado',NULL,0,0),(935,4,11,4,NULL,'Finalizado',NULL,0,0),(936,4,14,5,NULL,'Finalizado',NULL,0,0),(940,5,10,3,NULL,'Finalizado',NULL,0,0),(942,5,10,4,NULL,'Finalizado',NULL,0,0),(943,5,14,5,NULL,'Finalizado',NULL,0,0),(946,6,1,1,NULL,'Finalizado',NULL,0,0),(947,6,6,3,NULL,'Finalizado',NULL,0,0),(948,6,5,2,NULL,'Finalizado',NULL,0,0),(949,6,6,4,NULL,'Finalizado',NULL,0,0),(950,6,14,5,NULL,'Finalizado',NULL,0,0),(964,7,14,5,NULL,'Finalizado',NULL,0,0),(971,8,14,5,NULL,'Finalizado',NULL,0,0),(974,9,1,1,NULL,'Finalizado',NULL,0,0),(975,9,6,3,NULL,'Finalizado',NULL,0,0),(976,9,5,2,NULL,'Finalizado',NULL,0,0),(977,9,6,4,NULL,'Finalizado',NULL,0,0),(978,9,14,5,NULL,'Finalizado',NULL,0,0),(992,10,14,5,NULL,'Finalizado',NULL,0,0),(995,11,1,1,NULL,'Finalizado',NULL,0,0),(996,11,4,3,NULL,'Finalizado',NULL,0,0),(997,11,3,2,NULL,'Finalizado',NULL,0,0),(998,11,11,4,NULL,'Finalizado',NULL,0,0),(1006,11,14,5,NULL,'Finalizado',NULL,0,0),(1009,12,1,1,NULL,'Finalizado',NULL,0,0),(1010,12,4,3,NULL,'Finalizado',NULL,0,0),(1011,12,3,2,NULL,'Finalizado',NULL,0,0),(1012,12,11,4,NULL,'Finalizado',NULL,0,0),(1013,12,14,5,NULL,'Finalizado',NULL,0,0),(1023,13,1,1,NULL,'Finalizado',NULL,0,0),(1025,13,5,2,NULL,'Finalizado',NULL,0,0),(1026,13,6,4,NULL,'Finalizado',NULL,0,0),(1027,13,14,5,NULL,'Finalizado',NULL,0,0),(1030,14,2,1,NULL,'Finalizado',NULL,0,0),(1032,14,4,2,NULL,'Finalizado',NULL,0,0),(1040,14,10,4,'2024-09-30','Finalizado',NULL,0,0),(1041,14,14,5,'2024-10-25','Finalizado',NULL,0,0),(1044,15,1,1,NULL,'Finalizado',NULL,0,0),(1053,15,5,2,NULL,'Finalizado',NULL,0,0),(1054,15,6,4,NULL,'Finalizado',NULL,0,0),(1055,15,14,5,NULL,'Finalizado',NULL,0,0),(1058,16,1,1,NULL,'Finalizado',NULL,0,0),(1060,16,5,2,NULL,'Finalizado',NULL,0,0),(1061,16,6,4,NULL,'Finalizado',NULL,0,0),(1062,16,14,5,NULL,'Finalizado',NULL,0,0),(1065,17,1,1,NULL,'Finalizado',NULL,0,0),(1067,17,5,2,NULL,'Finalizado',NULL,0,0),(1068,17,6,4,NULL,'Finalizado',NULL,0,0),(1069,17,14,5,NULL,'Finalizado',NULL,0,0),(1078,18,12,7,NULL,'Finalizado',NULL,0,0),(1085,19,12,7,NULL,'Finalizado',NULL,0,0),(1092,20,12,7,NULL,'Finalizado',NULL,0,0),(1113,179,12,7,NULL,'Não iniciado','',0,0),(1119,178,12,7,NULL,'Não iniciado','',0,0),(1127,177,12,7,NULL,'Não iniciado','',0,0),(1134,176,12,7,NULL,'Não iniciado','',0,0),(1141,175,12,7,NULL,'Não iniciado','',0,0),(1148,174,12,7,NULL,'Não iniciado','',0,0),(1155,173,12,7,NULL,'Não iniciado',NULL,0,0),(1162,172,12,7,NULL,'Não iniciado',NULL,0,0),(1169,171,12,7,NULL,'Não iniciado',NULL,0,0),(1176,170,12,7,NULL,'Não iniciado','',0,0),(1190,112,12,7,NULL,'Não iniciado','',0,0),(1204,149,12,7,NULL,'Não iniciado',NULL,0,0),(1211,150,12,7,NULL,'Não iniciado',NULL,0,0),(1218,151,12,7,NULL,'Não iniciado',NULL,0,0),(1225,152,12,7,NULL,'Não iniciado',NULL,0,0),(1232,153,12,7,NULL,'Não iniciado',NULL,0,0),(1396,54,3,2,NULL,'Finalizado',NULL,0,0),(1402,54,8,3,NULL,'Finalizado',NULL,0,0),(1404,54,8,4,NULL,'Finalizado',NULL,0,0),(1409,55,8,3,NULL,'Finalizado',NULL,0,0),(1410,55,3,2,NULL,'Finalizado',NULL,0,0),(1411,55,8,4,NULL,'Finalizado',NULL,0,0),(1437,56,8,3,NULL,'Finalizado',NULL,0,0),(1438,56,3,2,NULL,'Finalizado',NULL,0,0),(1439,56,8,4,NULL,'Finalizado',NULL,0,0),(1458,57,8,3,NULL,'Finalizado',NULL,0,0),(1459,57,3,2,NULL,'Finalizado',NULL,0,0),(1460,57,8,4,NULL,'Finalizado',NULL,0,0),(1465,58,8,3,NULL,'Finalizado',NULL,0,0),(1466,58,3,2,NULL,'Finalizado',NULL,0,0),(1467,58,8,4,NULL,'Finalizado',NULL,0,0),(1472,59,8,3,NULL,'Finalizado',NULL,0,0),(1473,59,3,2,NULL,'Finalizado',NULL,0,0),(1474,59,8,4,NULL,'Finalizado',NULL,0,0),(1479,60,8,3,'2024-09-30','Finalizado',NULL,0,0),(1480,60,3,2,NULL,'Finalizado',NULL,0,0),(1481,60,8,4,'2024-09-30','Finalizado',NULL,0,0),(1486,61,2,3,NULL,'Finalizado',NULL,0,0),(1487,61,3,2,NULL,'Finalizado',NULL,0,0),(1488,61,8,4,NULL,'Finalizado',NULL,0,0),(1493,62,2,3,NULL,'Finalizado',NULL,0,0),(1494,62,3,2,NULL,'Finalizado',NULL,0,0),(1495,62,8,4,NULL,'Finalizado',NULL,0,0),(1500,63,2,3,NULL,'Finalizado',NULL,0,0),(1501,63,3,2,NULL,'Finalizado',NULL,0,0),(1509,63,8,4,NULL,'Finalizado',NULL,0,0),(1515,64,2,2,NULL,'Finalizado',NULL,0,0),(1528,65,2,3,NULL,'Finalizado',NULL,0,0),(1529,65,3,2,NULL,'Finalizado',NULL,0,0),(1530,65,8,4,NULL,'Finalizado',NULL,0,0),(1535,66,2,3,NULL,'Finalizado',NULL,0,0),(1536,66,3,2,NULL,'Finalizado',NULL,0,0),(1537,66,8,4,NULL,'Finalizado',NULL,0,0),(1640,67,2,3,NULL,'Finalizado',NULL,0,0),(1641,67,3,2,NULL,'Finalizado',NULL,0,0),(1642,67,8,4,NULL,'Finalizado',NULL,0,0),(1646,25,1,1,NULL,'Não se aplica',NULL,0,0),(1941,68,2,2,NULL,'Finalizado',NULL,0,0),(1947,68,2,3,NULL,'Finalizado',NULL,0,0),(1956,68,6,4,NULL,'Finalizado',NULL,0,0),(1961,69,2,3,NULL,'Finalizado',NULL,0,0),(1962,69,2,2,NULL,'Finalizado',NULL,0,0),(1970,69,10,4,NULL,'Finalizado',NULL,0,0),(1975,70,2,3,NULL,'Finalizado',NULL,0,0),(1976,70,2,2,NULL,'Finalizado',NULL,0,0),(1977,70,6,4,NULL,'Finalizado',NULL,0,0),(2003,71,2,3,NULL,'Finalizado',NULL,0,0),(2004,71,2,2,NULL,'Finalizado',NULL,0,0),(2005,71,10,4,NULL,'Finalizado',NULL,0,0),(2010,72,2,3,NULL,'Finalizado',NULL,0,0),(2011,72,2,2,NULL,'Finalizado',NULL,0,0),(2012,72,6,4,'2024-10-24','Finalizado',NULL,0,0),(2024,73,2,3,NULL,'Finalizado',NULL,0,0),(2025,73,2,2,NULL,'Finalizado',NULL,0,0),(2026,73,6,4,'2024-10-25','Finalizado',NULL,0,0),(2031,74,2,3,NULL,'Finalizado',NULL,0,0),(2032,74,3,2,NULL,'Finalizado',NULL,0,0),(2033,74,8,4,NULL,'Finalizado',NULL,0,0),(2045,75,2,3,NULL,'Finalizado',NULL,0,0),(2046,75,3,2,NULL,'Finalizado',NULL,0,0),(2047,75,8,4,NULL,'Finalizado',NULL,0,0),(2059,76,2,3,NULL,'Finalizado',NULL,0,0),(2060,76,3,2,NULL,'Finalizado',NULL,0,0),(2061,76,8,4,NULL,'Finalizado',NULL,0,0),(2066,77,2,3,NULL,'Finalizado',NULL,0,0),(2067,77,3,2,NULL,'Finalizado',NULL,0,0),(2068,77,10,4,NULL,'Finalizado',NULL,0,0),(2080,78,2,3,NULL,'Finalizado',NULL,0,0),(2081,78,2,2,NULL,'Finalizado',NULL,0,0),(2082,78,6,4,'2024-10-24','Finalizado',NULL,0,0),(2087,79,2,3,NULL,'Finalizado',NULL,0,0),(2088,79,2,2,NULL,'Finalizado',NULL,0,0),(2089,79,6,4,'2024-10-28','Finalizado',NULL,0,0),(2094,80,2,3,NULL,'Finalizado',NULL,0,0),(2095,80,2,2,NULL,'Finalizado',NULL,0,0),(2096,80,6,4,'2024-10-25','Finalizado',NULL,0,0),(2106,81,12,7,NULL,'Finalizado',NULL,0,0),(2113,82,12,7,NULL,'Finalizado',NULL,0,0),(2127,83,12,7,'2024-10-28','Finalizado',NULL,0,0),(2136,84,2,3,NULL,'Finalizado',NULL,0,0),(2137,84,2,2,NULL,'Finalizado',NULL,0,0),(2138,84,6,4,NULL,'Finalizado',NULL,0,0),(2139,84,14,5,NULL,'Finalizado',NULL,0,0),(2140,84,7,6,'2024-10-04','Finalizado',NULL,0,0),(2143,85,2,3,NULL,'Finalizado',NULL,0,0),(2144,85,2,2,NULL,'Finalizado',NULL,0,0),(2145,85,6,4,NULL,'Finalizado',NULL,0,0),(2146,85,14,5,NULL,'Finalizado',NULL,0,0),(2147,85,7,6,'2024-10-25','Finalizado','Aguardando Feedback',0,0),(2155,86,12,7,NULL,'Finalizado',NULL,0,0),(2157,87,2,3,NULL,'Finalizado',NULL,0,0),(2158,87,2,2,NULL,'Finalizado',NULL,0,0),(2159,87,6,4,NULL,'Finalizado',NULL,0,0),(2160,87,14,5,NULL,'Finalizado',NULL,0,0),(2161,87,7,6,'2024-10-04','Finalizado',NULL,0,0),(2169,88,12,7,NULL,'Finalizado',NULL,0,0),(2171,89,2,3,NULL,'Finalizado',NULL,0,0),(2172,89,2,2,NULL,'Finalizado',NULL,0,0),(2173,89,6,4,NULL,'Finalizado',NULL,0,0),(2174,89,14,5,NULL,'Finalizado',NULL,0,0),(2175,89,7,6,'2024-10-25','Finalizado',NULL,0,0),(2183,90,12,7,NULL,'Finalizado',NULL,0,0),(2190,91,12,7,NULL,'Finalizado',NULL,0,0),(2192,92,2,3,NULL,'Finalizado',NULL,0,0),(2193,92,2,2,NULL,'Finalizado',NULL,0,0),(2194,92,6,4,NULL,'Finalizado',NULL,0,0),(2195,92,14,5,NULL,'Finalizado',NULL,0,0),(2196,92,7,6,'2024-10-25','Finalizado',NULL,0,0),(2383,270,3,2,NULL,'Finalizado',NULL,NULL,0),(2389,270,11,3,NULL,'Finalizado',NULL,NULL,0),(2391,270,11,4,NULL,'Finalizado',NULL,NULL,0),(2392,270,14,5,NULL,'Finalizado',NULL,0,0),(2396,271,11,3,NULL,'Finalizado',NULL,NULL,0),(2397,271,3,2,NULL,'Finalizado',NULL,NULL,0),(2398,271,11,4,NULL,'Finalizado',NULL,NULL,0),(2399,271,14,5,NULL,'Finalizado',NULL,0,0),(2403,272,11,3,NULL,'Finalizado',NULL,NULL,0),(2404,272,3,2,NULL,'Finalizado',NULL,NULL,0),(2405,272,11,4,NULL,'Finalizado',NULL,NULL,0),(2406,272,14,5,'2024-11-04','Finalizado',NULL,0,0),(2410,273,8,3,NULL,'Finalizado',NULL,NULL,0),(2411,273,3,2,NULL,'Finalizado',NULL,NULL,0),(2412,273,8,4,NULL,'Finalizado',NULL,NULL,0),(2413,273,14,5,'2024-11-01','Finalizado',NULL,0,0),(2419,274,10,4,NULL,'Finalizado',NULL,NULL,0),(2420,274,14,5,NULL,'Finalizado',NULL,0,0),(2424,275,7,3,NULL,'Finalizado',NULL,NULL,0),(2426,275,8,4,NULL,'Finalizado',NULL,NULL,0),(2427,275,14,5,NULL,'Finalizado',NULL,0,0),(2431,276,3,3,NULL,'Finalizado',NULL,NULL,0),(2433,276,8,4,NULL,'Finalizado',NULL,NULL,0),(2434,276,14,5,NULL,'Finalizado',NULL,0,0),(2438,277,7,3,NULL,'Finalizado',NULL,NULL,0),(2440,277,8,4,NULL,'Finalizado',NULL,NULL,0),(2441,277,14,5,NULL,'Finalizado',NULL,0,0),(2447,278,6,4,NULL,'Finalizado',NULL,NULL,0),(2448,278,14,5,'2024-11-01','Finalizado',NULL,0,0),(2452,279,7,3,NULL,'Finalizado',NULL,NULL,0),(2454,279,8,4,NULL,'Finalizado',NULL,NULL,0),(2455,279,14,5,NULL,'Finalizado',NULL,0,0),(2461,280,6,4,NULL,'Não iniciado',NULL,NULL,0),(2462,280,14,5,'2024-11-01','Finalizado',NULL,0,0),(2468,281,6,4,NULL,'Finalizado',NULL,NULL,0),(2469,281,14,5,NULL,'Finalizado',NULL,0,0),(2475,282,6,4,NULL,'Finalizado',NULL,NULL,0),(2476,282,14,5,'2024-11-04','Finalizado',NULL,0,0),(2482,283,6,4,NULL,'Finalizado',NULL,NULL,0),(2483,283,14,5,'2024-11-01','Finalizado',NULL,0,0),(2489,284,6,4,NULL,'Finalizado',NULL,NULL,0),(2490,284,14,5,'2024-11-01','Finalizado',NULL,0,0),(2503,285,6,4,NULL,'Finalizado',NULL,NULL,0),(2504,285,14,5,'2024-11-01','Finalizado',NULL,0,0),(2508,286,7,3,NULL,'Finalizado',NULL,NULL,0),(2510,286,8,4,NULL,'Finalizado',NULL,NULL,0),(2511,286,14,5,NULL,'Finalizado',NULL,0,0),(2522,287,7,3,NULL,'Finalizado',NULL,NULL,0),(2524,287,8,4,NULL,'Finalizado',NULL,NULL,0),(2525,287,14,5,'2024-11-01','Finalizado',NULL,0,0),(2531,288,6,4,NULL,'Finalizado',NULL,NULL,0),(2532,288,14,5,'2024-11-01','Finalizado',NULL,0,0),(2538,289,6,4,NULL,'Finalizado',NULL,NULL,0),(2539,289,14,5,NULL,'Finalizado',NULL,0,0),(2545,290,6,4,NULL,'Finalizado',NULL,NULL,0),(2546,290,14,5,NULL,'Finalizado',NULL,0,0),(2552,291,6,4,NULL,'Finalizado',NULL,NULL,0),(2553,291,14,5,'2024-11-04','Finalizado',NULL,0,0),(2559,292,6,4,NULL,'Finalizado',NULL,NULL,0),(2560,292,14,5,NULL,'Finalizado',NULL,0,0),(2566,293,6,4,NULL,'Finalizado',NULL,NULL,0),(2567,293,14,5,'2024-11-04','Finalizado',NULL,0,0),(2573,294,6,4,NULL,'Finalizado',NULL,NULL,0),(2574,294,14,5,'2024-11-04','Finalizado',NULL,0,0),(2580,295,6,4,NULL,'Finalizado',NULL,NULL,0),(2581,295,14,5,'2024-11-04','Finalizado',NULL,0,0),(2590,296,12,7,NULL,'Finalizado',NULL,NULL,0),(2597,297,14,7,NULL,'Finalizado',NULL,0,0),(2604,298,12,7,NULL,'Finalizado',NULL,NULL,0),(2667,183,12,7,NULL,'Finalizado',NULL,NULL,0),(2674,184,12,7,NULL,'Finalizado',NULL,NULL,0),(2681,185,12,7,NULL,'Finalizado',NULL,NULL,0),(2688,186,12,7,NULL,'Finalizado',NULL,NULL,0),(2912,180,12,7,NULL,'Não iniciado',NULL,NULL,0),(2919,181,12,7,NULL,'Não iniciado',NULL,NULL,0),(2926,182,12,7,NULL,'Finalizado',NULL,NULL,0),(3158,18,12,1,NULL,'Não iniciado',NULL,NULL,0),(3159,18,12,3,NULL,'Não iniciado',NULL,NULL,0),(3160,18,12,2,NULL,'Não iniciado',NULL,NULL,0),(3161,18,12,4,NULL,'Não iniciado',NULL,NULL,0),(3162,18,12,5,NULL,'Não iniciado',NULL,NULL,0),(3173,14,4,3,NULL,'Finalizado',NULL,NULL,0),(3427,299,8,4,'2024-10-03','Finalizado',NULL,NULL,0),(3428,299,8,5,'2024-10-03','Finalizado',NULL,NULL,0),(3638,57,14,5,NULL,'Finalizado',NULL,0,0),(3645,58,14,5,NULL,'Finalizado',NULL,0,0),(3652,59,14,5,NULL,'Finalizado',NULL,0,0),(3659,65,14,5,NULL,'Finalizado',NULL,0,0),(3666,66,14,5,NULL,'Finalizado',NULL,0,0),(3680,67,14,5,NULL,'Finalizado',NULL,0,0),(3687,68,14,5,NULL,'Finalizado',NULL,0,0),(3694,70,14,5,NULL,'Finalizado',NULL,0,0),(3701,71,14,5,NULL,'Finalizado',NULL,0,0),(3708,69,14,5,NULL,'Finalizado',NULL,0,0),(3715,75,14,5,NULL,'Finalizado',NULL,0,0),(3722,76,14,5,NULL,'Finalizado',NULL,0,0),(3729,77,14,5,NULL,'Finalizado',NULL,0,0),(3764,61,14,5,NULL,'Finalizado',NULL,0,0),(3837,383,1,1,NULL,'Finalizado',NULL,NULL,0),(3839,383,5,2,'2024-10-10','Finalizado',NULL,NULL,0),(3844,384,1,1,NULL,'Finalizado',NULL,NULL,0),(3846,384,5,2,'2024-10-10','Finalizado',NULL,NULL,0),(3851,385,1,1,NULL,'Finalizado',NULL,NULL,0),(3853,385,5,2,'2024-10-14','Finalizado',NULL,NULL,0),(3935,161,1,1,NULL,'Finalizado',NULL,NULL,0),(4066,215,7,6,'2024-10-09','Finalizado',NULL,NULL,0),(4073,216,7,6,'2024-10-09','Finalizado',NULL,NULL,0),(4129,69,7,6,'2024-10-04','Finalizado',NULL,NULL,0),(4136,71,7,6,'2024-10-04','Finalizado',NULL,NULL,0),(4143,70,7,6,'2024-10-04','Finalizado',NULL,NULL,0),(4157,68,7,6,'2024-10-04','Finalizado',NULL,NULL,0),(4171,67,9,6,'2024-10-04','Não iniciado',NULL,NULL,0),(4178,66,7,6,'2024-10-04','Não iniciado',NULL,NULL,0),(4185,65,7,6,'2024-10-21','Finalizado',NULL,NULL,0),(4198,74,14,5,NULL,'Finalizado',NULL,0,0),(4199,74,7,6,'2024-10-04','Finalizado',NULL,NULL,0),(4206,73,15,6,NULL,'Não se aplica',NULL,NULL,0),(4234,75,7,6,'2024-10-25','Finalizado',NULL,NULL,0),(4248,76,7,6,'2024-10-04','Finalizado',NULL,NULL,0),(4255,77,7,6,'2024-10-04','Finalizado',NULL,NULL,0),(4258,194,6,3,NULL,'Não iniciado',NULL,NULL,0),(4259,194,3,2,NULL,'Finalizado',NULL,NULL,0),(4265,195,6,3,NULL,'Não iniciado',NULL,NULL,0),(4266,195,3,2,NULL,'Finalizado',NULL,NULL,0),(4272,196,6,3,NULL,'Não iniciado',NULL,NULL,0),(4273,196,3,2,NULL,'Finalizado',NULL,NULL,0),(4279,197,6,3,NULL,'Não iniciado',NULL,NULL,0),(4280,197,3,2,NULL,'Não iniciado',NULL,NULL,0),(4286,198,6,3,NULL,'Não iniciado',NULL,NULL,0),(4287,198,3,2,NULL,'Finalizado',NULL,NULL,0),(4293,199,6,3,NULL,'Não iniciado',NULL,NULL,0),(4294,199,3,2,NULL,'Finalizado',NULL,NULL,0),(4295,199,6,4,NULL,'Não iniciado',NULL,NULL,0),(4300,200,6,3,NULL,'Não iniciado',NULL,NULL,0),(4301,200,3,2,NULL,'Finalizado',NULL,NULL,0),(4302,200,6,4,NULL,'Não iniciado',NULL,NULL,0),(4307,201,6,3,NULL,'Não iniciado',NULL,NULL,0),(4308,201,3,2,NULL,'Finalizado',NULL,NULL,0),(4309,201,6,4,NULL,'Não iniciado',NULL,NULL,0),(4339,187,7,6,NULL,'Não iniciado',NULL,NULL,0),(4346,188,8,6,NULL,'Finalizado',NULL,NULL,0),(4353,189,8,6,NULL,'Finalizado',NULL,NULL,0),(4360,190,8,6,NULL,'Finalizado',NULL,NULL,0),(4366,191,14,5,NULL,'Finalizado',NULL,0,0),(4367,191,8,6,NULL,'Não iniciado',NULL,NULL,0),(4373,192,14,5,NULL,'Não iniciado',NULL,0,0),(4380,193,14,5,NULL,'Finalizado',NULL,0,0),(4381,193,7,6,NULL,'Não iniciado',NULL,NULL,0),(4384,202,6,3,NULL,'Finalizado',NULL,NULL,0),(4385,202,3,2,NULL,'Finalizado',NULL,NULL,0),(4386,202,6,4,NULL,'Finalizado',NULL,NULL,0),(4387,202,14,5,NULL,'Não iniciado',NULL,0,0),(4391,203,6,3,NULL,'Finalizado',NULL,NULL,0),(4392,203,3,2,NULL,'Finalizado',NULL,NULL,0),(4393,203,6,4,NULL,'Finalizado',NULL,NULL,0),(4394,203,14,5,NULL,'Não iniciado',NULL,0,0),(4405,204,6,3,NULL,'Finalizado',NULL,NULL,0),(4406,204,3,2,NULL,'Finalizado',NULL,NULL,0),(4407,204,6,4,NULL,'Finalizado',NULL,NULL,0),(4408,204,14,5,NULL,'Não iniciado',NULL,0,0),(4412,205,6,3,NULL,'Finalizado',NULL,NULL,0),(4413,205,3,2,NULL,'Finalizado',NULL,NULL,0),(4414,205,6,4,NULL,'Finalizado',NULL,NULL,0),(4415,205,14,5,'2024-10-01','Finalizado',NULL,0,0),(4419,206,6,3,NULL,'Finalizado',NULL,NULL,0),(4420,206,3,2,NULL,'Finalizado',NULL,NULL,0),(4421,206,6,4,NULL,'Finalizado',NULL,NULL,0),(4422,206,14,5,NULL,'Não iniciado',NULL,0,0),(4426,207,6,3,NULL,'Finalizado',NULL,NULL,0),(4427,207,3,2,NULL,'Finalizado',NULL,NULL,0),(4428,207,6,4,NULL,'Finalizado',NULL,NULL,0),(4429,207,14,5,NULL,'Não iniciado',NULL,0,0),(4433,208,6,3,NULL,'Finalizado',NULL,NULL,0),(4434,208,3,2,NULL,'Finalizado',NULL,NULL,0),(4435,208,6,4,NULL,'Finalizado',NULL,NULL,0),(4436,208,14,5,NULL,'Não iniciado',NULL,0,0),(4440,209,6,3,NULL,'Finalizado',NULL,NULL,0),(4441,209,3,2,NULL,'Finalizado',NULL,NULL,0),(4442,209,6,4,NULL,'Finalizado',NULL,NULL,0),(4443,209,14,5,NULL,'Não iniciado',NULL,0,0),(4447,210,6,3,NULL,'Finalizado',NULL,NULL,0),(4448,210,3,2,NULL,'Finalizado',NULL,NULL,0),(4449,210,6,4,NULL,'Finalizado',NULL,NULL,0),(4450,210,14,5,'2024-10-01','Finalizado',NULL,0,0),(4454,211,6,3,NULL,'Finalizado',NULL,NULL,0),(4455,211,3,2,NULL,'Finalizado',NULL,NULL,0),(4456,211,6,4,NULL,'Finalizado',NULL,NULL,0),(4457,211,14,5,'2024-10-01','Finalizado',NULL,0,0),(4461,212,6,3,NULL,'Finalizado',NULL,NULL,0),(4462,212,3,2,NULL,'Finalizado',NULL,NULL,0),(4463,212,6,4,NULL,'Finalizado',NULL,NULL,0),(4464,212,14,5,'2024-10-01','Finalizado',NULL,0,0),(4468,213,6,3,NULL,'Finalizado',NULL,NULL,0),(4469,213,3,2,NULL,'Finalizado',NULL,NULL,0),(4470,213,6,4,NULL,'Finalizado',NULL,NULL,0),(4471,213,14,5,'2024-10-01','Finalizado',NULL,0,0),(4559,107,4,3,'2024-11-26','Finalizado','/clientes/2024/HSA_WIN/03.Models/Comp',NULL,0),(4566,108,4,3,'2024-11-26','Finalizado','/clientes/2024/HSA_WIN/03.Models/Comp',NULL,0),(4580,110,4,3,'2024-10-17','Finalizado',NULL,NULL,0),(4599,113,12,7,'2024-10-31','Finalizado',NULL,NULL,0),(4991,53,12,7,NULL,'Finalizado',NULL,NULL,0),(4997,49,7,6,'2024-10-04','Finalizado',NULL,0,0),(5004,48,7,6,'2024-10-04','Finalizado',NULL,0,0),(5011,44,7,6,'2024-10-15','Finalizado',NULL,0,0),(5035,30,8,3,NULL,'Finalizado',NULL,NULL,0),(5036,30,3,2,NULL,'Finalizado',NULL,NULL,0),(5039,30,7,6,'2024-09-26','Finalizado',NULL,0,0),(5042,31,8,3,NULL,'Finalizado',NULL,NULL,0),(5043,31,3,2,NULL,'Finalizado',NULL,NULL,0),(5046,31,7,6,'2024-09-26','Finalizado',NULL,0,0),(5049,32,8,3,NULL,'Finalizado',NULL,NULL,0),(5050,32,3,2,NULL,'Finalizado',NULL,NULL,0),(5053,32,7,6,'2024-09-25','Finalizado',NULL,0,0),(5056,33,8,3,NULL,'Finalizado',NULL,NULL,0),(5057,33,3,2,NULL,'Finalizado',NULL,NULL,0),(5060,33,7,6,'2024-10-04','Finalizado',NULL,0,0),(5067,34,7,6,'2024-10-04','Finalizado',NULL,0,0),(5074,35,7,6,'2024-09-03','Finalizado',NULL,0,0),(5081,36,7,6,'2024-10-04','Finalizado',NULL,0,0),(5088,37,7,6,'2024-09-30','Finalizado',NULL,0,0),(5095,38,7,6,NULL,'Finalizado',NULL,0,0),(5102,39,7,6,NULL,'Finalizado',NULL,0,0),(5109,40,7,6,'2024-10-01','Finalizado',NULL,0,0),(5123,41,7,6,NULL,'Finalizado',NULL,0,0),(5130,42,7,6,NULL,'Finalizado',NULL,0,0),(5137,43,7,6,NULL,'Finalizado',NULL,0,0),(5151,45,7,6,NULL,'Finalizado',NULL,0,0),(5158,46,7,6,'2024-10-04','Finalizado',NULL,0,0),(5165,47,7,6,'2024-10-04','Finalizado',NULL,0,0),(5179,50,7,6,NULL,'Finalizado',NULL,0,0),(5186,51,7,6,NULL,'Finalizado',NULL,0,0),(5193,52,7,6,NULL,'Finalizado',NULL,0,0),(5197,359,3,2,'2024-10-09','Finalizado',NULL,NULL,0),(5204,360,3,2,'2024-10-09','Finalizado',NULL,NULL,0),(5211,361,3,2,'2024-10-09','Finalizado',NULL,NULL,0),(5218,362,3,2,'2024-10-09','Finalizado',NULL,NULL,0),(5225,363,3,2,'2024-10-09','Finalizado',NULL,NULL,0),(5232,364,3,2,'2024-10-09','Finalizado',NULL,NULL,0),(5239,380,3,2,'2024-10-31','Finalizado',NULL,NULL,0),(5246,381,3,2,'2024-10-31','Finalizado',NULL,NULL,0),(5253,379,3,2,'2024-10-31','Finalizado',NULL,NULL,0),(5274,382,3,2,'2024-10-31','Finalizado',NULL,NULL,0),(5286,330,15,1,NULL,'Não se aplica',NULL,NULL,0),(5302,330,3,2,'2024-10-25','Finalizado',NULL,NULL,0),(5309,331,3,2,'2024-10-25','Finalizado',NULL,NULL,0),(5316,332,3,2,'2024-10-25','Finalizado',NULL,NULL,0),(5323,333,3,2,'2024-10-25','Finalizado',NULL,NULL,0),(5330,334,3,2,'2024-10-25','Finalizado',NULL,NULL,0),(5337,336,3,2,'2024-10-25','Finalizado',NULL,NULL,0),(5344,337,3,2,'2024-10-25','Finalizado',NULL,NULL,0),(5351,344,3,2,'2024-10-25','Finalizado',NULL,NULL,0),(5358,345,5,2,'2024-10-29','Finalizado',NULL,0,0),(5372,348,3,2,'2024-10-25','Finalizado',NULL,NULL,0),(5379,349,3,2,'2024-10-25','Finalizado',NULL,NULL,0),(5551,415,12,7,'2024-10-04','Finalizado',NULL,NULL,0),(5558,416,12,7,'2024-10-04','Finalizado',NULL,NULL,0),(6087,388,14,5,NULL,'Finalizado',NULL,0,0),(6088,388,7,6,'2024-10-02','Finalizado',NULL,NULL,0),(6095,389,14,5,NULL,'Finalizado',NULL,0,0),(6096,389,7,6,'2024-11-07','Finalizado',NULL,NULL,0),(6104,390,7,6,'2024-10-04','Finalizado',NULL,NULL,0),(6105,390,14,7,NULL,'Finalizado',NULL,0,0),(6112,391,7,6,'2024-10-01','Finalizado',NULL,NULL,0),(6120,392,7,6,'2024-10-01','Finalizado',NULL,NULL,0),(6128,393,7,6,'2024-10-01','Finalizado',NULL,NULL,0),(6136,394,7,6,'2024-10-01','Finalizado',NULL,NULL,0),(6144,395,7,6,'2024-11-15','Finalizado',NULL,NULL,0),(6152,396,7,6,'2024-09-01','Finalizado',NULL,NULL,0),(6160,397,7,6,'2024-09-10','Finalizado',NULL,NULL,0),(6168,398,7,6,'2024-09-18','Finalizado',NULL,NULL,0),(6176,399,7,6,'2024-09-18','Finalizado',NULL,NULL,0),(6184,400,7,6,'2024-09-18','Finalizado',NULL,NULL,0),(6192,401,7,6,'2024-09-18','Finalizado',NULL,NULL,0),(6200,402,7,6,'2024-10-10','Finalizado',NULL,NULL,0),(6208,403,7,6,'2024-09-18','Finalizado',NULL,NULL,0),(6216,404,7,6,'2024-10-01','Finalizado',NULL,NULL,0),(6224,405,7,6,'2024-10-01','Finalizado',NULL,NULL,0),(6232,406,7,6,'2024-09-09','Finalizado',NULL,NULL,0),(6240,407,7,6,'2024-10-01','Finalizado',NULL,NULL,0),(6248,408,7,6,'2024-10-01','Finalizado',NULL,NULL,0),(6256,409,7,6,NULL,'Finalizado',NULL,NULL,0),(6265,410,12,7,NULL,'Finalizado',NULL,NULL,0),(6273,411,12,7,NULL,'Finalizado',NULL,NULL,0),(6280,412,7,6,'2024-10-01','Finalizado',NULL,NULL,0),(6288,413,7,6,'2024-10-01','Finalizado',NULL,NULL,0),(6296,414,7,6,'2024-10-01','Finalizado',NULL,NULL,0),(6845,366,3,2,NULL,'Não iniciado',NULL,NULL,0),(6853,367,3,2,NULL,'Não iniciado',NULL,NULL,0),(6861,368,3,2,NULL,'Não iniciado',NULL,NULL,0),(6868,369,8,3,NULL,'Não iniciado',NULL,NULL,0),(6885,369,3,2,NULL,'Não iniciado',NULL,NULL,0),(7188,383,10,3,'2024-10-19','Finalizado',NULL,NULL,0),(7190,383,10,4,'2024-10-19','Finalizado',NULL,NULL,0),(7191,383,14,5,NULL,'Não iniciado',NULL,0,0),(7204,384,10,3,'2024-10-19','Finalizado',NULL,NULL,0),(7206,384,10,4,'2024-10-19','Finalizado',NULL,NULL,0),(7212,385,10,3,'2024-10-25','Finalizado',NULL,NULL,0),(7214,385,10,4,'2024-10-25','Finalizado',NULL,NULL,0),(7215,385,14,5,NULL,'Não iniciado',NULL,0,0),(7223,384,14,5,NULL,'Não iniciado',NULL,0,0),(7334,574,8,4,NULL,'Não iniciado',NULL,NULL,0),(7342,575,8,4,NULL,'Não iniciado',NULL,NULL,0),(7456,192,7,6,NULL,'Não iniciado',NULL,NULL,0),(7465,193,8,7,NULL,'Não iniciado',NULL,NULL,0),(7488,574,8,6,NULL,'Não iniciado',NULL,NULL,0),(7496,575,8,6,NULL,'Não iniciado',NULL,NULL,0),(7629,417,3,2,'2024-11-04','Em andamento',NULL,NULL,0),(7637,418,3,2,'2024-11-04','Em andamento',NULL,NULL,0),(7645,419,3,2,'2024-11-04','Em andamento',NULL,NULL,0),(7653,420,3,2,'2024-11-04','Em andamento',NULL,NULL,0),(7661,421,3,2,'2024-11-04','Em andamento',NULL,NULL,0),(7669,422,3,2,'2024-11-04','Em andamento',NULL,NULL,0),(7675,335,1,1,NULL,'Não se aplica',NULL,NULL,0),(7683,338,1,1,'2024-10-31','Finalizado',NULL,1,10),(7822,592,8,4,'2024-10-15','Finalizado',NULL,NULL,0),(7823,592,14,5,'2024-10-16','Finalizado',NULL,NULL,0),(7848,58,8,6,'2024-10-14','Finalizado',NULL,NULL,0),(7856,59,8,6,'2024-10-14','Finalizado',NULL,NULL,0),(7864,61,8,6,'2024-10-15','Finalizado',NULL,NULL,0),(7872,62,8,6,'2024-10-14','Finalizado',NULL,NULL,0),(8108,330,8,3,'2024-10-30','Finalizado',NULL,NULL,0),(8116,331,8,3,'2024-10-30','Finalizado',NULL,NULL,0),(8118,331,8,4,'2024-10-30','Finalizado',NULL,NULL,0),(8119,331,14,5,'2024-10-31','Finalizado',NULL,NULL,0),(8126,330,8,4,'2024-10-30','Finalizado',NULL,NULL,0),(8127,330,14,5,'2024-10-31','Finalizado',NULL,NULL,0),(8132,332,8,3,NULL,'Não iniciado',NULL,NULL,0),(8134,332,8,4,NULL,'Não iniciado',NULL,NULL,0),(8135,332,14,5,NULL,'Não iniciado',NULL,NULL,0),(8148,333,8,3,NULL,'Não iniciado',NULL,NULL,0),(8150,333,8,4,NULL,'Não iniciado',NULL,NULL,0),(8151,333,14,5,NULL,'Não iniciado',NULL,NULL,0),(8156,334,8,3,NULL,'Não iniciado',NULL,NULL,0),(8158,334,8,4,NULL,'Não iniciado',NULL,NULL,0),(8159,334,14,5,NULL,'Não iniciado',NULL,NULL,0),(8164,335,10,3,'2024-10-28','Finalizado',NULL,NULL,0),(8165,335,5,2,'2024-10-23','Finalizado',NULL,0,0),(8166,335,10,4,'2024-10-28','Finalizado',NULL,NULL,0),(8167,335,14,5,NULL,'Não iniciado',NULL,NULL,0),(8172,336,8,3,'2024-10-30','Finalizado',NULL,NULL,0),(8174,336,8,4,'2024-10-30','Finalizado',NULL,NULL,0),(8175,336,14,5,'2024-10-31','Finalizado',NULL,NULL,0),(8180,337,8,3,NULL,'Não iniciado',NULL,NULL,0),(8182,337,8,4,NULL,'Em andamento',NULL,NULL,0),(8183,337,14,5,NULL,'Não iniciado',NULL,NULL,0),(8236,338,10,3,'2024-10-28','Finalizado',NULL,NULL,0),(8237,338,5,2,'2024-10-23','Finalizado',NULL,0,0),(8238,338,10,4,'2024-10-28','Finalizado',NULL,NULL,0),(8239,338,14,5,NULL,'Não iniciado',NULL,NULL,0),(8243,339,1,1,NULL,'Não se aplica',NULL,NULL,0),(8244,339,10,3,'2024-10-30','Finalizado',NULL,NULL,0),(8245,339,5,2,'2024-10-22','Finalizado',NULL,0,0),(8246,339,10,4,'2024-10-30','Em andamento',NULL,NULL,0),(8247,339,14,5,NULL,'Não iniciado',NULL,NULL,0),(8251,340,1,1,'2024-10-31','Finalizado',NULL,1,10),(8252,340,6,3,'2024-10-31','Finalizado',NULL,0,0),(8253,340,5,2,'2024-10-29','Finalizado',NULL,0,0),(8254,340,6,4,'2024-10-31','Finalizado',NULL,0,0),(8255,340,14,5,'2024-10-31','Finalizado',NULL,NULL,0),(8259,341,1,1,NULL,'Não se aplica',NULL,NULL,0),(8260,341,4,3,'2024-11-04','Finalizado','/clientes/2024/DAN_UPP/03.Models/Comp',NULL,0),(8261,341,5,2,'2024-10-31','Finalizado',NULL,0,0),(8262,341,10,4,NULL,'Não iniciado',NULL,NULL,0),(8263,341,14,5,NULL,'Não iniciado',NULL,NULL,0),(8275,342,1,1,'2024-10-31','Finalizado',NULL,1,10),(8276,342,6,3,'2024-11-04','Finalizado',NULL,NULL,0),(8277,342,5,2,'2024-10-29','Finalizado',NULL,0,0),(8278,342,6,4,'2024-11-04','Em andamento',NULL,NULL,0),(8279,342,14,5,NULL,'Não iniciado',NULL,NULL,0),(8283,346,1,1,NULL,'Não se aplica',NULL,NULL,0),(8284,346,4,3,NULL,'Em andamento',NULL,NULL,0),(8285,346,5,2,'2024-10-30','Finalizado',NULL,0,0),(8286,346,10,4,NULL,'Não iniciado',NULL,NULL,0),(8287,346,14,5,NULL,'Não iniciado',NULL,NULL,0),(8291,347,1,1,NULL,'Não se aplica',NULL,NULL,0),(8292,347,4,3,NULL,'Em andamento',NULL,NULL,0),(8293,347,5,2,'2024-10-30','Finalizado',NULL,0,0),(8294,347,10,4,NULL,'Não iniciado',NULL,NULL,0),(8295,347,14,5,NULL,'Não iniciado',NULL,NULL,0),(8299,350,1,1,'2024-10-31','Finalizado',NULL,1,10),(8300,350,10,3,'2024-10-30','Finalizado',NULL,NULL,0),(8301,350,5,2,'2024-10-22','Finalizado',NULL,0,0),(8302,350,10,4,'2024-10-30','Finalizado',NULL,NULL,0),(8303,350,14,5,'2024-11-04','Finalizado',NULL,NULL,0),(8307,351,1,1,NULL,'Não se aplica',NULL,NULL,0),(8308,351,4,3,NULL,'Não iniciado',NULL,NULL,0),(8309,351,5,2,'2024-10-30','Finalizado',NULL,0,0),(8310,351,10,4,NULL,'Não iniciado',NULL,NULL,0),(8311,351,14,5,NULL,'Não iniciado',NULL,NULL,0),(8315,353,1,1,NULL,'Não se aplica',NULL,NULL,0),(8316,353,4,3,NULL,'Não iniciado',NULL,NULL,0),(8317,353,5,2,'2024-10-31','Finalizado',NULL,0,0),(8318,353,10,4,NULL,'Não iniciado',NULL,NULL,0),(8319,353,14,5,NULL,'Não iniciado',NULL,NULL,0),(8323,343,1,1,NULL,'Não se aplica',NULL,NULL,0),(8324,343,8,3,NULL,'Não iniciado',NULL,NULL,0),(8325,343,3,2,'2024-10-25','Finalizado',NULL,NULL,0),(8326,343,8,4,NULL,'Não iniciado',NULL,NULL,0),(8327,343,14,5,NULL,'Não iniciado',NULL,NULL,0),(8331,344,1,1,NULL,'Não se aplica',NULL,NULL,0),(8332,344,8,3,NULL,'Não iniciado',NULL,NULL,0),(8334,344,8,4,NULL,'Não iniciado',NULL,NULL,0),(8335,344,14,5,NULL,'Não iniciado',NULL,NULL,0),(8339,345,1,1,'2024-10-31','Finalizado',NULL,1,10),(8340,345,13,3,'2024-10-31','Finalizado',NULL,NULL,0),(8342,345,13,4,NULL,'Finalizado',NULL,NULL,0),(8343,345,14,5,'2024-11-04','Finalizado',NULL,NULL,0),(8347,348,1,1,NULL,'Não se aplica',NULL,NULL,0),(8348,348,8,3,NULL,'Não iniciado',NULL,NULL,0),(8350,348,8,4,NULL,'Não iniciado',NULL,NULL,0),(8351,348,14,5,NULL,'Não iniciado',NULL,NULL,0),(8355,349,1,1,NULL,'Não se aplica',NULL,NULL,0),(8356,349,8,3,NULL,'Não iniciado',NULL,NULL,0),(8358,349,8,4,NULL,'Não iniciado',NULL,NULL,0),(8359,349,14,5,NULL,'Não iniciado',NULL,NULL,0),(8363,352,1,1,NULL,'Não se aplica',NULL,NULL,0),(8364,352,8,3,NULL,'Não iniciado',NULL,NULL,0),(8365,352,3,2,'2024-10-25','Finalizado',NULL,NULL,0),(8366,352,8,4,NULL,'Não iniciado',NULL,NULL,0),(8367,352,14,5,NULL,'Não iniciado',NULL,NULL,0),(8377,354,12,7,NULL,'Não iniciado',NULL,NULL,0),(8385,355,12,7,NULL,'Não iniciado',NULL,NULL,0),(8393,356,12,7,NULL,'Não iniciado',NULL,NULL,0),(8401,357,12,7,NULL,'Não iniciado',NULL,NULL,0),(8622,594,8,4,'2024-10-21','Finalizado',NULL,NULL,0),(8628,594,8,3,'2024-10-21','Finalizado',NULL,NULL,0),(8784,359,8,3,'2024-10-31','Em andamento',NULL,NULL,0),(8786,359,8,4,'2024-10-31','Em andamento',NULL,NULL,0),(8792,360,8,3,'2024-10-31','Em andamento',NULL,NULL,0),(8794,360,8,4,'2024-10-31','Em andamento',NULL,NULL,0),(8800,361,8,3,'2024-10-31','Em andamento',NULL,NULL,0),(8802,361,8,4,'2024-10-31','Em andamento',NULL,NULL,0),(8808,362,8,3,'2024-10-31','Em andamento',NULL,NULL,0),(8810,362,8,4,'2024-10-31','Em andamento',NULL,NULL,0),(8816,363,8,3,'2024-10-31','Em andamento',NULL,NULL,0),(8818,363,8,4,'2024-10-31','Em andamento',NULL,NULL,0),(8824,364,8,3,'2024-10-31','Em andamento',NULL,NULL,0),(8826,364,8,4,'2024-10-31','Em andamento',NULL,NULL,0),(8868,280,7,6,'2024-10-15','Finalizado',NULL,NULL,0),(8876,274,7,6,'2024-10-31','Em andamento',NULL,NULL,0),(8884,287,7,6,'2024-11-14','Finalizado',NULL,NULL,0),(8892,290,7,6,'2024-10-14','Não iniciado',NULL,NULL,0),(8900,292,7,6,'2024-10-14','Finalizado',NULL,NULL,0),(8936,587,8,3,NULL,'Não iniciado',NULL,NULL,0),(8937,587,3,2,NULL,'Não iniciado',NULL,NULL,0),(8938,587,8,4,NULL,'Não iniciado',NULL,NULL,0),(8944,588,8,3,NULL,'Não iniciado',NULL,NULL,0),(8945,588,3,2,NULL,'Não iniciado',NULL,NULL,0),(8946,588,8,4,NULL,'Não iniciado',NULL,NULL,0),(8947,588,14,5,NULL,'Não iniciado',NULL,NULL,0),(8952,589,8,3,NULL,'Não iniciado',NULL,NULL,0),(8953,589,3,2,NULL,'Não iniciado',NULL,NULL,0),(8954,589,8,4,NULL,'Não iniciado',NULL,NULL,0),(8955,589,14,5,NULL,'Não iniciado',NULL,NULL,0),(8960,591,8,3,NULL,'Não iniciado',NULL,NULL,0),(8961,591,3,2,NULL,'Não iniciado',NULL,NULL,0),(8962,591,8,4,NULL,'Não iniciado',NULL,NULL,0),(8963,591,14,5,NULL,'Não iniciado',NULL,NULL,0),(8968,423,4,3,NULL,'Não iniciado',NULL,NULL,0),(8969,423,5,2,NULL,'Não iniciado',NULL,NULL,0),(8970,423,6,4,NULL,'Não iniciado',NULL,NULL,0),(8971,423,14,5,NULL,'Não iniciado',NULL,NULL,0),(8976,424,4,3,NULL,'Não iniciado',NULL,NULL,0),(8977,424,3,2,NULL,'Não iniciado',NULL,NULL,0),(8978,424,6,4,NULL,'Não iniciado',NULL,NULL,0),(8979,424,14,5,NULL,'Não iniciado',NULL,NULL,0),(9070,336,1,8,'2024-10-31','Finalizado',NULL,1,10),(9078,337,1,8,'2024-10-31','Finalizado',NULL,1,10),(9086,343,1,8,'2024-10-31','Finalizado',NULL,1,10),(9094,344,1,8,'2024-10-31','Finalizado',NULL,1,10),(9110,345,1,8,'2024-10-31','Finalizado',NULL,1,10),(9118,348,1,8,'2024-10-31','Finalizado',NULL,1,10),(9134,349,1,8,'2024-10-31','Finalizado',NULL,1,10),(9142,352,1,8,'2024-10-31','Finalizado',NULL,1,10),(9222,274,1,8,NULL,'Finalizado',NULL,NULL,0),(9223,277,1,1,'2024-10-31','Finalizado',NULL,1,10),(9228,277,7,6,NULL,'Não iniciado',NULL,NULL,0),(9230,277,1,8,'2024-10-31','Finalizado',NULL,1,10),(9236,272,9,6,NULL,'Não iniciado',NULL,NULL,0),(9248,368,8,3,NULL,'Não iniciado',NULL,NULL,0),(9250,368,8,4,NULL,'Não iniciado',NULL,NULL,0),(9256,366,8,3,NULL,'Não iniciado',NULL,NULL,0),(9258,366,8,4,NULL,'Não iniciado',NULL,NULL,0),(9259,366,14,5,NULL,'Não iniciado',NULL,NULL,0),(9264,367,8,3,NULL,'Não iniciado',NULL,NULL,0),(9266,367,8,4,NULL,'Não iniciado',NULL,NULL,0),(9267,367,14,5,NULL,'Não iniciado',NULL,NULL,0),(9275,368,14,5,NULL,'Não iniciado',NULL,NULL,0),(9282,369,8,4,NULL,'Não iniciado',NULL,NULL,0),(9283,369,14,5,NULL,'Não iniciado',NULL,NULL,0),(9291,360,14,5,NULL,'Não iniciado',NULL,NULL,0),(9299,361,14,5,NULL,'Não iniciado',NULL,NULL,0),(9307,362,14,5,NULL,'Não iniciado',NULL,NULL,0),(9315,363,14,5,NULL,'Não iniciado',NULL,NULL,0),(9323,364,14,5,NULL,'Não iniciado',NULL,NULL,0),(9377,499,3,2,NULL,'Não iniciado',NULL,NULL,0),(9385,500,3,2,NULL,'Não iniciado',NULL,NULL,0),(9393,501,3,2,NULL,'Não iniciado',NULL,NULL,0),(9401,502,3,2,NULL,'Não iniciado',NULL,NULL,0),(9409,503,3,2,NULL,'Não iniciado',NULL,NULL,0),(9415,504,1,1,NULL,'Não iniciado',NULL,NULL,0),(9416,504,4,3,NULL,'Não iniciado',NULL,NULL,0),(9417,504,5,2,NULL,'Não iniciado',NULL,NULL,0),(9418,504,6,4,NULL,'Não iniciado',NULL,NULL,0),(9419,504,14,5,NULL,'Não iniciado',NULL,NULL,0),(9423,511,1,1,NULL,'Não iniciado',NULL,NULL,0),(9424,511,4,3,NULL,'Não iniciado',NULL,NULL,0),(9425,511,5,2,NULL,'Não iniciado',NULL,NULL,0),(9426,511,6,4,NULL,'Não iniciado',NULL,NULL,0),(9427,511,14,5,NULL,'Não iniciado',NULL,NULL,0),(9431,512,1,1,NULL,'Não iniciado',NULL,NULL,0),(9432,512,4,3,NULL,'Não iniciado',NULL,NULL,0),(9433,512,5,2,NULL,'Não iniciado',NULL,NULL,0),(9434,512,6,4,NULL,'Não iniciado',NULL,NULL,0),(9435,512,14,5,NULL,'Não iniciado',NULL,NULL,0),(9439,513,1,1,NULL,'Não iniciado',NULL,NULL,0),(9440,513,4,3,NULL,'Não iniciado',NULL,NULL,0),(9441,513,5,2,NULL,'Não iniciado',NULL,NULL,0),(9442,513,6,4,NULL,'Não iniciado',NULL,NULL,0),(9443,513,14,5,NULL,'Não iniciado',NULL,NULL,0),(9447,514,1,1,NULL,'Não iniciado',NULL,NULL,0),(9448,514,5,3,NULL,'Não iniciado',NULL,NULL,0),(9449,514,5,2,NULL,'Não iniciado',NULL,NULL,0),(9450,514,6,4,NULL,'Não iniciado',NULL,NULL,0),(9451,514,14,5,NULL,'Não iniciado',NULL,NULL,0),(9455,515,1,1,NULL,'Não iniciado',NULL,NULL,0),(9456,515,4,3,NULL,'Não iniciado',NULL,NULL,0),(9457,515,5,2,NULL,'Não iniciado',NULL,NULL,0),(9458,515,6,4,NULL,'Não iniciado',NULL,NULL,0),(9459,515,14,5,NULL,'Não iniciado',NULL,NULL,0),(9471,516,1,1,NULL,'Não iniciado',NULL,NULL,0),(9472,516,4,3,NULL,'Não iniciado',NULL,NULL,0),(9473,516,5,2,NULL,'Não iniciado',NULL,NULL,0),(9474,516,6,4,NULL,'Não iniciado',NULL,NULL,0),(9475,516,14,5,NULL,'Não iniciado',NULL,NULL,0),(9479,517,1,1,NULL,'Não iniciado',NULL,NULL,0),(9480,517,4,3,NULL,'Não iniciado',NULL,NULL,0),(9481,517,5,2,NULL,'Não iniciado',NULL,NULL,0),(9482,517,6,4,NULL,'Não iniciado',NULL,NULL,0),(9483,517,14,5,NULL,'Não iniciado',NULL,NULL,0),(9487,518,1,1,NULL,'Não iniciado',NULL,NULL,0),(9488,518,4,3,NULL,'Não iniciado',NULL,NULL,0),(9489,518,5,2,NULL,'Não iniciado',NULL,NULL,0),(9490,518,6,4,NULL,'Não iniciado',NULL,NULL,0),(9491,518,14,5,NULL,'Não iniciado',NULL,NULL,0),(9495,519,1,1,NULL,'Não iniciado',NULL,NULL,0),(9496,519,4,3,NULL,'Não iniciado',NULL,NULL,0),(9497,519,5,2,NULL,'Não iniciado',NULL,NULL,0),(9498,519,6,4,NULL,'Não iniciado',NULL,NULL,0),(9499,519,14,5,NULL,'Não iniciado',NULL,NULL,0),(9503,520,1,1,NULL,'Não iniciado',NULL,NULL,0),(9504,520,4,3,NULL,'Não iniciado',NULL,NULL,0),(9505,520,5,2,NULL,'Não iniciado',NULL,NULL,0),(9506,520,6,4,NULL,'Não iniciado',NULL,NULL,0),(9507,520,14,5,NULL,'Não iniciado',NULL,NULL,0),(9511,521,1,1,NULL,'Não iniciado',NULL,NULL,0),(9512,521,4,3,NULL,'Não iniciado',NULL,NULL,0),(9513,521,5,2,NULL,'Não iniciado',NULL,NULL,0),(9514,521,6,4,NULL,'Não iniciado',NULL,NULL,0),(9515,521,14,5,NULL,'Não iniciado',NULL,NULL,0),(9519,522,1,1,NULL,'Não iniciado',NULL,NULL,0),(9520,522,15,3,NULL,'Não iniciado',NULL,NULL,0),(9521,522,15,2,NULL,'Não iniciado',NULL,NULL,0),(9522,522,6,4,NULL,'Não iniciado',NULL,NULL,0),(9523,522,14,5,NULL,'Não iniciado',NULL,NULL,0),(9527,523,1,1,NULL,'Não iniciado',NULL,NULL,0),(9528,523,4,3,NULL,'Não iniciado',NULL,NULL,0),(9529,523,5,2,NULL,'Não iniciado',NULL,NULL,0),(9530,523,6,4,NULL,'Não iniciado',NULL,NULL,0),(9531,523,14,5,NULL,'Não iniciado',NULL,NULL,0),(9535,524,1,1,NULL,'Não iniciado',NULL,NULL,0),(9536,524,4,3,NULL,'Não iniciado',NULL,NULL,0),(9537,524,5,2,NULL,'Não iniciado',NULL,NULL,0),(9538,524,6,4,NULL,'Não iniciado',NULL,NULL,0),(9539,524,14,5,NULL,'Não iniciado',NULL,NULL,0),(9543,525,1,1,NULL,'Não iniciado',NULL,NULL,0),(9544,525,4,3,NULL,'Não iniciado',NULL,NULL,0),(9545,525,5,2,NULL,'Não iniciado',NULL,NULL,0),(9546,525,6,4,NULL,'Não iniciado',NULL,NULL,0),(9547,525,14,5,NULL,'Não iniciado',NULL,NULL,0),(9551,526,1,1,NULL,'Não iniciado',NULL,NULL,0),(9552,526,4,3,NULL,'Não iniciado',NULL,NULL,0),(9553,526,5,2,NULL,'Não iniciado',NULL,NULL,0),(9554,526,6,4,NULL,'Não iniciado',NULL,NULL,0),(9555,526,14,5,NULL,'Não iniciado',NULL,NULL,0),(9559,505,1,1,NULL,'Não iniciado',NULL,NULL,0),(9560,505,4,3,NULL,'Não iniciado',NULL,NULL,0),(9561,505,3,2,NULL,'Não iniciado',NULL,NULL,0),(9562,505,8,4,NULL,'Não iniciado',NULL,NULL,0),(9563,505,7,5,NULL,'Não iniciado',NULL,NULL,0),(9567,506,1,1,NULL,'Não iniciado',NULL,NULL,0),(9568,506,4,3,NULL,'Não iniciado',NULL,NULL,0),(9569,506,3,2,NULL,'Não iniciado',NULL,NULL,0),(9570,506,8,4,NULL,'Não iniciado',NULL,NULL,0),(9571,506,14,5,NULL,'Não iniciado',NULL,NULL,0),(9575,507,1,1,NULL,'Não iniciado',NULL,NULL,0),(9576,507,4,3,NULL,'Não iniciado',NULL,NULL,0),(9577,507,3,2,NULL,'Não iniciado',NULL,NULL,0),(9578,507,8,4,NULL,'Não iniciado',NULL,NULL,0),(9579,507,14,5,NULL,'Não iniciado',NULL,NULL,0),(9583,508,1,1,NULL,'Não iniciado',NULL,NULL,0),(9584,508,4,3,NULL,'Não iniciado',NULL,NULL,0),(9585,508,3,2,NULL,'Não iniciado',NULL,NULL,0),(9586,508,8,4,NULL,'Não iniciado',NULL,NULL,0),(9587,508,14,5,NULL,'Não iniciado',NULL,NULL,0),(9591,509,1,1,NULL,'Não iniciado',NULL,NULL,0),(9592,509,4,3,NULL,'Não iniciado',NULL,NULL,0),(9593,509,3,2,NULL,'Não iniciado',NULL,NULL,0),(9594,509,8,4,NULL,'Não iniciado',NULL,NULL,0),(9595,509,14,5,NULL,'Não iniciado',NULL,NULL,0),(9599,510,1,1,NULL,'Não iniciado',NULL,NULL,0),(9600,510,4,3,NULL,'Não iniciado',NULL,NULL,0),(9601,510,3,2,NULL,'Não iniciado',NULL,NULL,0),(9602,510,8,4,NULL,'Não iniciado',NULL,NULL,0),(9603,510,14,5,NULL,'Não iniciado',NULL,NULL,0),(9607,527,1,1,NULL,'Não iniciado',NULL,NULL,0),(9608,527,4,3,NULL,'Não iniciado',NULL,NULL,0),(9609,527,3,2,NULL,'Não iniciado',NULL,NULL,0),(9610,527,8,4,NULL,'Não iniciado',NULL,NULL,0),(9611,527,14,5,NULL,'Não iniciado',NULL,NULL,0),(9615,528,1,1,NULL,'Não iniciado',NULL,NULL,0),(9616,528,4,3,NULL,'Não iniciado',NULL,NULL,0),(9617,528,3,2,NULL,'Não iniciado',NULL,NULL,0),(9618,528,8,4,NULL,'Não iniciado',NULL,NULL,0),(9619,528,14,5,NULL,'Não iniciado',NULL,NULL,0),(9629,529,12,7,NULL,'Não iniciado',NULL,NULL,0),(9637,530,12,7,NULL,'Não iniciado',NULL,NULL,0),(9645,531,12,7,NULL,'Não iniciado',NULL,NULL,0),(9661,532,12,7,NULL,'Não iniciado',NULL,NULL,0),(9669,533,12,7,NULL,'Não iniciado',NULL,NULL,0),(9677,534,12,7,NULL,'Não iniciado',NULL,NULL,0),(9712,555,8,3,NULL,'Não iniciado',NULL,NULL,0),(9713,555,3,2,NULL,'Não iniciado',NULL,NULL,0),(9714,555,8,4,NULL,'Não iniciado',NULL,NULL,0),(9715,555,14,5,NULL,'Não iniciado',NULL,NULL,0),(9720,556,8,3,NULL,'Não iniciado',NULL,NULL,0),(9721,556,3,2,NULL,'Não iniciado',NULL,NULL,0),(9722,556,8,4,NULL,'Não iniciado',NULL,NULL,0),(9723,556,14,5,NULL,'Não iniciado',NULL,NULL,0),(9728,557,8,3,NULL,'Não iniciado',NULL,NULL,0),(9729,557,3,2,NULL,'Não iniciado',NULL,NULL,0),(9730,557,8,4,NULL,'Não iniciado',NULL,NULL,0),(9731,557,14,5,NULL,'Não iniciado',NULL,NULL,0),(9735,558,1,1,NULL,'Não iniciado',NULL,NULL,0),(9736,558,4,3,NULL,'Não iniciado',NULL,NULL,0),(9737,558,5,2,NULL,'Não iniciado',NULL,NULL,0),(9738,558,6,4,NULL,'Não iniciado',NULL,NULL,0),(9739,558,14,5,NULL,'Não iniciado',NULL,NULL,0),(9743,563,1,1,NULL,'Não iniciado',NULL,NULL,0),(9744,563,4,3,NULL,'Não iniciado',NULL,NULL,0),(9745,563,5,2,NULL,'Não iniciado',NULL,NULL,0),(9746,563,6,4,NULL,'Não iniciado',NULL,NULL,0),(9747,563,14,5,NULL,'Não iniciado',NULL,NULL,0),(9751,564,1,1,NULL,'Não iniciado',NULL,NULL,0),(9752,564,4,3,NULL,'Não iniciado',NULL,NULL,0),(9753,564,5,2,NULL,'Não iniciado',NULL,NULL,0),(9754,564,6,4,NULL,'Não iniciado',NULL,NULL,0),(9755,564,14,5,NULL,'Não iniciado',NULL,NULL,0),(9759,565,1,1,NULL,'Não iniciado',NULL,NULL,0),(9760,565,4,3,NULL,'Não iniciado',NULL,NULL,0),(9761,565,5,2,NULL,'Não iniciado',NULL,NULL,0),(9762,565,6,4,NULL,'Não iniciado',NULL,NULL,0),(9763,565,14,5,NULL,'Não iniciado',NULL,NULL,0),(9767,566,1,1,NULL,'Não iniciado',NULL,NULL,0),(9768,566,4,3,NULL,'Não iniciado',NULL,NULL,0),(9769,566,5,2,NULL,'Não iniciado',NULL,NULL,0),(9770,566,6,4,NULL,'Não iniciado',NULL,NULL,0),(9771,566,14,5,NULL,'Não iniciado',NULL,NULL,0),(9775,567,1,1,NULL,'Não iniciado',NULL,NULL,0),(9776,567,4,3,NULL,'Não iniciado',NULL,NULL,0),(9777,567,5,2,NULL,'Não iniciado',NULL,NULL,0),(9778,567,6,4,NULL,'Não iniciado',NULL,NULL,0),(9779,567,14,5,NULL,'Não iniciado',NULL,NULL,0),(9783,568,1,1,NULL,'Não iniciado',NULL,NULL,0),(9784,568,4,3,NULL,'Não iniciado',NULL,NULL,0),(9785,568,5,2,NULL,'Não iniciado',NULL,NULL,0),(9786,568,6,4,NULL,'Não iniciado',NULL,NULL,0),(9787,568,14,5,NULL,'Não iniciado',NULL,NULL,0),(9791,559,1,1,NULL,'Não iniciado',NULL,NULL,0),(9792,559,4,3,NULL,'Não iniciado',NULL,NULL,0),(9793,559,3,2,NULL,'Não iniciado',NULL,NULL,0),(9794,559,8,4,NULL,'Não iniciado',NULL,NULL,0),(9795,559,14,5,NULL,'Não iniciado',NULL,NULL,0),(9799,560,1,1,NULL,'Não iniciado',NULL,NULL,0),(9800,560,4,3,NULL,'Não iniciado',NULL,NULL,0),(9801,560,3,2,NULL,'Não iniciado',NULL,NULL,0),(9802,560,8,4,NULL,'Não iniciado',NULL,NULL,0),(9803,560,14,5,NULL,'Não iniciado',NULL,NULL,0),(9807,561,1,1,NULL,'Não iniciado',NULL,NULL,0),(9808,561,4,3,NULL,'Não iniciado',NULL,NULL,0),(9809,561,3,2,NULL,'Não iniciado',NULL,NULL,0),(9810,561,8,4,NULL,'Não iniciado',NULL,NULL,0),(9811,561,14,5,NULL,'Não iniciado',NULL,NULL,0),(9823,562,1,1,NULL,'Não iniciado',NULL,NULL,0),(9824,562,4,3,NULL,'Não iniciado',NULL,NULL,0),(9825,562,3,2,NULL,'Não iniciado',NULL,NULL,0),(9826,562,8,4,NULL,'Não iniciado',NULL,NULL,0),(9827,562,14,5,NULL,'Não iniciado',NULL,NULL,0),(9831,569,1,1,NULL,'Não iniciado',NULL,NULL,0),(9832,569,4,3,NULL,'Não iniciado',NULL,NULL,0),(9833,569,3,2,NULL,'Não iniciado',NULL,NULL,0),(9834,569,8,4,NULL,'Não iniciado',NULL,NULL,0),(9835,569,14,5,NULL,'Não iniciado',NULL,NULL,0),(9845,570,12,7,NULL,'Não iniciado',NULL,NULL,0),(9853,571,12,7,NULL,'Não iniciado',NULL,NULL,0),(9861,572,12,7,NULL,'Não iniciado',NULL,NULL,0),(9869,573,12,7,NULL,'Não iniciado',NULL,NULL,0),(9877,447,12,7,NULL,'Não iniciado',NULL,NULL,0),(9885,448,12,7,NULL,'Não iniciado',NULL,NULL,0),(9893,449,12,7,NULL,'Não iniciado',NULL,NULL,0),(9901,450,12,7,NULL,'Não iniciado',NULL,NULL,0),(9909,451,12,7,NULL,'Não iniciado',NULL,NULL,0),(9912,425,4,3,NULL,'Não iniciado',NULL,NULL,0),(9913,425,3,2,NULL,'Não iniciado',NULL,NULL,0),(9914,425,6,4,NULL,'Não iniciado',NULL,NULL,0),(9915,425,14,5,NULL,'Não iniciado',NULL,NULL,0),(9920,426,8,3,NULL,'Não iniciado',NULL,NULL,0),(9921,426,3,2,'2024-11-04','Em andamento',NULL,NULL,0),(9922,426,8,4,NULL,'Não iniciado',NULL,NULL,0),(9923,426,14,5,NULL,'Não iniciado',NULL,NULL,0),(9944,432,8,3,NULL,'Não iniciado',NULL,NULL,0),(9945,432,3,2,'2024-11-04','Em andamento',NULL,NULL,0),(9946,432,8,4,NULL,'Não iniciado',NULL,NULL,0),(9947,432,14,5,NULL,'Não iniciado',NULL,NULL,0),(9952,433,4,3,NULL,'Não iniciado',NULL,NULL,0),(9953,433,3,2,'2024-11-04','Em andamento',NULL,NULL,0),(9954,433,8,4,NULL,'Não iniciado',NULL,NULL,0),(9955,433,14,5,NULL,'Não iniciado',NULL,NULL,0),(9960,434,4,3,NULL,'Não iniciado',NULL,NULL,0),(9961,434,3,2,'2024-11-04','Em andamento',NULL,NULL,0),(9962,434,8,4,NULL,'Não iniciado',NULL,NULL,0),(9963,434,14,5,NULL,'Não iniciado',NULL,NULL,0),(9968,435,4,3,NULL,'Não iniciado',NULL,NULL,0),(9969,435,3,2,'2024-11-04','Em andamento',NULL,NULL,0),(9970,435,8,4,NULL,'Não iniciado',NULL,NULL,0),(9971,435,14,5,NULL,'Não iniciado',NULL,NULL,0),(9976,437,4,3,NULL,'Não iniciado',NULL,NULL,0),(9977,437,3,2,'2024-11-04','Em andamento',NULL,NULL,0),(9978,437,8,4,NULL,'Não iniciado',NULL,NULL,0),(9979,437,14,5,NULL,'Não iniciado',NULL,NULL,0),(9984,427,4,3,NULL,'Não iniciado',NULL,NULL,0),(9985,427,5,2,'2024-11-04','Finalizado',NULL,NULL,0),(9986,427,6,4,NULL,'Não iniciado',NULL,NULL,0),(9987,427,14,5,NULL,'Não iniciado',NULL,NULL,0),(9992,428,4,3,NULL,'Não iniciado',NULL,NULL,0),(9993,428,5,2,NULL,'Não iniciado',NULL,NULL,0),(9994,428,6,4,NULL,'Não iniciado',NULL,NULL,0),(9995,428,14,5,NULL,'Não iniciado',NULL,NULL,0),(10000,429,4,3,NULL,'Não iniciado',NULL,NULL,0),(10001,429,5,2,NULL,'Não iniciado',NULL,NULL,0),(10002,429,6,4,NULL,'Não iniciado',NULL,NULL,0),(10003,429,14,5,NULL,'Não iniciado',NULL,NULL,0),(10008,430,4,3,NULL,'Não iniciado',NULL,NULL,0),(10009,430,5,2,NULL,'Não iniciado',NULL,NULL,0),(10010,430,6,4,NULL,'Não iniciado',NULL,NULL,0),(10011,430,14,5,NULL,'Não iniciado',NULL,NULL,0),(10016,431,4,3,NULL,'Não iniciado',NULL,NULL,0),(10017,431,5,2,NULL,'Não iniciado',NULL,NULL,0),(10018,431,6,4,NULL,'Não iniciado',NULL,NULL,0),(10019,431,14,5,NULL,'Não iniciado',NULL,NULL,0),(10024,436,4,3,NULL,'Não iniciado',NULL,NULL,0),(10025,436,5,2,NULL,'Não iniciado',NULL,NULL,0),(10026,436,6,4,NULL,'Não iniciado',NULL,NULL,0),(10027,436,14,5,NULL,'Não iniciado',NULL,NULL,0),(10032,438,4,3,'2024-10-28','Finalizado','/clientes/2024/CAP_TIV/03.Models/Comp',NULL,0),(10033,438,4,2,'2024-10-28','Finalizado','/clientes/2024/CAP_TIV/03.Models/Comp',NULL,0),(10034,438,6,4,NULL,'Não iniciado',NULL,NULL,0),(10035,438,14,5,NULL,'Não iniciado',NULL,NULL,0),(10040,439,15,3,NULL,'Não iniciado',NULL,NULL,0),(10041,439,15,2,NULL,'Não iniciado',NULL,NULL,0),(10042,439,6,4,NULL,'Não iniciado',NULL,NULL,0),(10043,439,14,5,NULL,'Não iniciado',NULL,NULL,0),(10048,440,4,3,'2024-10-29','Finalizado','/clientes/2024/CAP_TIV/03.Models/Comp',NULL,0),(10049,440,4,2,'2024-10-29','Finalizado','/clientes/2024/CAP_TIV/03.Models/Comp',NULL,0),(10050,440,6,4,NULL,'Não iniciado',NULL,NULL,0),(10051,440,14,5,NULL,'Não iniciado',NULL,NULL,0),(10056,441,4,3,'2024-10-31','Finalizado','/clientes/2024/CAP_TIV/03.Models/Comp',NULL,0),(10057,441,4,2,'2024-10-31','Finalizado','/clientes/2024/CAP_TIV/03.Models/Comp',NULL,0),(10058,441,6,4,NULL,'Não iniciado',NULL,NULL,0),(10059,441,14,5,NULL,'Não iniciado',NULL,NULL,0),(10064,442,15,3,NULL,'Não iniciado',NULL,NULL,0),(10065,442,15,2,NULL,'Não iniciado',NULL,NULL,0),(10066,442,6,4,NULL,'Não iniciado',NULL,NULL,0),(10067,442,14,5,NULL,'Não iniciado',NULL,NULL,0),(10072,443,4,3,'2024-10-31','Finalizado',NULL,NULL,0),(10073,443,4,2,'2024-10-31','Finalizado',NULL,NULL,0),(10074,443,6,4,NULL,'Não iniciado',NULL,NULL,0),(10075,443,14,5,NULL,'Não iniciado',NULL,NULL,0),(10080,444,4,3,'2024-10-31','Finalizado','/clientes/2024/CAP_TIV/03.Models/Comp',NULL,0),(10081,444,4,2,'2024-10-31','Finalizado','/clientes/2024/CAP_TIV/03.Models/Comp',NULL,0),(10082,444,6,4,NULL,'Não iniciado',NULL,NULL,0),(10083,444,14,5,NULL,'Não iniciado',NULL,NULL,0),(10088,445,15,3,NULL,'Não iniciado',NULL,NULL,0),(10089,445,15,2,NULL,'Não iniciado',NULL,NULL,0),(10090,445,6,4,NULL,'Não iniciado',NULL,NULL,0),(10091,445,14,5,NULL,'Não iniciado',NULL,NULL,0),(10096,446,4,3,'2024-10-31','Finalizado','/clientes/2024/CAP_TIV/03.Models/Comp',NULL,0),(10097,446,4,2,'2024-10-31','Finalizado','/clientes/2024/CAP_TIV/03.Models/Comp',NULL,0),(10098,446,6,4,NULL,'Não iniciado',NULL,NULL,0),(10099,446,14,5,NULL,'Não iniciado',NULL,NULL,0),(10104,417,8,3,NULL,'Não iniciado',NULL,NULL,0),(10106,417,8,4,NULL,'Não iniciado',NULL,NULL,0),(10107,417,14,5,NULL,'Não iniciado',NULL,NULL,0),(10112,418,8,3,NULL,'Não iniciado',NULL,NULL,0),(10114,418,8,4,NULL,'Não iniciado',NULL,NULL,0),(10115,418,14,5,NULL,'Não iniciado',NULL,NULL,0),(10120,419,8,3,NULL,'Não iniciado',NULL,NULL,0),(10122,419,8,4,NULL,'Não iniciado',NULL,NULL,0),(10123,419,14,5,NULL,'Não iniciado',NULL,NULL,0),(10128,420,8,3,NULL,'Não iniciado',NULL,NULL,0),(10130,420,8,4,NULL,'Não iniciado',NULL,NULL,0),(10131,420,14,5,NULL,'Não iniciado',NULL,NULL,0),(10136,421,8,3,NULL,'Não iniciado',NULL,NULL,0),(10138,421,8,4,NULL,'Não iniciado',NULL,NULL,0),(10139,421,14,5,NULL,'Não iniciado',NULL,NULL,0),(10144,422,8,3,NULL,'Não iniciado',NULL,NULL,0),(10146,422,8,4,NULL,'Não iniciado',NULL,NULL,0),(10147,422,14,5,NULL,'Não iniciado',NULL,NULL,0),(10163,55,14,5,'2024-10-03','Finalizado',NULL,NULL,0),(10320,602,13,3,'2024-10-29','Finalizado',NULL,NULL,0),(10321,602,13,2,'2024-10-29','Finalizado',NULL,NULL,0),(10322,602,6,4,'2024-10-31','Finalizado',NULL,0,0),(10328,601,13,3,'2024-10-25','Finalizado',NULL,NULL,0),(10329,601,13,2,'2024-10-25','Finalizado',NULL,NULL,0),(10330,601,13,4,NULL,'Não iniciado',NULL,NULL,0),(10336,600,13,3,NULL,'Não iniciado',NULL,NULL,0),(10337,600,13,2,NULL,'Não iniciado',NULL,NULL,0),(10338,600,13,4,NULL,'Não iniciado',NULL,NULL,0),(10456,590,8,3,NULL,'Não iniciado',NULL,NULL,0),(10457,590,3,2,NULL,'Não iniciado',NULL,NULL,0),(10458,590,8,4,NULL,'Não iniciado',NULL,NULL,0),(10459,590,14,5,NULL,'Não iniciado',NULL,NULL,0),(10912,613,8,3,'2024-10-25','Finalizado',NULL,NULL,0),(10914,613,8,4,'2024-10-25','Finalizado',NULL,NULL,0),(10915,613,14,5,'2024-10-25','Finalizado',NULL,NULL,0),(10964,60,8,6,'2024-10-25','Finalizado',NULL,NULL,0),(10979,54,14,5,'2024-10-02','Finalizado',NULL,NULL,0),(10980,54,7,6,'2024-10-15','Finalizado',NULL,NULL,0),(10988,55,7,6,'2024-10-25','Finalizado',NULL,NULL,0),(10995,56,14,5,'2024-10-04','Finalizado',NULL,NULL,0),(10996,56,7,6,'2024-10-17','Finalizado',NULL,NULL,0),(11011,60,14,5,'2024-10-01','Finalizado',NULL,NULL,0),(11020,57,7,6,'2024-10-25','Finalizado',NULL,NULL,0),(11235,63,14,5,'2024-10-28','Finalizado',NULL,NULL,0),(11259,78,14,5,'2024-10-24','Finalizado',NULL,NULL,0),(11275,79,14,5,'2024-10-28','Finalizado',NULL,NULL,0),(11283,80,14,5,'2024-10-26','Finalizado',NULL,NULL,0),(11387,64,14,5,'2024-10-28','Finalizado',NULL,NULL,0),(11403,72,14,5,'2024-10-25','Finalizado',NULL,NULL,0),(11411,73,14,5,'2024-10-26','Finalizado',NULL,NULL,0),(11467,62,14,5,'2024-10-15','Finalizado',NULL,NULL,0),(12185,423,1,8,NULL,'Em andamento',NULL,NULL,0),(12193,427,1,8,NULL,'Em andamento',NULL,NULL,0),(12201,428,1,8,NULL,'Em andamento',NULL,NULL,0),(12209,429,1,8,NULL,'Em andamento',NULL,NULL,0),(12217,430,1,8,NULL,'Em andamento',NULL,NULL,0),(12225,431,1,8,NULL,'Em andamento',NULL,NULL,0),(12233,436,1,8,NULL,'Em andamento',NULL,NULL,0),(12241,438,1,8,NULL,'Em andamento',NULL,NULL,0),(12249,439,1,8,NULL,'Em andamento',NULL,NULL,0),(12257,440,1,8,NULL,'Em andamento',NULL,NULL,0),(12265,441,1,8,NULL,'Em andamento',NULL,NULL,0),(12273,442,1,8,NULL,'Em andamento',NULL,NULL,0),(12281,443,1,8,NULL,'Em andamento',NULL,NULL,0),(12289,444,1,8,NULL,'Em andamento',NULL,NULL,0),(12297,445,1,8,NULL,'Em andamento',NULL,NULL,0),(12305,446,1,8,NULL,'Em andamento',NULL,NULL,0),(12313,424,1,8,NULL,'Em andamento',NULL,NULL,0),(12321,425,1,8,NULL,'Em andamento',NULL,NULL,0),(12329,426,1,8,NULL,'Em andamento',NULL,NULL,0),(12337,432,1,8,NULL,'Em andamento',NULL,NULL,0),(12345,433,1,8,NULL,'Em andamento',NULL,NULL,0),(12353,434,1,8,NULL,'Em andamento',NULL,NULL,0),(12361,435,1,8,NULL,'Em andamento',NULL,NULL,0),(12369,437,1,8,NULL,'Em andamento',NULL,NULL,0),(12807,615,7,6,'2024-11-13','Não iniciado',NULL,NULL,0),(12815,616,7,6,'2024-11-13','Não iniciado',NULL,NULL,0),(12823,617,7,6,'2024-11-13','Não iniciado',NULL,NULL,0),(12831,618,7,6,'2024-11-13','Não iniciado',NULL,NULL,0),(13017,335,1,8,'2024-10-31','Finalizado',NULL,1,10),(13025,338,1,8,'2024-10-31','Finalizado',NULL,1,10),(13033,339,1,8,'2024-10-31','Finalizado',NULL,1,10),(13041,340,1,8,'2024-10-31','Finalizado',NULL,1,10),(13049,342,1,8,'2024-10-31','Finalizado',NULL,1,10),(13057,346,1,8,'2024-10-31','Finalizado',NULL,1,10),(13065,341,1,8,'2024-11-04','Finalizado',NULL,NULL,0),(13073,347,1,8,'2024-10-31','Finalizado',NULL,1,10),(13081,351,1,8,'2024-10-31','Finalizado',NULL,1,10),(13089,350,1,8,'2024-10-31','Finalizado',NULL,1,10),(13097,353,1,8,'2024-10-31','Finalizado',NULL,1,10),(13524,452,13,2,'2024-10-31','Finalizado',NULL,NULL,0),(13532,453,13,2,'2024-10-31','Finalizado',NULL,NULL,0),(13786,274,1,1,NULL,'Finalizado',NULL,NULL,0),(14206,594,14,5,'2024-10-22','Finalizado',NULL,NULL,0),(14479,619,14,6,NULL,'Não iniciado',NULL,NULL,0),(14486,619,14,5,'2024-10-31','Finalizado',NULL,NULL,0),(14550,602,14,5,'2024-10-31','Finalizado',NULL,NULL,0),(14999,82,7,6,'2024-10-28','Finalizado',NULL,NULL,NULL),(15007,81,7,6,'2024-10-31','Não iniciado',NULL,NULL,NULL),(15015,83,7,6,'2024-10-31','Finalizado',NULL,NULL,NULL),(15023,86,7,6,'2024-10-28','Finalizado',NULL,NULL,NULL),(15031,88,7,6,'2024-10-28','Finalizado',NULL,NULL,NULL),(15039,90,7,6,'2024-10-28','Finalizado',NULL,NULL,NULL),(15047,91,7,6,'2024-10-28','Finalizado',NULL,NULL,NULL),(15895,180,12,6,NULL,'Não iniciado',NULL,NULL,NULL),(15903,181,12,6,NULL,'Não iniciado',NULL,NULL,NULL),(15919,182,12,6,NULL,'Não iniciado',NULL,NULL,NULL),(15927,183,12,6,NULL,'Não iniciado',NULL,NULL,NULL),(15935,184,12,6,NULL,'Não iniciado',NULL,NULL,NULL),(15943,185,12,6,NULL,'Não iniciado',NULL,NULL,NULL),(15951,186,12,6,NULL,'Não iniciado',NULL,NULL,NULL);
/*!40000 ALTER TABLE `funcao_imagem` ENABLE KEYS */;
UNLOCK TABLES;
/*!50003 SET @saved_cs_client      = @@character_set_client */ ;
/*!50003 SET @saved_cs_results     = @@character_set_results */ ;
/*!50003 SET @saved_col_connection = @@collation_connection */ ;
/*!50003 SET character_set_client  = utf8mb4 */ ;
/*!50003 SET character_set_results = utf8mb4 */ ;
/*!50003 SET collation_connection  = utf8mb4_unicode_ci */ ;
/*!50003 SET @saved_sql_mode       = @@sql_mode */ ;
/*!50003 SET sql_mode              = '' */ ;
DELIMITER ;;
/*!50003 CREATE*/ /*!50017 DEFINER=`improov`@`10.%`*/ /*!50003 TRIGGER `status_funcao` BEFORE INSERT ON `funcao_imagem` FOR EACH ROW BEGIN
  IF NEW.status IS NULL OR NEW.status = '' THEN
    SET NEW.status = 'Não iniciado';
  END IF;
END */;;
DELIMITER ;
/*!50003 SET sql_mode              = @saved_sql_mode */ ;
/*!50003 SET character_set_client  = @saved_cs_client */ ;
/*!50003 SET character_set_results = @saved_cs_results */ ;
/*!50003 SET collation_connection  = @saved_col_connection */ ;
/*!50003 SET @saved_cs_client      = @@character_set_client */ ;
/*!50003 SET @saved_cs_results     = @@character_set_results */ ;
/*!50003 SET @saved_col_connection = @@collation_connection */ ;
/*!50003 SET character_set_client  = utf8mb4 */ ;
/*!50003 SET character_set_results = utf8mb4 */ ;
/*!50003 SET collation_connection  = utf8mb4_unicode_ci */ ;
/*!50003 SET @saved_sql_mode       = @@sql_mode */ ;
/*!50003 SET sql_mode              = '' */ ;
DELIMITER ;;
/*!50003 CREATE*/ /*!50017 DEFINER=`improov`@`10.%`*/ /*!50003 TRIGGER `log_alteracoes_trigger` AFTER UPDATE ON `funcao_imagem`
 FOR EACH ROW BEGIN
  IF OLD.status != NEW.status THEN
    INSERT INTO log_alteracoes (funcao_imagem_id, status_anterior, status_novo, data, colaborador_id)
    VALUES (NEW.idfuncao_imagem, OLD.status, NEW.status, NOW(), NEW.colaborador_id);
  END IF;
END */;;
DELIMITER ;
/*!50003 SET sql_mode              = @saved_sql_mode */ ;
/*!50003 SET character_set_client  = @saved_cs_client */ ;
/*!50003 SET character_set_results = @saved_cs_results */ ;
/*!50003 SET collation_connection  = @saved_col_connection */ ;

--
-- Table structure for table `imagem_animacao`
--

DROP TABLE IF EXISTS `imagem_animacao`;
/*!40101 SET @saved_cs_client     = @@character_set_client */;
/*!50503 SET character_set_client = utf8mb4 */;
CREATE TABLE `imagem_animacao` (
  `idimagem_animacao` int(11) NOT NULL AUTO_INCREMENT,
  `imagem_nome` varchar(100) COLLATE utf8mb4_unicode_ci DEFAULT NULL,
  `obra_id` int(11) DEFAULT NULL,
  PRIMARY KEY (`idimagem_animacao`),
  KEY `obra_id` (`obra_id`),
  CONSTRAINT `imagem_animacao_ibfk_1` FOREIGN KEY (`obra_id`) REFERENCES `obra` (`idobra`)
) ENGINE=InnoDB AUTO_INCREMENT=37 DEFAULT CHARSET=utf8mb4 COLLATE=utf8mb4_unicode_ci;
/*!40101 SET character_set_client = @saved_cs_client */;

--
-- Dumping data for table `imagem_animacao`
--

LOCK TABLES `imagem_animacao` WRITE;
/*!40000 ALTER TABLE `imagem_animacao` DISABLE KEYS */;
INSERT INTO `imagem_animacao` VALUES (17,'Tracking 0048',3),(18,'Tracking 0049',3),(19,'39_PHA_NET_LIVING_APTO_Q',4),(20,'39_PHA_NET_LIVING_APTO_Q_Vista',4),(21,'PHA_NET_Fachada_Detalhe_1',4),(22,'PHA_NET_Fachada_Detalhe_2',4),(23,'PHA_NET_Fachada_Detalhe_3',4),(24,'PHA_NET_Fachada_Detalhe_4',4),(25,'PHA_NET_Tracking_0015',4),(26,'PHA_NET_Tracking_0035',4),(27,'PHA_NET_Tracking_Hyperlapse',4),(28,'8. PHA_NET Boulevard 1',4),(29,'8. PHA_NET Boulevard 2',4),(30,'12. PHA_NET Piscina adulto',4),(31,'22. PHA_NET Area fogo',4),(32,'PHA_NET_Embasamento_Noturno',4),(33,'PHA_NET_LIVING_F1_Sacada',4),(34,'34_PHA_NET_JARDIM_APTO_J',4),(35,'PHA_NET_Fachada_Embasamento_Carro',4),(36,'EDI_ONE_Living_Tipo_360',14);
/*!40000 ALTER TABLE `imagem_animacao` ENABLE KEYS */;
UNLOCK TABLES;

--
-- Table structure for table `imagens_cliente_obra`
--

DROP TABLE IF EXISTS `imagens_cliente_obra`;
/*!40101 SET @saved_cs_client     = @@character_set_client */;
/*!50503 SET character_set_client = utf8mb4 */;
CREATE TABLE `imagens_cliente_obra` (
  `idimagens_cliente_obra` int(11) NOT NULL AUTO_INCREMENT,
  `cliente_id` int(11) NOT NULL,
  `obra_id` int(11) NOT NULL,
  `imagem_nome` varchar(255) COLLATE utf8mb4_unicode_ci NOT NULL,
  `recebimento_arquivos` date DEFAULT NULL,
  `data_inicio` date DEFAULT NULL,
  `prazo` date DEFAULT NULL,
  `tipo_imagem` varchar(55) COLLATE utf8mb4_unicode_ci DEFAULT NULL,
  `status_id` int(11) DEFAULT NULL,
  `dias_uteis` int(11) DEFAULT NULL,
  PRIMARY KEY (`idimagens_cliente_obra`),
  KEY `cliente_id` (`cliente_id`),
  KEY `obra_id` (`obra_id`),
  KEY `status_imagem` (`status_id`),
  CONSTRAINT `imagens_cliente_obra_ibfk_1` FOREIGN KEY (`cliente_id`) REFERENCES `cliente` (`idcliente`),
  CONSTRAINT `imagens_cliente_obra_ibfk_2` FOREIGN KEY (`obra_id`) REFERENCES `obra` (`idobra`),
  CONSTRAINT `status_imagem` FOREIGN KEY (`status_id`) REFERENCES `status_imagem` (`idstatus`)
) ENGINE=InnoDB AUTO_INCREMENT=620 DEFAULT CHARSET=utf8mb4 COLLATE=utf8mb4_unicode_ci;
/*!40101 SET character_set_client = @saved_cs_client */;

--
-- Dumping data for table `imagens_cliente_obra`
--

LOCK TABLES `imagens_cliente_obra` WRITE;
/*!40000 ALTER TABLE `imagens_cliente_obra` DISABLE KEYS */;
INSERT INTO `imagens_cliente_obra` VALUES (1,1,1,'1. MSA_SQU Fotomontagem aérea com inserção do empreendimento em terreno real ângulo 1','2024-09-07','2024-09-07','2024-09-02','Fachada',6,NULL),(2,1,1,'2. MSA_SQU Fotomontagem aérea com inserção do empreendimento em terreno real ângulo 2','2024-09-07','2024-09-07','2024-09-02','Fachada',6,NULL),(3,1,1,'3. MSA_SQU Fachada no ângulo do observador','2024-09-07','2024-09-07','2024-09-02','Fachada',6,NULL),(4,1,1,'4. MSA_SQU Embasamento mostrando área comercial','2024-09-07','2024-09-07','2024-09-02','Fachada',6,NULL),(5,1,1,'5. MSA_SQU Hall de entrada','2024-09-07','2024-09-07','2024-09-02','Imagem Interna',6,NULL),(6,1,1,'6. MSA_SQU Salão de festas a definir (1 ou 2) Qual ficar maior e melhor','2024-09-07','2024-09-07','2024-09-02','Imagem Interna',6,NULL),(7,1,1,'7. MSA_SQU Sala de jogos / PUB','2024-09-07','2024-09-07','2024-09-02','Imagem Interna',6,NULL),(8,1,1,'8. MSA_SQU Academia','2024-09-07','2024-09-07','2024-09-02','Imagem Interna',6,NULL),(9,1,1,'9. MSA_SQU Quiosque Piscina','2024-09-07','2024-09-07','2024-09-02','Imagem Interna',6,NULL),(10,1,1,'10. MSA_SQU Brinquedoteca','2024-09-07','2024-09-07','2024-09-02','Imagem Interna',6,NULL),(11,1,1,'11. MSA_SQU Piscina','2024-09-07','2024-09-07','2024-09-02','Imagem Externa',6,NULL),(12,1,1,'12. MSA_SQU Lounge Ofurô','2024-09-07','2024-09-07','2024-09-02','Imagem Externa',6,NULL),(13,1,1,'13. MSA_SQU Living do apartamento tipo (unidade à definir)','2024-09-07','2024-09-07','2024-09-02','Imagem Interna',6,NULL),(14,1,1,'14. MSA_SQU Suíte do apartamento tipo (unidade à definir)','2024-09-07','2024-09-07','2024-09-02','Imagem Interna',2,NULL),(15,1,1,'15. MSA_SQU Sacada com vista real do apartamento face rua Dorvalino','2024-09-07','2024-09-07','2024-09-02','Imagem Interna',6,NULL),(16,1,1,'16. MSA_SQU Sacada com vista real do apartamento face rua Dorvalino','2024-09-07','2024-09-07','2024-09-02','Imagem Interna',6,NULL),(17,1,1,'17. MSA_SQU Sacada com vista real do apartamento face rua Dorvalino','2024-09-07','2024-09-07','2024-09-02','Imagem Interna',6,NULL),(18,1,1,'18. MSA_SQU Planta humanizada implantação geral mostrando o pavimento térreo','2024-09-07','2024-09-07','2024-09-02','Planta Humanizada',2,NULL),(19,1,1,'19. MSA_SQU Planta humanizada do pavimento lazer','2024-09-07','2024-09-07','2024-09-02','Planta Humanizada',6,NULL),(20,1,1,'20. MSA_SQU Planta humanizada do pavimento tipo','2024-09-07','2024-09-07','2024-09-02','Planta Humanizada',6,NULL),(21,5,5,'1. AYA_CAS Portaria','2024-10-02','2024-08-21','2024-11-08','Fachada',1,NULL),(22,5,5,'2. AYA_CAS Boulevard entre casas','2024-10-02','2024-08-21','2024-11-08','Imagem Externa',1,NULL),(23,5,5,'3. AYA_CAS Fotomontagem aérea','2024-10-02','2024-08-21','2024-11-08','Fachada',1,NULL),(24,5,5,'4. AYA_CAS Implantação','2024-10-02','2024-08-21','2024-11-08','Fachada',1,NULL),(25,5,5,'5. AYA_CAS Casa fundos','2024-10-02','2024-08-21','2024-11-08','Fachada',1,NULL),(26,5,5,'6. AYA_CAS Living olhando para fora ângulo 1','2024-10-02','2024-08-21','2024-11-08','Imagem Interna',1,NULL),(27,5,5,'7. AYA_CAS Living olhando para fora ângulo 2','2024-10-02','2024-08-21','2024-11-08','Imagem Interna',1,NULL),(28,5,5,'8. AYA_CAS Fachada aérea','2024-10-02','2024-08-21','2024-11-08','Fachada',1,NULL),(29,5,5,'9. AYA_CAS Suíte casa nova olhando para copa das árvores','2024-10-02','2024-08-21','2024-11-08','Imagem Interna',1,NULL),(30,3,3,'1. RDO_VIL Fachada diurna','2024-07-12','2024-07-12','2024-08-28','Fachada',6,NULL),(31,3,3,'2. RDO_VIL Fachada noturna','2024-07-12','2024-07-12','2024-08-28','Fachada',6,NULL),(32,3,3,'3. RDO_VIL Fachada com aproximação do pórtico','2024-07-12','2024-07-12','2024-08-28','Fachada',6,NULL),(33,3,3,'4. RDO_VIL Imagem de drone com a fachada aplicada (temos essa imagem).','2024-07-12','2024-07-12','2024-08-28','Fachada',6,NULL),(34,3,3,'5. RDO_VIL Hall de entrada','2024-07-12','2024-07-12','2024-08-28','Imagem Interna',6,NULL),(35,3,3,'6. RDO_VIL Business','2024-07-12','2024-07-12','2024-08-28','Imagem Interna',6,NULL),(36,3,3,'7. RDO_VIL Salão de festas','2024-07-12','2024-07-12','2024-08-28','Imagem Interna',6,NULL),(37,3,3,'8. RDO_VIL Gourmet','2024-07-12','2024-07-12','2024-08-28','Imagem Interna',6,NULL),(38,3,3,'9. RDO_VIL Varanda','2024-07-12','2024-07-12','2024-08-28','Imagem Interna',6,NULL),(39,3,3,'10. RDO_VIL Pub','2024-07-12','2024-07-12','2024-08-28','Imagem Interna',6,NULL),(40,3,3,'11. RDO_VIL Sala de jogos','2024-07-12','2024-07-12','2024-08-28','Imagem Interna',6,NULL),(41,3,3,'12. RDO_VIL Teens','2024-07-12','2024-07-12','2024-08-28','Imagem Interna',6,NULL),(42,3,3,'13. RDO_VIL Kids','2024-07-12','2024-07-12','2024-08-28','Imagem Interna',6,NULL),(43,3,3,'14. RDO_VIL Play+Petplace (externo)','2024-07-12','2024-07-12','2024-08-28','Imagem Externa',6,NULL),(44,3,3,'15. RDO_VIL Piscina aquecida','2024-07-12','2024-07-12','2024-08-28','Imagem Externa',6,NULL),(45,3,3,'16. RDO_VIL Spa','2024-07-12','2024-07-12','2024-08-28','Imagem Externa',6,NULL),(46,3,3,'17. RDO_VIL Academia','2024-07-12','2024-07-12','2024-08-28','Imagem Interna',6,NULL),(47,3,3,'18. RDO_VIL Market','2024-07-12','2024-07-12','2024-08-28','Imagem Interna',6,NULL),(48,3,3,'19. RDO_VIL Quiosque+quadra','2024-07-12','2024-07-12','2024-08-28','Imagem Externa',6,NULL),(49,3,3,'20. RDO_VIL Fireplace + horta','2024-07-12','2024-07-12','2024-08-28','Imagem Externa',6,NULL),(50,3,3,'21. RDO_VIL Car Care/Vagas verdes','2024-07-12','2024-07-12','2024-08-28','Imagem Interna',6,NULL),(51,3,3,'22. RDO_VIL Bicicletário','2024-07-12','2024-07-12','2024-08-28','Imagem Interna',6,NULL),(52,3,3,'23. RDO_VIL Living de um apartamento','2024-07-12','2024-07-12','2024-08-28','Imagem Interna',6,NULL),(53,3,3,'24. RDO_VIL Planta humanizada do pavimento lazer','2024-07-12','2024-07-12','2024-08-28','Planta Humanizada',1,NULL),(54,4,4,'1. PHA_NET Fotomontagem 1','2024-06-07','2024-06-07','2024-08-12','Fachada',6,NULL),(55,4,4,'2. PHA_NET Fotomontagem 2','2024-06-07','2024-06-07','2024-10-29','Fachada',6,NULL),(56,4,4,'3. PHA_NET Fotomontagem foco 20','2024-06-07','2024-06-07','2024-08-12','Fachada',6,NULL),(57,4,4,'4. PHA_NET Fachada observador','2024-06-07','2024-06-07','2024-10-29','Fachada',6,NULL),(58,4,4,'5. PHA_NET Embasamento frontal','2024-06-07','2024-06-07','2024-08-01','Fachada',6,NULL),(59,4,4,'6. PHA_NET Fachada diurna','2024-06-07','2024-06-07','2024-08-01','Fachada',6,NULL),(60,4,4,'7. PHA_NET Fachada angular noturna','2024-06-07','2024-06-07','2024-11-07','Fachada',2,NULL),(61,4,4,'8. PHA_NET Boulevard 1','2024-06-07','2024-06-07','2024-08-01','Imagem Externa',6,NULL),(62,4,4,'9. PHA_NET Boulevard 2','2024-06-07','2024-06-07','2024-08-01','Imagem Externa',6,NULL),(63,4,4,'10. PHA_NET Boulevard Noturno','2024-06-07','2024-06-07','2024-10-29','Imagem Externa',2,NULL),(64,4,4,'11. PHA_NET Hall entrada + mini market','2024-06-07','2024-06-07','2024-10-29','Imagem Interna',2,NULL),(65,4,4,'12. PHA_NET Piscina adulto','2024-06-07','2024-06-07','2024-08-01','Imagem Externa',6,NULL),(66,4,4,'13. PHA_NET Área deck','2024-06-07','2024-06-07','2024-10-29','Imagem Externa',6,NULL),(67,4,4,'14. PHA_NET Piscina infantil','2024-06-07','2024-06-07','2024-10-29','Imagem Externa',9,NULL),(68,4,4,'15. PHA_NET SPA/Sauna','2024-06-07','2024-06-07','2024-10-29','Imagem Interna',3,NULL),(69,4,4,'16. PHA_NET Academia','2024-06-07','2024-06-07','2024-08-01','Imagem Interna',6,NULL),(70,4,4,'17. PHA_NET Brinquedoteca','2024-06-07','2024-06-07','2024-08-01','Imagem Interna',6,NULL),(71,4,4,'18. PHA_NET Salão festas','2024-06-07','2024-06-07','2024-08-01','Imagem Interna',6,NULL),(72,4,4,'19. PHA_NET Gourmet','2024-06-07','2024-06-07','2024-10-29','Imagem Interna',2,NULL),(73,4,4,'20. PHA_NET Lounge gourmet','2024-06-07','2024-06-07','2024-10-29','Imagem Interna',2,NULL),(74,4,4,'21. PHA_NET Lâmina água','2024-06-07','2024-06-07','2024-10-29','Imagem Externa',3,NULL),(75,4,4,'22. PHA_NET Area fogo','2024-06-07','2024-06-07','2024-10-29','Imagem Externa',6,NULL),(76,4,4,'23. PHA_NET Playground','2024-06-07','2024-06-07','2024-08-01','Imagem Externa',6,NULL),(77,4,4,'24. PHA_NET Lounge externo','2024-06-07','2024-06-07','2024-08-01','Imagem Externa',3,NULL),(78,4,4,'25. PHA_NET Coworking','2024-06-07','2024-06-07','2024-10-29','Imagem Interna',2,NULL),(79,4,4,'26. PHA_NET Wine bar','2024-06-07','2024-06-07','2024-10-29','Imagem Interna',2,NULL),(80,4,4,'27. PHA_NET Sala de jogos','2024-06-07','2024-06-07','2024-10-29','Imagem Interna',2,NULL),(81,4,4,'28. PHA_NET Planta baixa lazer','2024-06-07','2024-06-07','2024-10-29','Planta Humanizada',6,NULL),(82,4,4,'29. PHA_NET Planta baixa mezanino','2024-06-07','2024-06-07','2024-10-29','Planta Humanizada',6,NULL),(83,4,4,'30. PHA_NET Planta baixa 8-19 (Referente ao pavimento 11/12)','2024-06-07','2024-06-07','2024-10-29','Planta Humanizada',6,NULL),(84,4,4,'31. PHA_NET Living apto K fechada','2024-06-07','2024-06-07','2024-08-01','Imagem Interna',6,NULL),(85,4,4,'32. PHA_NET Living apto F aberta','2024-06-07','2024-06-07','2024-08-01','Imagem Interna',6,NULL),(86,4,4,'33. PHA_NET Planta baixa 20','2024-06-07','2024-06-07','2024-10-29','Planta Humanizada',2,NULL),(87,4,4,'34. PHA_NET Jardim apto J','2024-06-07','2024-06-07','2024-08-01','Imagem Interna',6,NULL),(88,4,4,'35. PHA_NET Planta baixa 21-29 (Referente ao pavimento 26/27)','2024-06-07','2024-06-07','2024-10-29','Planta Humanizada',6,NULL),(89,4,4,'36. PHA_NET Living apto G','2024-06-07','2024-06-07','2024-08-01','Imagem Interna',6,NULL),(90,4,4,'37. PHA_NET Planta baixa 30','2024-06-07','2024-06-07','2024-10-29','Planta Humanizada',6,NULL),(91,4,4,'38. PHA_NET Planta baixa 31','2024-06-07','2024-06-07','2024-10-29','Planta Humanizada',2,NULL),(92,4,4,'39. PHA_NET Living apto Q','2024-06-07','2024-06-07','2024-08-01','Imagem Interna',6,NULL),(93,6,6,'1. HSA_WIN Fotomontagem aérea com inserção da torre em terreno real','2024-09-05','2024-08-21','2024-11-22','Fachada',2,NULL),(94,6,6,'2. HSA_WIN Fachada diurna no angulo do observador (portfólio)','2024-09-05','2024-08-21','2024-11-22','Fachada',2,NULL),(95,6,6,'3. HSA_WIN Fachada noturna','2024-09-05','2024-08-21','2024-11-22','Fachada',2,NULL),(96,6,6,'4. HSA_WIN Playground mostrando Mini Quadra','2024-09-05','2024-08-21','2024-11-22','Imagem Externa',7,NULL),(97,6,6,'5. HSA_WIN Espaço fogo','2024-09-05','2024-08-21','2024-11-22','Imagem Externa',7,NULL),(98,6,6,'6. HSA_WIN Academia','2024-09-05','2024-08-21','2024-11-22','Imagem Interna',7,NULL),(99,6,6,'7. HSA_WIN Gourmet da piscina','2024-09-05','2024-08-21','2024-11-22','Imagem Interna',2,NULL),(100,6,6,'8. HSA_WIN SPA','2024-09-05','2024-08-21','2024-11-22','Imagem Interna',2,NULL),(101,6,6,'9. HSA_WIN Salão de festas','2024-09-05','2024-08-21','2024-11-22','Imagem Interna',2,NULL),(102,6,6,'10. HSA_WIN Sala de jogos','2024-09-05','2024-08-21','2024-11-22','Imagem Interna',2,NULL),(103,6,6,'11. HSA_WIN  Espaço poker','2024-09-05','2024-08-21','2024-11-22','Imagem Interna',2,NULL),(104,6,6,'12. HSA_WIN Espaço kids','2024-09-05','2024-08-21','2024-11-22','Imagem Interna',2,NULL),(105,6,6,'13. HSA_WIN Hall de entrada','2024-09-05','2024-08-21','2024-11-22','Imagem Interna',2,NULL),(106,6,6,'14. HSA_WIN Piscinas - Foco na piscina infantil','2024-09-05','2024-08-21','2024-11-22','Imagem Externa',7,NULL),(107,6,6,'15. HSA_WIN Piscinas - Foco na piscina adulto','2024-09-05','2024-08-21','2024-11-22','Imagem Externa',7,NULL),(108,6,6,'16. HSA_WIN Piscinas - Foco nos ambientes de estar','2024-09-05','2024-08-21','2024-11-22','Imagem Externa',7,NULL),(109,6,6,'17. HSA_WIN Living do apartamento tipo 1 - Geral','2024-09-05','2024-08-21','2024-11-22','Imagem Interna',2,NULL),(110,6,6,'18. HSA_WIN Living do apartamento tipo 1 - Ângulo 2','2024-09-05','2024-08-21','2024-11-22','Imagem Interna',2,NULL),(111,6,6,'19. HSA_WIN Suíte do apartamento tipo 1','2024-09-05','2024-08-21','2024-11-22','Imagem Interna',2,NULL),(112,6,6,'20. HSA_WIN Planta do pavimento lazer','2024-09-05','2024-08-21','2024-11-22','Imagem Interna',7,NULL),(113,6,6,'21. HSA_WIN Planta humanizada do apartamento tipo','2024-09-05','2024-08-21','2024-11-22','Planta Humanizada',7,NULL),(114,6,16,'1.HSA_MON Fotomontagem aérea com inserção do empreendimento em terreno real ângulo 1','2024-09-06','2024-09-06','2024-09-06','Fachada',2,NULL),(115,6,16,'2.HSA_MON Fotomontagem aérea com foco no Lazer do 21° Pavimento','2024-09-06','2024-09-06','2024-09-06','Fachada',2,NULL),(116,6,16,'3.HSA_MON Fotomontagem aérea com foco no topo da torre e horizonte','2024-09-06','2024-09-06','2024-09-06','Fachada',2,NULL),(117,6,16,'4.HSA_MON Fachada no ângulo do observador Diurna','2024-09-06','2024-09-06','2024-09-06','Fachada',2,NULL),(118,6,16,'5.HSA_MON Fachada no ângulo do observador Noturna','2024-09-06','2024-09-06','2024-09-06','Fachada',2,NULL),(119,6,16,'6.HSA_MON Fachada no ângulo de portfólio','2024-09-06','2024-09-06','2024-09-06','Fachada',2,NULL),(120,6,16,'7.HSA_MON Hall de entrada','2024-09-06','2024-09-06','2024-09-06','Imagem Interna',2,NULL),(121,6,16,'8.HSA_MON Bar molhado','2024-09-06','2024-09-06','2024-09-06','Fachada',2,NULL),(122,6,16,'9.HSA_MON Piscinas ângulo 1','2024-09-06','2024-09-06','2024-09-06','Imagem Externa',2,NULL),(123,6,16,'10.HSA_MON Piscinas ângulo 2','2024-09-06','2024-09-06','2024-09-06','Imagem Externa',2,NULL),(124,6,16,'11.HSA_MON Quiosque da piscina','2024-09-06','2024-09-06','2024-09-06','Imagem Interna',2,NULL),(125,6,16,'12.HSA_MON Fire place','2024-09-06','2024-09-06','2024-09-06','Imagem Externa',2,NULL),(126,6,16,'13.HSA_MON Playground','2024-09-06','2024-09-06','2024-09-06','Imagem Externa',2,NULL),(127,6,16,'14.HSA_MON Salão de festas','2024-09-06','2024-09-06','2024-09-06','Imagem Interna',2,NULL),(128,6,16,'15.HSA_MON Terraço do Salão de festas','2024-09-06','2024-09-06','2024-09-06','Imagem Externa',2,NULL),(129,6,16,'16.HSA_MON Espaço kids','2024-09-06','2024-09-06','2024-09-06','Imagem Externa',2,NULL),(130,6,16,'17.HSA_MON Pet Care olhando para espaço Pet','2024-09-06','2024-09-06','2024-09-06','Imagem Externa',2,NULL),(131,6,16,'18.HSA_MON Academia','2024-09-06','2024-09-06','2024-09-06','Imagem Interna',2,NULL),(132,6,16,'19.HSA_MON Piscina aquecida','2024-09-06','2024-09-06','2024-09-06','Imagem Interna',2,NULL),(133,6,16,'20.HSA_MON Sala de jogos','2024-09-06','2024-09-06','2024-09-06','Imagem Interna',2,NULL),(134,6,16,'21.HSA_MON Ambiente da área de lazer a definir','2024-09-06','2024-09-06','2024-09-06','Imagem Interna',2,NULL),(135,6,16,'22.HSA_MON Sky Pub','2024-09-06','2024-09-06','2024-09-06','Imagem Interna',2,NULL),(136,6,16,'23.HSA_MON Espaço kids','2024-09-06','2024-09-06','2024-09-06','Imagem Interna',2,NULL),(137,6,16,'24.HSA_MON Terraço','2024-09-06','2024-09-06','2024-09-06','Imagem Interna',2,NULL),(138,6,16,'25.HSA_MON Wine lounge','2024-09-06','2024-09-06','2024-09-06','Imagem Interna',2,NULL),(139,6,16,'26.HSA_MON Living do apartamento tipo 1 + Sacada','2024-09-06','2024-09-06','2024-09-06','Imagem Interna',2,NULL),(140,6,16,'27.HSA_MON Vista real do living do apartamento tipo 1','2024-09-06','2024-09-06','2024-09-06','Imagem Interna',2,NULL),(141,6,16,'28.HSA_MON Sacada gourmet sensação da vista do apartamento tipo 1','2024-09-06','2024-09-06','2024-09-06','Imagem Interna',2,NULL),(142,6,16,'29.HSA_MON Suíte do apartamento tipo 1','2024-09-06','2024-09-06','2024-09-06','Imagem Interna',2,NULL),(143,6,16,'30.HSA_MON Living do apartamento Penthouse ângulo 1','2024-09-06','2024-09-06','2024-09-06','Imagem Interna',2,NULL),(144,6,16,'31.HSA_MON Living do apartamento Penthouse ângulo 2','2024-09-06','2024-09-06','2024-09-06','Imagem Interna',2,NULL),(145,6,16,'32.HSA_MON Living do apartamento Penthouse foco na vista','2024-09-06','2024-09-06','2024-09-06','Imagem Interna',2,NULL),(146,6,16,'33.HSA_MON Suíte do apartamento Penthouse','2024-09-06','2024-09-06','2024-09-06','Imagem Interna',2,NULL),(147,6,16,'34.HSA_MON Suíte do apartamento Penthouse com foco no closet','2024-09-06','2024-09-06','2024-09-06','Imagem Interna',2,NULL),(148,6,16,'35.HSA_MON Vista da banheira da suíte do apartamento Penthouse','2024-09-06','2024-09-06','2024-09-06','Imagem Interna',2,NULL),(149,6,16,'36.HSA_MON Planta humanizada implantação geral mostrando o pavimento térreo','2024-09-06','2024-09-06','2024-09-06','Planta Humanizada',2,NULL),(150,6,16,'37.HSA_MON Planta humanizada do pavimento lazer - 4° Pavimento','2024-09-06','2024-09-06','2024-09-06','Planta Humanizada',2,NULL),(151,6,16,'38.HSA_MON Planta humanizada do pavimento lazer - 21° Pavimento','2024-09-06','2024-09-06','2024-09-06','Planta Humanizada',2,NULL),(152,6,16,'39.HSA_MON Planta humanizada do pavimento Tipo','2024-09-06','2024-09-06','2024-09-06','Planta Humanizada',2,NULL),(153,6,16,'40.HSA_MON Planta humanizada do pavimento Penthouse','2024-09-06','2024-09-06','2024-09-06','Planta Humanizada',2,NULL),(154,13,17,'1. OTT_EKO Fotomontagem aérea - Inserção do empreendimento em terreno real visto do mar ângulo 1','2024-09-06','2024-09-06','2024-09-06','Fachada',9,NULL),(155,13,17,'2. OTT_EKO Fotomontagem aérea - Inserção do empreendimento em terreno real visto do mar ângulo 2','2024-09-06','2024-09-06','2024-09-06','Fachada',9,NULL),(156,13,17,'3. OTT_EKO Fachada diurna no angulo do observador','2024-09-06','2024-09-06','2024-09-06','Fachada',9,NULL),(157,13,17,'4. OTT_EKO Embasamento com foco no acesso','2024-09-06','2024-09-06','2024-09-06','Fachada',9,NULL),(158,13,17,'5. OTT_EKO Hall de entrada','2024-09-06','2024-09-06','2024-09-06','Imagem Interna',9,NULL),(159,13,17,'6. OTT_EKO Piscina 1 com vista fotográfica real','2024-09-06','2024-09-06','2024-09-06','Imagem Externa',9,NULL),(160,13,17,'7. OTT_EKO Piscina 2 com vista fotográfica real','2024-09-06','2024-09-06','2024-09-06','Imagem Externa',9,NULL),(161,13,17,'8. OTT_EKO Bar da piscina 1','2024-09-06','2024-09-06','2024-09-06','Imagem Externa',9,NULL),(162,13,17,'9. OTT_EKO Academia com sacada com vista para o mar','2024-09-06','2024-09-06','2024-09-06','Imagem Interna',9,NULL),(163,13,17,'10. OTT_EKO Gamming room','2024-09-06','2024-09-06','2024-09-06','Imagem Interna',9,NULL),(164,13,17,'11. OTT_EKO Salão de festas mostrando terraço com vista fotográfica real','2024-09-06','2024-09-06','2024-09-06','Imagem Interna',9,NULL),(165,13,17,'12. OTT_EKO Sacada do Salão de festas com vista fotográfica real','2024-09-06','2024-09-06','2024-09-06','Imagem Interna',9,NULL),(166,13,17,'13. OTT_EKO Living do apartamento tipo final 1 com vista fotográfica real para o mar','2024-09-06','2024-09-06','2024-09-06','Imagem Interna',9,NULL),(167,13,17,'14. OTT_EKO Living do apartamento tipo final 2 ou 3 com vista fotográfica real para o mar','2024-09-06','2024-09-06','2024-09-06','Imagem Interna',9,NULL),(168,13,17,'16. OTT_EKO Living do apartamento cobertura final 1 com vista fotográfica real para o mar','2024-09-06','2024-09-06','2024-09-06','Imagem Interna',9,NULL),(169,13,17,'17. OTT_EKO Área de festas do apartamento cobertura final 1 com vista fotográfica real','2024-09-06','2024-09-06','2024-09-06','Imagem Interna',9,NULL),(170,13,17,'18. OTT_EKO Planta humanizada do pavimento lazer','2024-09-06','2024-09-06','2024-09-06','Planta Humanizada',9,NULL),(171,13,17,'19. OTT_EKO Planta humanizada do apartamento tipo 1','2024-09-06','2024-09-06','2024-09-06','Planta Humanizada',9,NULL),(172,13,17,'20. OTT_EKO Planta humanizada do apartamento tipo 2','2024-09-06','2024-09-06','2024-09-06','Planta Humanizada',9,NULL),(173,13,17,'21. OTT_EKO Planta humanizada do apartamento tipo 3','2024-09-06','2024-09-06','2024-09-06','Planta Humanizada',9,NULL),(174,13,17,'22. OTT_EKO Planta humanizada do apartamento cobertura inferior 1','2024-09-06','2024-09-06','2024-09-06','Planta Humanizada',9,NULL),(175,13,17,'23. OTT_EKO Planta humanizada do apartamento cobertura superior 1','2024-09-06','2024-09-06','2024-09-06','Planta Humanizada',9,NULL),(176,13,17,'24. OTT_EKO Planta humanizada do apartamento cobertura inferior 2','2024-09-06','2024-09-06','2024-09-06','Planta Humanizada',9,NULL),(177,13,17,'25. OTT_EKO Planta humanizada do apartamento cobertura superior 2','2024-09-06','2024-09-06','2024-09-06','Planta Humanizada',9,NULL),(178,13,17,'26. OTT_EKO Planta humanizada do apartamento cobertura inferior 3','2024-09-06','2024-09-06','2024-09-06','Planta Humanizada',9,NULL),(179,13,17,'27. OTT_EKO Planta humanizada do apartamento cobertura superior 3','2024-09-06','2024-09-06','2024-09-06','Planta Humanizada',9,NULL),(180,8,8,'26. DOM_MOR PLANTA HUMANIZADA DO PAVIMENTO SUBSOLO','2024-09-06','2024-09-06','2024-09-06','Planta Humanizada',2,NULL),(181,8,8,'27. DOM_MOR PLANTA HUMANIZADA IMPLANTAÇÃO MOSTRANDO PAVIMENTO DE LAZER','2024-09-06','2024-09-06','2024-09-17','Planta Humanizada',3,NULL),(182,8,8,'28. DOM_MOR PLANTA HUMANIZADA DO PAVIMENTO MEZANINO TORRE A JUNTAMENTE COM O 1º PAVIMENTO TORRE B','2024-09-06','2024-09-06','2024-09-17','Planta Humanizada',3,NULL),(183,8,8,'29. DOM_MOR PLANTA HUMANIZADA DO 1º PAVIMENTO TORRE A JUNTAMENTE COM O 2º PAVIMENTO TORRE B','2024-09-06','2024-09-06','2024-09-17','Planta Humanizada',3,NULL),(184,8,8,'30. DOM_MOR PLANTA HUMANIZADA DO 2º PAVIMENTO TORRE A JUNTAMENTE COM O 3º PAVIMENTO TORRE B','2024-09-06','2024-09-06','2024-09-17','Planta Humanizada',3,NULL),(185,8,8,'31. DOM_MOR PLANTA HUMANIZADA DO 3º PAVIMENTO TORRE A JUNTAMENTE COM O MEZANINO TORRE B','2024-09-06','2024-09-06','2024-09-17','Planta Humanizada',3,NULL),(186,8,8,'32. DOM_MOR PLANTA HUMANIZADA DO PAVIMENTO DAS COBERTURAS DAS TORRES A E B','2024-09-06','2024-09-06','2024-09-17','Planta Humanizada',3,NULL),(187,14,18,'1. FG_TRI Fachada no angulo do observador de baixo - Diurna','2024-09-11','2024-09-11','2024-10-23','Fachada',3,NULL),(188,14,18,'2. FG_TRI_Fotomontagem_RSVI7835\r\n','2024-09-11','2024-09-11','2024-10-23','Fachada',3,NULL),(189,14,18,'3. FG_TRI_Fotomontagem_RSVI8085\r\n','2024-09-11','2024-09-11','2024-10-23','Fachada',3,NULL),(190,14,18,'4. FG_TRI_Fotomontagem_RSVI8389','2024-09-11','2024-09-11','2024-10-23','Fachada',3,NULL),(191,14,18,'5. FG_TRI_Fotomontagem_RSVI9033','2024-09-11','2024-09-11','2024-10-23','Fachada',3,NULL),(192,14,18,'6. FG_TRI Fachada no angulo do observador de baixo - Sunset','2024-09-11','2024-09-11','2024-10-23','Fachada',7,NULL),(193,14,18,'7. FG_TRI_Fotomontagem_RSVI777\r\n','2024-09-11','2024-09-11','2024-10-23','Fachada',3,NULL),(194,14,18,'8. FG_TRI Aérea do lazer de topo - Lazer 1 posterior','2024-09-11','2024-09-11','2024-10-23','Imagem externa',7,NULL),(195,14,18,'9. FG_TRI Quadra','2024-09-11','2024-09-11','2024-10-23','Imagem externa',7,NULL),(196,14,18,'10. FG_TRI Pet place','2024-09-11','2024-09-11','2024-10-23','Imagem externa',7,NULL),(197,14,18,'11. FG_TRI Fire place','2024-09-11','2024-09-11','2024-10-23','Imagem externa',7,NULL),(198,14,18,'12. FG_TRI Caminhos angulo 1','2024-09-11','2024-09-11','2024-10-23','Imagem externa',7,NULL),(199,14,18,'13. FG_TRI Caminhos angulo 2','2024-09-11','2024-09-11','2024-10-23','Imagem externa',7,NULL),(200,14,18,'14. FG_TRI Caminhos angulo 3','2024-09-11','2024-09-11','2024-10-23','Imagem externa',7,NULL),(201,14,18,'15. FG_TRI Bar - Lazer 1 posterior','2024-09-11','2024-09-11','2024-10-23','Imagem externa',7,NULL),(202,14,18,'16. FG_TRI Piscina ângulo 1 - Lazer 1 frente mar','2024-09-11','2024-09-11','2024-10-23','Imagem externa',2,NULL),(203,14,18,'17. FG_TRI Piscina ângulo 2 - Lazer 1 frente mar','2024-09-11','2024-09-11','2024-10-23','Imagem externa',2,NULL),(204,14,18,'18. FG_TRI Piscina ângulo 3 - Lazer 1 frente mar','2024-09-11','2024-09-11','2024-10-23','Imagem externa',2,NULL),(205,14,18,'19. FG_TRI Estar da piscina - Lazer 1 frente mar','2024-09-11','2024-09-11','2024-10-23','Imagem externa',2,NULL),(206,14,18,'20. FG_TRI Estar da piscina - Lazer 1 frente mar','2024-09-11','2024-09-11','2024-10-23','Imagem externa',2,NULL),(207,14,18,'21. FG_TRI Bar da piscina - Lazer 1 frente mar','2024-09-11','2024-09-11','2024-10-23','Imagem externa',2,NULL),(208,14,18,'22. FG_TRI Piscina ângulo 1 - Lazer 2','2024-09-11','2024-09-11','2024-10-23','Imagem externa',2,NULL),(209,14,18,'23. FG_TRI Piscina ângulo 2 - Lazer 2','2024-09-11','2024-09-11','2024-10-23','Imagem externa',2,NULL),(210,14,18,'24. FG_TRI Estar da piscina ângulo 1 - Lazer 2','2024-09-11','2024-09-11','2024-10-23','Imagem externa',2,NULL),(211,14,18,'25. FG_TRI Estar da piscina ângulo 2 - Lazer 2','2024-09-11','2024-09-11','2024-10-23','Imagem externa',2,NULL),(212,14,18,'26. FG_TRI Estar da piscina ângulo 3 - Lazer 2','2024-09-11','2024-09-11','2024-10-23','Imagem externa',2,NULL),(213,14,18,'27. FG_TRI Estar da piscina ângulo 4 - Lazer 2','2024-09-11','2024-09-11','2024-10-23','Imagem externa',2,NULL),(214,8,8,'1. DOM_MOR Externa aérea / frontal com mar','2024-09-06','2024-09-06','2024-09-06','Imagem Externa',1,NULL),(215,8,8,'2. DOM_MOR Externa Lateral com piscina','2024-09-06','2024-09-06','2024-09-17','Imagem Externa',6,NULL),(216,8,8,'3. DOM_MOR Externa Fundos com acesso rua','2024-09-06','2024-09-06','2024-09-17','Imagem Externa',6,NULL),(217,8,8,'4. DOM_MOR Externa Paisagismo circulações ACESSO','2024-09-06','2024-09-06','2024-09-06','Imagem Externa',1,NULL),(218,8,8,'5. DOM_MOR Externa Paisagismo circulações ao mar','2024-09-06','2024-09-06','2024-09-06','Imagem Externa',1,NULL),(219,8,8,'6. DOM_MOR Externa pet place + ACADEMIA EXTERNA','2024-09-06','2024-09-06','2024-09-17','Imagem Externa',3,NULL),(220,8,8,'7. DOM_MOR Externa piscina + Espaço FOGO','2024-09-06','2024-09-06','2024-09-06','Imagem Externa',1,NULL),(221,8,8,'8. DOM_MOR Externa ESPAÇO BALANÇOS','2024-09-06','2024-09-06','2024-09-06','Imagem Externa',1,NULL),(222,8,8,'9. DOM_MOR Externa da praia olhando para prédio','2024-09-06','2024-09-06','2024-09-06','Imagem Externa',1,NULL),(223,8,8,'10. DOM_MOR Interno Gourmet Mezanino - integrados','2024-09-06','2024-09-06','2024-09-06','Imagem Interna',1,NULL),(224,8,8,'11. DOM_MOR Interno Gourmet Terreo','2024-09-06','2024-09-06','2024-09-06','Imagem Interna',1,NULL),(225,8,8,'12. DOM_MOR Interno Piscina aquecida','2024-09-06','2024-09-06','2024-09-17','Imagem Interna',6,NULL),(226,8,8,'13. DOM_MOR Interno Sauna','2024-09-06','2024-09-06','2024-09-06','Imagem Interna',1,NULL),(227,8,8,'14. DOM_MOR Interno Wine Bar','2024-09-06','2024-09-06','2024-09-06','Imagem Interna',9,NULL),(228,8,8,'15. DOM_MOR Interno Espaço Office','2024-09-06','2024-09-06','2024-09-06','Imagem Interna',9,NULL),(229,8,8,'16. DOM_MOR Interno Academia','2024-09-06','2024-09-06','2024-09-06','Imagem Interna',2,NULL),(230,8,8,'17. DOM_MOR Interno Brinquedoteca','2024-09-06','2024-09-06','2024-09-06','Imagem Interna',1,NULL),(231,8,8,'18. DOM_MOR Apto varanda vista mar - T05 TORRE A','2024-09-06','2024-09-06','2024-09-06','Imagem Interna',1,NULL),(232,8,8,'19. DOM_MOR Apto vista suite - L03 - TORRE B','2024-09-06','2024-09-06','2024-09-06','Imagem Interna',1,NULL),(233,8,8,'20. DOM_MOR Apto sala e varanda vista mar - C05 TORRE B','2024-09-06','2024-09-06','2024-09-06','Imagem Interna',1,NULL),(234,8,8,'21. DOM_MOR Fotomontagem','2024-09-06','2024-09-06','2024-09-06','Fachada',2,NULL),(235,8,8,'22. DOM_MOR Detalhe/conceito espreguiçadeira + piscina','2024-09-06','2024-09-06','2024-09-06','Imagem Interna',1,NULL),(236,8,8,'23. DOM_MOR Detalhe/conceito vista mar da suíte / cortina','2024-09-06','2024-09-06','2024-09-06','Imagem Interna',1,NULL),(237,8,8,'24. DOM_MOR Detalhe/conceito piscina aquecida','2024-09-06','2024-09-06','2024-09-06','Imagem Interna',6,NULL),(238,8,8,'25. DOM_MOR Detalhe/conceito hall entrada','2024-09-06','2024-09-06','2024-09-06','Imagem Interna',1,NULL),(270,1,12,'1. MSA_LIN Fotomontagem aérea com inserção do empreendimento em terreno real ângulo 1','2024-04-26','2024-04-26','2024-06-24','Fachada',2,NULL),(271,1,12,'2. MSA_LIN Fotomontagem aérea com inserção do empreendimento em terreno real ângulo 2','2024-04-26','2024-04-26','2024-06-24','Fachada',2,NULL),(272,1,12,'3. MSA_LIN Fachada no ângulo do observador','2024-04-26','2024-04-26','2024-11-01','Fachada',6,NULL),(273,1,12,'4. MSA_LIN Embasamento mostrando área comercial','2024-04-26','2024-04-26','2024-06-24','Fachada',6,NULL),(274,1,12,'5. MSA_LIN Hall de entrada','2024-04-26','2024-04-26','2024-11-01','Imagem Interna',3,NULL),(275,1,12,'6. MSA_LIN Quadra poliesportiva','2024-04-26','2024-04-26','2024-06-24','Imagem Externa',2,NULL),(276,1,12,'7. MSA_LIN Playground','2024-04-26','2024-04-26','2024-06-24','Imagem Externa',2,NULL),(277,1,12,'8. MSA_LIN Line park (Fire place antigo)','2024-04-26','2024-04-26','2024-11-01','Imagem Externa',3,NULL),(278,1,12,'9. MSA_LIN Coworking (Terraço antigo)','2024-04-26','2024-04-26','2024-06-24','Imagem Interna',6,NULL),(279,1,12,'10. MSA_LIN Espaço funcional','2024-04-26','2024-04-26','2024-06-24','Imagem Externa',2,NULL),(280,1,12,'11. MSA_LIN PUB / Sala de jogos','2024-04-26','2024-04-26','2024-06-24','Imagem Interna',6,NULL),(281,1,12,'12. MSA_LIN Academia','2024-04-26','2024-04-26','2024-06-24','Imagem Interna',2,NULL),(282,1,12,'13. MSA_LIN Boate (Espaço gourmet antigo)','2024-04-26','2024-04-26','2024-06-24','Imagem Interna',6,NULL),(283,1,12,'14. MSA_LIN Salão de festas','2024-04-26','2024-04-26','2024-06-24','Imagem Interna',6,NULL),(284,1,12,'15. MSA_LIN Market place','2024-04-26','2024-04-26','2024-06-24','Imagem Interna',6,NULL),(285,1,12,'16. MSA_LIN Brinquedoteca','2024-04-26','2024-04-26','2024-06-24','Imagem Interna',6,NULL),(286,1,12,'17. MSA_LIN Piscinas ângulo 1','2024-04-26','2024-04-26','2024-06-24','Imagem Externa',2,NULL),(287,1,12,'18. MSA_LIN Piscinas ângulo 2','2024-04-26','2024-04-26','2024-06-24','Imagem Externa',6,NULL),(288,1,12,'19. MSA_LIN Quiosque das piscinas','2024-04-26','2024-04-26','2024-06-24','Imagem Interna',6,NULL),(289,1,12,'20. MSA_LIN Living do apartamento tipo 1 ou 2','2024-04-26','2024-04-26','2024-06-24','Imagem Interna',2,NULL),(290,1,12,'21. MSA_LIN Sacada com vista real do apartamento tipo 1 ou 2','2024-04-26','2024-04-26','2024-06-24','Imagem Interna',2,NULL),(291,1,12,'22. MSA_LIN Suíte do apartamento tipo 1 ou 2','2024-04-26','2024-04-26','2024-06-24','Imagem Interna',6,NULL),(292,1,12,'23. MSA_LIN Living do apartamento tipo 3 ou 4','2024-04-26','2024-04-26','2024-06-24','Imagem Interna',2,NULL),(293,1,12,'24. MSA_LIN Suíte do apartamento tipo 3 ou 4','2024-04-26','2024-04-26','2024-06-24','Imagem Interna',6,NULL),(294,1,12,'25. MSA_LIN Sacada com vista real do apartamento tipo 3','2024-04-26','2024-04-26','2024-06-24','Imagem Interna',6,NULL),(295,1,12,'26. MSA_LIN Sacada com vista real do apartamento tipo 4','2024-04-26','2024-04-26','2024-06-24','Imagem Interna',6,NULL),(296,1,12,'27. MSA_LIN Planta humanizada implantação geral mostrando o pavimento térreo','2024-04-26','2024-04-26','2024-06-24','Planta Humanizada',2,NULL),(297,1,12,'28. MSA_LIN Planta humanizada do pavimento lazer','2024-04-26','2024-04-26','2024-06-24','Planta Humanizada',2,NULL),(298,1,12,'29. MSA_LIN Planta humanizada do pavimento tipo','2024-04-26','2024-04-26','2024-06-24','Planta Humanizada',2,NULL),(299,10,19,'1. INO_ITA Fachada noturna','2024-09-26','2024-09-26','2024-10-03','Fachada',6,NULL),(330,15,20,'1.DAN_UPP Fachada focada em uma torre','2024-10-21','2024-10-21','2024-12-13','Fachada',2,NULL),(331,15,20,'2.DAN_UPP Fachada ângulo a decidir','2024-10-21','2024-10-21','2024-11-04','Fachada',2,NULL),(332,15,20,'3.DAN_UPP Fachada mostrando torres','2024-10-21','2024-10-21','2024-11-04','Fachada',7,NULL),(333,15,20,'4.DAN_UPP Fachada aérea mostrando as areas de lazer entres as torres','2024-10-21','2024-10-21','2024-12-13','Fachada',7,NULL),(334,15,20,'5.DAN_UPP Fachada aérea mostrando sentido entrada olhando para as torres','2024-10-21','2024-10-21','2024-12-13','Fachada',7,NULL),(335,15,20,'6.DAN_UPP Hall de entrada','2024-10-21','2024-10-21','2024-12-13','Imagem interna',7,NULL),(336,15,20,'7.DAN_UPP Piscina','2024-10-21','2024-10-21','2024-11-04','Imagem externa',2,NULL),(337,15,20,'8.DAN_UPP Piscina ângulo','2024-10-21','2024-10-21','2024-12-13','Imagem externa',7,NULL),(338,15,20,'9.DAN_UPP Vending Machine - Terreo','2024-10-21','2024-10-21','2024-12-13','Imagem interna',7,NULL),(339,15,20,'10.DAN_UPP Salão de festas adulto - torre A','2024-10-21','2024-10-21','2024-11-04','Imagem interna',2,NULL),(340,15,20,'11.DAN_UPP Arena Gamer - Torre A','2024-10-21','2024-10-21','2024-12-13','Imagem Interna',2,NULL),(341,15,20,'12.DAN_UPP Cinema - Torre A','2024-10-21','2024-10-21','2024-12-13','Imagem Interna',7,NULL),(342,15,20,'13.DAN_UPP Espaço Beleza - Torre A','2024-10-21','2024-10-21','2024-12-13','Imagem Interna',2,NULL),(343,15,20,'14.DAN_UPP Churrasqueira - Torre B','2024-10-21','2024-10-21','2024-12-13','Imagem externa',7,NULL),(344,15,20,'15.DAN_UPP Playground - Torre B','2024-10-21','2024-10-21','2024-12-13','Imagem externa',7,NULL),(345,15,20,'16.DAN_UPP Espaço Yoga - Torre B','2024-10-21','2024-10-21','2024-12-13','Imagem Interna',2,NULL),(346,15,20,'17.DAN_UPP Salão de festas infantil','2024-10-21','2024-10-21','2024-12-13','Imagem interna',7,NULL),(347,15,20,'18.DAN_UPP Fitness - Dança e Luta - Torre B','2024-10-21','2024-10-21','2024-12-13','Imagem interna',7,NULL),(348,15,20,'19.DAN_UPP Mini Quadra esportiva - torre C','2024-10-21','2024-10-21','2024-12-13','Imagem Externa',7,NULL),(349,15,20,'20.DAN_UPP Pet Place - Torre C','2024-10-21','2024-10-21','2024-12-13','Imagem externa',7,NULL),(350,15,20,'21.DAN_UPP Brinquedoteca - Torre C','2024-10-21','2024-10-21','2024-11-04','Imagem Interna',2,NULL),(351,15,20,'22.DAN_UPP Salão de jogos - Torre C','2024-10-21','2024-10-21','2024-12-13','Imagem Interna',7,NULL),(352,15,20,'23.DAN_UPP Pet Care - Torre C','2024-10-21','2024-10-21','2024-12-13','Imagem externa',7,NULL),(353,15,20,'24.DAN_UPP Living apto tipo a escolher','2024-10-21','2024-10-21','2024-12-13','Imagem interna',7,NULL),(354,15,20,'25.DAN_UPP PB Apto tipo','2024-10-21','2024-10-21','2024-11-04','Planta Humanizada',7,NULL),(355,15,20,'26.DAN_UPP Implantação térreo acesso as torres','2024-10-21','2024-10-21','2024-11-04','Planta Humanizada',7,NULL),(356,15,20,'27.DAN_UPP Pavimento lazer','2024-10-21','2024-10-21','2024-12-13','Planta Humanizada',7,NULL),(357,15,20,'28.DAN_UPP Pavimento tipo','2024-10-21','2024-10-21','2024-11-04','Planta Humanizada',7,NULL),(359,16,21,'1. LIN_SUR Fachada embasamento','2024-09-25','0000-00-00','0000-00-00','Fachada',9,NULL),(360,16,21,'2. LIN_SUR Fachada Noturna','2024-09-25','0000-00-00','0000-00-00','Fachada',9,NULL),(361,16,21,'3. LIN_SUR Fachada Diurna','2024-09-25','0000-00-00','0000-00-00','Fachada',9,NULL),(362,16,21,'4. LIN_SUR Fachada fotomontagem','2024-09-25','0000-00-00','0000-00-00','Fachada',9,NULL),(363,16,21,'5. LIN_SUR Fachada fotomontagem ângulo','2024-09-25','0000-00-00','0000-00-00','Fachada',9,NULL),(364,16,21,'6. LIN_SUR Fachada angular','2024-09-25','0000-00-00','0000-00-00','Fachada',9,NULL),(366,16,22,'1. LIN_MIL Fachada diurna','2024-10-18','2024-09-25','2024-12-16','Fachada',7,NULL),(367,16,22,'2. LIN_MIL Fachada fotomontagem','2024-10-18','2024-09-25','2024-12-16','Fachada',7,NULL),(368,16,22,'3. LIN_MIL Fachada frontal','2024-10-18','2024-09-25','2024-12-16','Fachada',7,NULL),(369,16,22,'4. LIN_MIL Fachada embasamento','2024-10-18','2024-09-25','2024-12-16','Fachada',7,NULL),(379,17,23,'1. MEN_COL Fachada Diurna','2024-09-26','2024-09-26','2024-11-06','Fachada',7,NULL),(380,17,23,'2. MEN_COL Fachada Entardecer','2024-09-26','2024-09-26','2024-11-06','Fachada',7,NULL),(381,17,23,'3. MEN_COL Fachada Fundos','2024-09-26','2024-09-26','2024-11-06','Fachada',7,NULL),(382,17,23,'4. MEN_COL Fachada Vôo do pássaro','2024-09-26','2024-09-26','2024-11-06','Fachada',7,NULL),(383,17,23,'5. MEN_COL Hall de entrada','2024-09-26','2024-09-26','2024-11-06','Imagem interna',7,NULL),(384,17,23,'6. MEN_COL Piscina + Gourmet','2024-09-26','2024-09-26','2024-11-06','Imagem externa',7,NULL),(385,17,23,'7. MEN_COL Living de uma unidade à definir','2024-09-26','2024-09-26','2024-11-06','Imagem interna',7,NULL),(388,10,13,'1. INO_TAB Fotomontagem com empreendimento no terreno real','0000-00-00','0000-00-00','0000-00-00','Fachada',6,NULL),(389,10,13,'2. INO_TAB Fachada diagonal vindo do mar','0000-00-00','0000-00-00','0000-00-00','Fachada',6,NULL),(390,10,13,'3. INO_TAB Fachada lateral esquerda (terreno é de esquina)','0000-00-00','0000-00-00','0000-00-00','Fachada',6,NULL),(391,10,13,'4. INO_TAB Sacada externa \"olhando de fora do prédio\", mostrando a vista mar','0000-00-00','0000-00-00','0000-00-00','Imagem Externa',6,NULL),(392,10,13,'5. INO_TAB Piscina e área frontal de lazer - explorando vista mar','0000-00-00','0000-00-00','0000-00-00','Imagem Externa',6,NULL),(393,10,13,'6. INO_TAB Piscina noturna explorando iluminação, do terraço e lazer','0000-00-00','0000-00-00','0000-00-00','Imagem Externa',6,NULL),(394,10,13,'7. INO_TAB Salão de festa fundos','0000-00-00','0000-00-00','0000-00-00','Imagem Externa',6,NULL),(395,10,13,'8. INO_TAB Salão Gourmet frente','0000-00-00','0000-00-00','0000-00-00','Imagem Interna',6,NULL),(396,10,13,'9. INO_TAB Brinquedoteca','0000-00-00','0000-00-00','0000-00-00','Imagem Interna',6,NULL),(397,10,13,'10. INO_TAB Academia - explorando vista mar','0000-00-00','0000-00-00','0000-00-00','Imagem Interna',6,NULL),(398,10,13,'11. INO_TAB Fireplace - explorando vista mar','0000-00-00','0000-00-00','0000-00-00','Imagem Externa',6,NULL),(399,10,13,'12. INO_TAB Sala de jogos','0000-00-00','0000-00-00','0000-00-00','Imagem Interna',7,NULL),(400,10,13,'13. INO_TAB Playground com terraço de lazer','0000-00-00','0000-00-00','0000-00-00','Imagem Externa',6,NULL),(401,10,13,'14. INO_TAB Hall de entrada','0000-00-00','0000-00-00','0000-00-00','Imagem Interna',6,NULL),(402,10,13,'15. INO_TAB Acesso de pedestres, mostrando áreas de canteiro, acabamentos e proximidade com a praia','0000-00-00','0000-00-00','0000-00-00','Imagem Externa',6,NULL),(403,10,13,'16. INO_TAB Living com sacada lateral – explorando vista mar','0000-00-00','0000-00-00','0000-00-00','Imagem Interna',6,NULL),(404,10,13,'17. INO_TAB Living apartamento fundos','0000-00-00','0000-00-00','0000-00-00','Imagem Interna',6,NULL),(405,10,13,'18. INO_TAB Suíte master com vista mar','0000-00-00','0000-00-00','0000-00-00','Imagem Interna',6,NULL),(406,10,13,'19. INO_TAB Suíte solteiro com vista mar','0000-00-00','0000-00-00','0000-00-00','Imagem Interna',6,NULL),(407,10,13,'20. INO_TAB Sacada com vista 1 – apartamentos da frente - explorando vista mar','0000-00-00','0000-00-00','0000-00-00','Imagem Interna',6,NULL),(408,10,13,'21. INO_TAB Sacada com vista 2 – apartamentos da frente - explorando vista mar','0000-00-00','0000-00-00','0000-00-00','Imagem Interna',6,NULL),(409,10,13,'22. INO_TAB PH Térreo','0000-00-00','0000-00-00','0000-00-00','Planta Humanizada',6,NULL),(410,10,13,'23. INO_TAB PH Garagem tipo','0000-00-00','0000-00-00','0000-00-00','Planta Humanizada',6,NULL),(411,10,13,'24. INO_TAB PH Lazer','0000-00-00','0000-00-00','0000-00-00','Planta Humanizada',6,NULL),(412,10,13,'25. INO_TAB Salão de festas Ângulo Extra','0000-00-00','0000-00-00','0000-00-00','Imagem Interna',6,NULL),(413,10,13,'26. INO_TAB Salão Gourmet Ângulo Extra','0000-00-00','0000-00-00','0000-00-00','Imagem interna',6,NULL),(414,10,13,'27. INO_TAB Sala de jogos alteração de projeto','0000-00-00','0000-00-00','0000-00-00','Imagem interna',6,NULL),(415,21,25,'1. FAS_ELI Planta humanizada do pavimento lazer 1','2024-10-02','2024-10-02','2024-10-04','Planta Humanizada',7,NULL),(416,21,25,'2. FAS_ELI Planta humanizada do pavimento tipo','2024-10-02','2024-10-02','2024-10-04','Planta Humanizada',7,NULL),(417,20,24,'1. CAP_TIV Fachada diurna','2024-10-16','2024-10-16','2024-12-12','Fachada',1,NULL),(418,20,24,'2. CAP_TIV Fachada noturna','2024-10-16','2024-10-16','2024-12-12','Fachada',1,NULL),(419,20,24,'3. CAP_TIV Fachada aérea','2024-10-16','2024-10-16','2024-12-12','Fachada',1,NULL),(420,20,24,'4. CAP_TIV Fachada embasamento','2024-10-16','2024-10-16','2024-12-12','Fachada',1,NULL),(421,20,24,'5. CAP_TIV Fotomontagem aérea','2024-10-16','2024-10-16','2024-12-12','Fachada',1,NULL),(422,20,24,'6. CAP_TIV Fachada ângulo a escolher','2024-10-16','2024-10-16','2024-12-12','Fachada',1,NULL),(423,20,24,'7. CAP_TIV Salão de festas','2024-10-16','2024-10-16','2024-12-12','Imagem Interna',2,NULL),(424,20,24,'8. CAP_TIV BBQ Grill','2024-10-16','2024-10-16','2024-12-12','Imagem Externa',2,NULL),(425,20,24,'9. CAP_TIV Piscina','2024-10-16','2024-10-16','2024-12-12','Imagem Externa',2,NULL),(426,20,24,'10. CAP_TIV Piscina ângulo','2024-10-16','2024-10-16','2024-12-12','Imagem Externa',2,NULL),(427,20,24,'11. CAP_TIV Academia','2024-10-16','2024-10-16','2024-12-12','Imagem Interna',2,NULL),(428,20,24,'12. CAP_TIV Home market','2024-10-16','2024-10-16','2024-12-12','Imagem Interna',2,NULL),(429,20,24,'13. CAP_TIV Casa da Piscina','2024-10-16','2024-10-16','2024-12-12','Imagem Interna',2,NULL),(430,20,24,'14. CAP_TIV Casa da piscina ângulo','2024-10-16','2024-10-16','2024-12-12','Imagem Interna',2,NULL),(431,20,24,'15. CAP_TIV Vinoteca','2024-10-16','2024-10-16','2024-12-12','Imagem Interna',2,NULL),(432,20,24,'16. CAP_TIV Fire Place','2024-10-16','2024-10-16','2024-12-12','Imagem Externa',2,NULL),(433,20,24,'17. CAP_TIV Area externa geral','2024-10-16','2024-10-16','2024-12-12','Imagem Externa',2,NULL),(434,20,24,'18. CAP_TIV Area externa geral ângulo','2024-10-16','2024-10-16','2024-12-12','Imagem Externa',2,NULL),(435,20,24,'19. CAP_TIV Area externa geral ângulo 2','2024-10-16','2024-10-16','2024-12-12','Imagem Externa',2,NULL),(436,20,24,'20. CAP_TIV Sala de jogos interna','2024-10-16','2024-10-16','2024-12-12','Imagem Interna',2,NULL),(437,20,24,'21. CAP_TIV Sala de jogos externa','2024-10-16','2024-10-16','2024-12-12','Imagem externa',2,NULL),(438,20,24,'22. CAP_TIV Living- Sacada do apto tipo 1','2024-10-16','2024-10-16','2024-12-12','Imagem Interna',2,NULL),(439,20,24,'23. CAP_TIV Living- Sacada apto tipo 1 ângulo','2024-10-16','2024-10-16','2024-12-12','Imagem Interna',2,NULL),(440,20,24,'24. CAP_TIV Suite do apto tipo 1','2024-10-16','2024-10-16','2024-12-12','Imagem Interna',2,NULL),(441,20,24,'25. CAP_TIV Living- Sacada do apto tipo 2','2024-10-16','2024-10-16','2024-12-12','Imagem Interna',2,NULL),(442,20,24,'26. CAP_TIV Living- Sacada apto tipo 2 angulo','2024-10-16','2024-10-16','2024-12-12','Imagem Interna',2,NULL),(443,20,24,'27. CAP_TIV Suíte apto tipo 2','2024-10-16','2024-10-16','2024-12-12','Imagem Interna',2,NULL),(444,20,24,'28. CAP_TIV Living apto tipo 3','2024-10-16','2024-10-16','2024-12-12','Imagem Interna',2,NULL),(445,20,24,'29. CAP_TIV Living apto tipo 3 ângulo','2024-10-16','2024-10-16','2024-12-12','Imagem Interna',2,NULL),(446,20,24,'30. CAP_TIV Suite apto tipo 4','2024-10-16','2024-10-16','2024-12-12','Imagem Interna',2,NULL),(447,20,24,'31. CAP_TIV Planta Humanizada pavimento lazer 01','2024-10-16','2024-10-16','2024-12-12','Planta Humanizada',2,NULL),(448,20,24,'32. CAP_TIV Planta Humanizada pavimento lazer rooftop','2024-10-16','2024-10-16','2024-12-12','Planta Humanizada',2,NULL),(449,20,24,'33. CAP_TIV Planta Humanizada pavimento tipo diferenciado','2024-10-16','2024-10-16','2024-12-12','Planta Humanizada',2,NULL),(450,20,24,'34. CAP_TIV Planta Humanizada pavimento tipo','2024-10-16','2024-10-16','2024-12-12','Planta Humanizada',2,NULL),(451,20,24,'35. CAP_TIV Planta Humanizada pavimento térreo','2024-10-16','2024-10-16','2024-12-12','Planta Humanizada',2,NULL),(452,22,26,'1. STR_SPA Fotomontagem aérea com inserção da fachada - Ângulo 1','0000-00-00','2024-10-04','0000-00-00','Fachada',1,NULL),(453,22,26,'2. STR_SPA Fotomontagem aérea com inserção da fachada - Ângulo 2','0000-00-00','2024-10-04','0000-00-00','Fachada',1,NULL),(454,22,26,'3. STR_SPA Quadras externas','0000-00-00','2024-10-04','0000-00-00','Imagem Externa',7,NULL),(455,22,26,'4. STR_SPA Quadras internas ângulo 1','0000-00-00','2024-10-04','0000-00-00','Imagem Interna',7,NULL),(456,22,26,'5. STR_SPA Quadras internas ângulo 2','0000-00-00','2024-10-04','0000-00-00','Imagem Interna',7,NULL),(457,22,26,'6. STR_SPA Quadras internas ângulo 3','0000-00-00','2024-10-04','0000-00-00','Imagem Interna',7,NULL),(458,22,26,'7. STR_SPA Bar do térreo','0000-00-00','2024-10-04','0000-00-00','Imagem Interna',7,NULL),(459,22,26,'8. STR_SPA Planta humanizada implantação geral mostrando o pavimento','0000-00-00','2024-10-04','0000-00-00','Planta Humanizada',7,NULL),(460,22,26,'9. STR_SPA Planta humanizada do 1° pavimento','0000-00-00','2024-10-04','0000-00-00','Planta Humanizada',7,NULL),(499,23,27,'1.CAR_ELY Fachada diurna','2024-10-17','2024-10-10','2024-12-20','Fachada',9,NULL),(500,23,27,'2.CAR_ELY Fachada noturna no angulo do observador de baixo','2024-10-17','2024-10-10','2024-12-20','Fachada',9,NULL),(501,23,27,'3.CAR_ELY Fachada aérea','2024-10-17','2024-10-10','2024-12-20','Fachada',9,NULL),(502,23,27,'4.CAR_ELY Embasamento','2024-10-17','2024-10-10','2024-12-20','Fachada',9,NULL),(503,23,27,'5.CAR_ELY Portaria / Acesso','2024-10-17','2024-10-10','2024-12-20','Fachada',9,NULL),(504,23,27,'6.CAR_ELY Hall de entrada - torre 1','2024-10-17','2024-10-10','2024-12-20','Imagem Interna',9,NULL),(505,23,27,'7.CAR_ELY Horta - torre 1','2024-10-17','2024-10-10','2024-12-20','Imagem Externa',9,NULL),(506,23,27,'8.CAR_ELY Lounge + Redário - torre 1','2024-10-17','2024-10-10','2024-12-20','Imagem Externa',9,NULL),(507,23,27,'9.CAR_ELY Fire Place + Chess - torre 1','2024-10-17','2024-10-10','2024-12-20','Imagem Externa',9,NULL),(508,23,27,'10.CAR_ELY Academia externa - torre 1','2024-10-17','2024-10-10','2024-12-20','Imagem Externa',9,NULL),(509,23,27,'11.CAR_ELY Terraço - torre 1','2024-10-17','2024-10-10','2024-12-20','Imagem Externa',9,NULL),(510,23,27,'12.CAR_ELY Pet Place-torre 1','2024-10-17','2024-10-10','2024-12-20','Imagem Externa',9,NULL),(511,23,27,'13.CAR_ELY Espaço pub - torre 1','2024-10-17','2024-10-10','2024-12-20','Imagem Interna',9,NULL),(512,23,27,'14.CAR_ELY Festas 1 - torre 1','2024-10-17','2024-10-10','2024-12-20','Imagem Interna',9,NULL),(513,23,27,'15.CAR_ELY Festas 2 - torre 1','2024-10-17','2024-10-10','2024-12-20','Imagem Interna',9,NULL),(514,23,27,'16.CAR_ELY Espaço kids - torre 1','2024-10-17','2024-10-10','2024-12-20','Imagem Interna',9,NULL),(515,23,27,'17.CAR_ELY Espaço mulher - torre 1','2024-10-17','2024-10-10','2024-12-20','Imagem Interna',9,NULL),(516,23,27,'18.CAR_ELY Espaço gourmet - torre 1','2024-10-17','2024-10-10','2024-12-20','Imagem Interna',9,NULL),(517,23,27,'19.CAR_ELY Jogos teen - torre 1','2024-10-17','2024-10-10','2024-12-20','Imagem Interna',9,NULL),(518,23,27,'20.CAR_ELY Festas teen - torre 1','2024-10-17','2024-10-10','2024-12-20','Imagem Interna',9,NULL),(519,23,27,'21.CAR_ELY Academia - torre 1','2024-10-17','2024-10-10','2024-12-20','Imagem Interna',9,NULL),(520,23,27,'22.CAR_ELY Poker Place - torre 1','2024-10-17','2024-10-10','2024-12-20','Imagem Interna',9,NULL),(521,23,27,'23.CAR_ELY Living apto tipo - torre 1','2024-10-17','2024-10-10','2024-12-20','Imagem Interna',9,NULL),(522,23,27,'24.CAR_ELY Sacado apto tipo - torre 1','2024-10-17','2024-10-10','2024-12-20','Imagem Interna',9,NULL),(523,23,27,'25.CAR_ELY Suíte 01 apto tipo - torre 1','2024-10-17','2024-10-10','2024-12-20','Imagem Interna',9,NULL),(524,23,27,'26.CAR_ELY Living cobertura tipo - torre 1','2024-10-17','2024-10-10','2024-12-20','Imagem Interna',9,NULL),(525,23,27,'27.CAR_ELY Suíte cobertura tipo - torre 1','2024-10-17','2024-10-10','2024-12-20','Imagem Interna',9,NULL),(526,23,27,'28.CAR_ELY Sacada cobertura tipo com vista - torre 1','2024-10-17','2024-10-10','2024-12-20','Imagem Interna',9,NULL),(527,23,27,'29.CAR_ELY Terraço descoberto cobertura + sacada - torre 1','2024-10-17','2024-10-10','2024-12-20','Imagem Externa',9,NULL),(528,23,27,'30.CAR_ELY Piscina cobertura - torre 1','2024-10-17','2024-10-10','2024-12-20','Imagem Externa',9,NULL),(529,23,27,'31.CAR_ELY Implantação térreo','2024-10-17','2024-10-10','2024-12-20','Planta Humanizada',9,NULL),(530,23,27,'32.CAR_ELY PB cobertura 1 - Torre 1','2024-10-17','2024-10-10','2024-12-20','Planta Humanizada',9,NULL),(531,23,27,'33.CAR_ELY PB Cobertura 2 - torre 1','2024-10-17','2024-10-10','2024-12-20','Planta Humanizada',9,NULL),(532,23,27,'34.CAR_ELY Implantação lazer - torre 1','2024-10-17','2024-10-10','2024-12-20','Planta Humanizada',9,NULL),(533,23,27,'35.CAR_ELY PB Apto tipo - torre 1','2024-10-17','2024-10-10','2024-12-20','Planta Humanizada',9,NULL),(534,23,27,'36.CAR_ELY PB Apto tipo 2 - torre 1','2024-10-17','2024-10-10','2024-12-20','Planta Humanizada',9,NULL),(555,23,28,'1.CAR_LOU Fachada diurna no angulo do observador de baixo','2024-10-17','2024-10-10','2024-12-20','Fachada',7,NULL),(556,23,28,'2.CAR_LOU Fachada noturna','2024-10-17','2024-10-10','2024-12-20','Fachada',7,NULL),(557,23,28,'3.CAR_LOU Embasamento','2024-10-17','2024-10-10','2024-12-20','Fachada',7,NULL),(558,23,28,'4.CAR_LOU Hall de entrada','2024-10-17','2024-10-10','2024-12-20','Imagem Interna',7,NULL),(559,23,28,'5.CAR_LOU Pergolado','2024-10-17','2024-10-10','2024-12-20','Imagem Externa',7,NULL),(560,23,28,'6.CAR_LOU Espaço luau + estar','2024-10-17','2024-10-10','2024-12-20','Imagem Externa',7,NULL),(561,23,28,'7.CAR_LOU Spa Lounge','2024-10-17','2024-10-10','2024-12-20','Imagem Externa',7,NULL),(562,23,28,'8.CAR_LOU Ioga space','2024-10-17','2024-10-10','2024-12-20','Imagem Externa',7,NULL),(563,23,28,'9.CAR_LOU Academia','2024-10-17','2024-10-10','2024-12-20','Imagem Interna',7,NULL),(564,23,28,'10.CAR_LOU Pub','2024-10-17','2024-10-10','2024-12-20','Imagem Interna',7,NULL),(565,23,28,'11.CAR_LOU Salão de festas 1','2024-10-17','2024-10-10','2024-12-20','Imagem Interna',7,NULL),(566,23,28,'12.CAR_LOU Suite 1 apto tipo','2024-10-17','2024-10-10','2024-12-20','Imagem Interna',7,NULL),(567,23,28,'13.CAR_LOU Living apto tipo','2024-10-17','2024-10-10','2024-12-20','Imagem Interna',7,NULL),(568,23,28,'14.CAR_LOU Salão de festas 2','2024-10-17','2024-10-10','2024-12-20','Imagem Interna',7,NULL),(569,23,28,'15.CAR_LOU Piscina Rooftop','2024-10-17','2024-10-10','2024-12-20','Imagem Externa',7,NULL),(570,23,28,'16.CAR_LOU Implantação térreo Louvre (mostrando as 7 torres)','2024-10-17','2024-10-10','2024-12-20','Planta Humanizada',7,NULL),(571,23,28,'17.CAR_LOU Implantação térreo Louvre (única torre )','2024-10-17','2024-10-10','2024-12-20','Planta Humanizada',7,NULL),(572,23,28,'18.CAR_LOU Implantação lazer Louvre lazer tipo','2024-10-17','2024-10-10','2024-12-20','Planta Humanizada',7,NULL),(573,23,28,'19.CAR_LOU PB Apto tipo 1','2024-10-17','2024-10-10','2024-12-20','Planta Humanizada',7,NULL),(574,14,18,'28. FG_TRI_Fotomontagem_RSVI0166','2024-09-11','2024-09-11','2024-10-23','Fachada ',3,NULL),(575,14,18,'29. FG_TRI_Fotomontagem_DJI2024','2024-09-11','2024-09-11','2024-10-23','Fachada ',3,NULL),(587,26,29,'1. HUR_SEN Fotomontagem da fachada com entorno','2024-10-14','2024-10-14','2024-11-26','Fachada',7,NULL),(588,26,29,'2. HUR_SEN Imagem de acesso nível do pedestre','2024-10-14','2024-10-14','2024-11-26','Fachada',7,NULL),(589,26,29,'3. HUR_SEN Imagem Garden terceiro pavimento','2024-10-14','2024-10-14','2024-11-26','Imagem Externa',7,NULL),(590,26,29,'4. HUR_SEN Imagem Garden Térreo','2024-10-14','2024-10-14','2024-11-26','Imagem Externa',7,NULL),(591,26,29,'5. HUR_SEN Imagem Piscina Ático','2024-10-14','2024-10-14','2024-11-26','Imagem Externa',7,NULL),(592,4,4,'40. PHA_NET Embasamento extra','2024-06-07','2024-06-07','2024-10-16','Fachada',6,NULL),(594,4,4,'41. PHA_NET Fotomontagem noturna','2024-10-21','2024-10-21','2024-10-31','Fachada',6,NULL),(600,11,14,'1. EDI_ONE Variação da fotomontagem aérea mostrando academia e restaurante (atualização da imagem abrindo as janelas da academia e restaurante)','2024-09-23','2024-09-23','2024-10-25','Fachada',7,NULL),(601,11,14,'2. EDI_ONE Embasamento visto da praia mostrando academia e restaurante','2024-09-23','2024-09-23','2024-10-25','Fachada',7,NULL),(602,11,14,'3. EDI_ONE Restaurante interna','2024-09-23','2024-09-23','2024-10-25','Imagem Interna',6,NULL),(604,27,30,'1.PRA_DUB Fotomontagem mostrando a Fachada no terreno diurna','0000-00-00','2024-10-24','0000-00-00','Fachada',7,NULL),(605,27,30,'2.PRA_DUB Fotomontagem mostrando a Fachada no terreno noturna','0000-00-00','2024-10-24','0000-00-00','Fachada',7,NULL),(606,27,30,'3.PRA_DUB Fachada do acesso do Shopping','0000-00-00','2024-10-24','0000-00-00','Fachada',7,NULL),(607,27,30,'4.PRA_DUB Shopping cena 1 - Corredor','0000-00-00','2024-10-24','0000-00-00','Imagem Interna',7,NULL),(608,27,30,'5.PRA_DUB Shopping cena 2 - Praça de alimentação','0000-00-00','2024-10-24','0000-00-00','Imagem Interna',7,NULL),(609,27,30,'6.PRA_DUB Piscinas','0000-00-00','2024-10-24','0000-00-00','Imagem Externa',7,NULL),(610,27,30,'7.PRA_DUB Cena de apartamento - Tipo 1','0000-00-00','2024-10-24','0000-00-00','Imagem Interna',7,NULL),(611,27,30,'8.PRA_DUB Cena de apartamento - Tipo 2','0000-00-00','2024-10-24','0000-00-00','Imagem Interna',7,NULL),(612,27,30,'9.PRA_DUB Cena de apartamento - Tipo 3','0000-00-00','2024-10-24','0000-00-00','Imagem Interna',7,NULL),(613,4,4,'42. PHA_NET Embasamento extra 2','2024-06-07','2024-06-07','2024-10-16','Fachada',2,NULL),(615,6,11,'1.HSA_236 Fachada Diurna','2024-10-30','2024-10-30','2024-11-13','Fachada',3,NULL),(616,6,11,'2.HSA_236 Fachada Noturna','2024-10-30','2024-10-30','2024-11-13','Fachada',3,NULL),(617,6,11,'4.HSA_236 Garden','2024-10-30','2024-10-30','2024-11-13','Imagem Externa',3,NULL),(618,6,11,'10.HSA_236 Living Apto Tipo 01','2024-10-30','2024-10-30','2024-11-13','Imagem Interna',3,NULL),(619,11,14,'4. Fotomontagem_01','2024-10-31','2024-10-31','2024-10-31','',6,NULL);
/*!40000 ALTER TABLE `imagens_cliente_obra` ENABLE KEYS */;
UNLOCK TABLES;
/*!50003 SET @saved_cs_client      = @@character_set_client */ ;
/*!50003 SET @saved_cs_results     = @@character_set_results */ ;
/*!50003 SET @saved_col_connection = @@collation_connection */ ;
/*!50003 SET character_set_client  = utf8mb4 */ ;
/*!50003 SET character_set_results = utf8mb4 */ ;
/*!50003 SET collation_connection  = utf8mb4_unicode_ci */ ;
/*!50003 SET @saved_sql_mode       = @@sql_mode */ ;
/*!50003 SET sql_mode              = '' */ ;
DELIMITER ;;
/*!50003 CREATE*/ /*!50017 DEFINER=`improov`@`10.%`*/ /*!50003 TRIGGER `set_status_id` BEFORE INSERT ON `imagens_cliente_obra` FOR EACH ROW BEGIN
    IF NEW.status_id IS NULL THEN
        SET NEW.status_id = 7;
    END IF;
END */;;
DELIMITER ;
/*!50003 SET sql_mode              = @saved_sql_mode */ ;
/*!50003 SET character_set_client  = @saved_cs_client */ ;
/*!50003 SET character_set_results = @saved_cs_results */ ;
/*!50003 SET collation_connection  = @saved_col_connection */ ;
/*!50003 SET @saved_cs_client      = @@character_set_client */ ;
/*!50003 SET @saved_cs_results     = @@character_set_results */ ;
/*!50003 SET @saved_col_connection = @@collation_connection */ ;
/*!50003 SET character_set_client  = utf8mb4 */ ;
/*!50003 SET character_set_results = utf8mb4 */ ;
/*!50003 SET collation_connection  = utf8mb4_unicode_ci */ ;
/*!50003 SET @saved_sql_mode       = @@sql_mode */ ;
/*!50003 SET sql_mode              = '' */ ;
DELIMITER ;;
/*!50003 CREATE*/ /*!50017 DEFINER=`improov`@`10.%`*/ /*!50003 TRIGGER `atualizar_prazo_apos_alteracao` BEFORE UPDATE ON `imagens_cliente_obra` FOR EACH ROW BEGIN
    -- Verificar se o status_id mudou para 3 (R01), 4 (R02) ou 5 (R03)
    IF NEW.status_id IN (3, 4, 5) AND NEW.status_id <> OLD.status_id THEN
        -- Aumentar o prazo em 7 dias úteis
        SET NEW.prazo = adicionar_dias_uteis(OLD.prazo, 7);


        INSERT INTO obra_prazo (obra_id, prazo, assunto_entrega, tipo_entrega) 
        VALUES (NEW.obra_id, NEW.prazo, 'Entrega de imagem com alteração', 'Alteração');

    END IF;
END */;;
DELIMITER ;
/*!50003 SET sql_mode              = @saved_sql_mode */ ;
/*!50003 SET character_set_client  = @saved_cs_client */ ;
/*!50003 SET character_set_results = @saved_cs_results */ ;
/*!50003 SET collation_connection  = @saved_col_connection */ ;
/*!50003 SET @saved_cs_client      = @@character_set_client */ ;
/*!50003 SET @saved_cs_results     = @@character_set_results */ ;
/*!50003 SET @saved_col_connection = @@collation_connection */ ;
/*!50003 SET character_set_client  = utf8mb4 */ ;
/*!50003 SET character_set_results = utf8mb4 */ ;
/*!50003 SET collation_connection  = utf8mb4_unicode_ci */ ;
/*!50003 SET @saved_sql_mode       = @@sql_mode */ ;
/*!50003 SET sql_mode              = '' */ ;
DELIMITER ;;
/*!50003 CREATE*/ /*!50017 DEFINER=`improov`@`10.%`*/ /*!50003 TRIGGER `log_status_followup` AFTER UPDATE ON `imagens_cliente_obra` FOR EACH ROW BEGIN
    IF OLD.status_id != NEW.status_id THEN
        INSERT INTO log_followup (imagem_id, status_anterior, status_novo, data)
        VALUES (NEW.idimagens_cliente_obra,
                OLD.status_id,  -- Status anterior
                NEW.status_id,  -- Novo status
                NOW());         -- Data da alteração
    END IF;
END */;;
DELIMITER ;
/*!50003 SET sql_mode              = @saved_sql_mode */ ;
/*!50003 SET character_set_client  = @saved_cs_client */ ;
/*!50003 SET character_set_results = @saved_cs_results */ ;
/*!50003 SET collation_connection  = @saved_col_connection */ ;

--
-- Table structure for table `informacoes_usuario`
--

DROP TABLE IF EXISTS `informacoes_usuario`;
/*!40101 SET @saved_cs_client     = @@character_set_client */;
/*!50503 SET character_set_client = utf8mb4 */;
CREATE TABLE `informacoes_usuario` (
  `idinfo` int(11) NOT NULL AUTO_INCREMENT,
  `usuario_id` int(11) NOT NULL,
  `endereco_id` int(11) DEFAULT NULL,
  `telefone` varchar(50) COLLATE utf8mb4_unicode_ci DEFAULT NULL,
  `data_nascimento` date DEFAULT NULL,
  `estado_civil` varchar(50) COLLATE utf8mb4_unicode_ci DEFAULT NULL,
  `filhos` varchar(50) COLLATE utf8mb4_unicode_ci DEFAULT NULL,
  PRIMARY KEY (`idinfo`),
  KEY `usuario_id` (`usuario_id`),
  CONSTRAINT `informacoes_usuario_ibfk_1` FOREIGN KEY (`usuario_id`) REFERENCES `usuario` (`idusuario`)
) ENGINE=InnoDB AUTO_INCREMENT=8 DEFAULT CHARSET=utf8mb4 COLLATE=utf8mb4_unicode_ci;
/*!40101 SET character_set_client = @saved_cs_client */;

--
-- Dumping data for table `informacoes_usuario`
--

LOCK TABLES `informacoes_usuario` WRITE;
/*!40000 ALTER TABLE `informacoes_usuario` DISABLE KEYS */;
INSERT INTO `informacoes_usuario` VALUES (1,1,1,'47999160344','2005-08-08','Solteiro','Nenhum'),(2,2,NULL,'47988271663','1986-02-13','Casado','1'),(4,9,NULL,'47 99958-9003','1994-06-07','Solteiro','Pets '),(5,12,NULL,'(11)97138-5460','1987-01-16','Solteiro','0'),(6,14,NULL,'(47) 99214-9655','1988-01-19','Casado','1'),(7,16,NULL,'47984201879','1988-03-13','Casado','');
/*!40000 ALTER TABLE `informacoes_usuario` ENABLE KEYS */;
UNLOCK TABLES;

--
-- Table structure for table `log_alteracoes`
--

DROP TABLE IF EXISTS `log_alteracoes`;
/*!40101 SET @saved_cs_client     = @@character_set_client */;
/*!50503 SET character_set_client = utf8mb4 */;
CREATE TABLE `log_alteracoes` (
  `idlog` int(11) NOT NULL AUTO_INCREMENT,
  `funcao_imagem_id` int(11) NOT NULL,
  `status_anterior` varchar(255) COLLATE utf8mb4_unicode_ci DEFAULT NULL,
  `status_novo` varchar(255) COLLATE utf8mb4_unicode_ci DEFAULT NULL,
  `data` timestamp NOT NULL DEFAULT current_timestamp(),
  `colaborador_id` int(11) DEFAULT NULL,
  PRIMARY KEY (`idlog`),
  KEY `funcao_imagem_id` (`funcao_imagem_id`),
  KEY `log_colaborador` (`colaborador_id`),
  CONSTRAINT `log_alteracoes_ibfk_1` FOREIGN KEY (`funcao_imagem_id`) REFERENCES `funcao_imagem` (`idfuncao_imagem`),
  CONSTRAINT `log_colaborador` FOREIGN KEY (`colaborador_id`) REFERENCES `colaborador` (`idcolaborador`)
) ENGINE=InnoDB AUTO_INCREMENT=2116 DEFAULT CHARSET=utf8mb4 COLLATE=utf8mb4_unicode_ci;
/*!40101 SET character_set_client = @saved_cs_client */;

--
-- Dumping data for table `log_alteracoes`
--

LOCK TABLES `log_alteracoes` WRITE;
/*!40000 ALTER TABLE `log_alteracoes` DISABLE KEYS */;
INSERT INTO `log_alteracoes` VALUES (5,1495,'Em andamento','Finalizado','2024-10-08 17:32:04',8),(6,1509,'Em andamento','Finalizado','2024-10-08 17:32:09',8),(7,3173,'Em Andamento','Finalizado','2024-10-08 18:06:55',4),(8,523,'Em andamento','Finalizado','2024-10-08 19:22:38',4),(9,528,'Em andamento','Finalizado','2024-10-08 19:22:45',4),(10,5551,'Não iniciado','Finalizado','2024-10-08 19:33:31',12),(11,3837,'Em andamento','Finalizado','2024-10-09 00:46:54',1),(12,3844,'Em andamento','Finalizado','2024-10-09 00:46:59',1),(13,3851,'Em andamento','HOLD','2024-10-09 00:47:09',1),(14,265,'Em andamento','Finalizado','2024-10-09 02:48:15',2),(15,264,'Em andamento','Finalizado','2024-10-09 02:48:15',2),(16,270,'Finalizado','Em andamento','2024-10-09 13:02:54',2),(17,270,'Em andamento','Finalizado','2024-10-09 13:02:57',2),(18,3851,'HOLD','Em andamento','2024-10-09 13:27:27',1),(19,5558,'Não iniciado','Finalizado','2024-10-09 16:16:46',12),(20,266,'Não iniciado','Em andamento','2024-10-09 20:03:12',6),(21,250,'Não iniciado','Em andamento','2024-10-10 14:07:50',4),(22,249,'Não iniciado','Em andamento','2024-10-10 14:07:50',4),(23,271,'Não iniciado','Em andamento','2024-10-10 14:13:26',6),(24,271,'Em andamento','Finalizado','2024-10-10 16:07:27',6),(25,266,'Em andamento','Finalizado','2024-10-10 17:53:26',6),(26,279,'Não iniciado','Em andamento','2024-10-10 18:08:41',6),(27,280,'Não iniciado','Em andamento','2024-10-10 20:10:50',6),(28,279,'Em andamento','Finalizado','2024-10-10 20:10:50',6),(29,250,'Em andamento','Finalizado','2024-10-10 23:54:16',4),(30,249,'Em andamento','Finalizado','2024-10-10 23:54:16',4),(31,820,'Em andamento','Finalizado','2024-10-10 23:56:04',8),(32,260,'Não iniciado','Em andamento','2024-10-11 10:49:20',4),(33,259,'Não iniciado','Em andamento','2024-10-11 10:49:20',4),(34,771,'Em andamento','Finalizado','2024-10-11 14:20:05',8),(35,778,'Em andamento','Finalizado','2024-10-11 14:20:11',8),(36,785,'Em andamento','Finalizado','2024-10-11 14:20:14',8),(37,4346,'Não iniciado','Finalizado','2024-10-11 14:22:50',8),(38,4353,'Não iniciado','Finalizado','2024-10-11 14:23:03',8),(39,4360,'Não iniciado','Finalizado','2024-10-11 14:23:17',8),(40,4066,'Não iniciado','Finalizado','2024-10-11 19:06:49',7),(41,3851,'Em andamento','Finalizado','2024-10-12 02:41:01',1),(42,260,'Em andamento','Finalizado','2024-10-12 18:51:11',4),(43,259,'Em andamento','Finalizado','2024-10-12 18:51:11',4),(44,275,'Não iniciado','Em andamento','2024-10-14 10:42:38',4),(45,274,'Não iniciado','Em andamento','2024-10-14 10:42:38',4),(46,280,'Em andamento','Finalizado','2024-10-14 12:36:35',6),(47,281,'Não iniciado','Em andamento','2024-10-14 12:36:35',6),(48,281,'Em andamento','Finalizado','2024-10-14 14:13:05',6),(49,648,'Em andamento','Finalizado','2024-10-14 14:16:47',6),(50,7675,'Não iniciado','Em andamento','2024-10-14 14:24:08',1),(51,7683,'Não iniciado','Em andamento','2024-10-14 14:24:13',1),(52,706,'Finalizado','Em andamento','2024-10-14 14:59:06',3),(53,710,'Não iniciado','Em andamento','2024-10-14 14:59:21',3),(54,714,'Não iniciado','Em andamento','2024-10-14 14:59:27',3),(55,718,'Não iniciado','Em andamento','2024-10-14 14:59:35',3),(56,722,'Não iniciado','Em andamento','2024-10-14 14:59:41',3),(57,736,'Não iniciado','Em andamento','2024-10-14 14:59:52',3),(58,251,'Não iniciado','Em andamento','2024-10-14 18:32:45',6),(59,7675,'Em andamento','HOLD','2024-10-15 12:41:59',1),(60,7683,'Em andamento','HOLD','2024-10-15 12:42:20',1),(61,7822,'Não iniciado','Finalizado','2024-10-15 17:15:13',8),(62,7848,'Não iniciado','Finalizado','2024-10-15 17:20:55',8),(63,7856,'Não iniciado','Finalizado','2024-10-15 17:21:13',8),(64,7872,'Não iniciado','Finalizado','2024-10-15 17:21:47',8),(65,7864,'Não iniciado','Em andamento','2024-10-15 17:21:59',8),(66,251,'Em andamento','Finalizado','2024-10-15 17:50:18',6),(67,261,'Não iniciado','Em andamento','2024-10-15 18:41:14',6),(68,5197,'Em andamento','Finalizado','2024-10-15 19:21:25',3),(69,5204,'Em andamento','Finalizado','2024-10-15 19:21:29',3),(70,5211,'Em andamento','Finalizado','2024-10-15 19:21:32',3),(71,5218,'Em andamento','Finalizado','2024-10-15 19:21:36',3),(72,5225,'Em andamento','Finalizado','2024-10-15 19:21:40',3),(73,5232,'Em andamento','Finalizado','2024-10-15 19:21:43',3),(74,275,'Em andamento','Finalizado','2024-10-15 20:50:33',4),(75,274,'Em andamento','Finalizado','2024-10-15 20:50:33',4),(76,307,'Não iniciado','Em andamento','2024-10-16 12:20:16',4),(77,226,'Não iniciado','Finalizado','2024-10-16 14:34:56',8),(78,230,'Não iniciado','Finalizado','2024-10-16 14:36:10',8),(79,231,'Não iniciado','Finalizado','2024-10-16 14:36:10',8),(80,7864,'Em andamento','Finalizado','2024-10-16 14:36:43',8),(81,307,'Em andamento','Finalizado','2024-10-17 01:31:02',4),(82,4580,'Não iniciado','Em andamento','2024-10-17 10:36:06',4),(83,298,'Não iniciado','Em andamento','2024-10-17 10:36:12',4),(84,276,'Não iniciado','Em andamento','2024-10-17 11:34:28',6),(85,261,'Em andamento','HOLD','2024-10-17 11:34:41',6),(86,227,'Não iniciado','Finalizado','2024-10-17 19:24:23',8),(87,298,'Em andamento','Finalizado','2024-10-17 23:06:07',4),(88,4580,'Em andamento','Finalizado','2024-10-17 23:06:16',4),(89,276,'Em andamento','HOLD','2024-10-18 12:38:03',6),(90,299,'Não iniciado','Em andamento','2024-10-18 12:38:11',6),(91,303,'Não iniciado','Em andamento','2024-10-18 12:38:17',6),(92,706,'Em andamento','Finalizado','2024-10-21 04:52:42',3),(93,710,'Em andamento','Finalizado','2024-10-21 04:52:52',3),(94,714,'Em andamento','Finalizado','2024-10-21 04:52:56',3),(95,718,'Em andamento','Finalizado','2024-10-21 04:53:02',3),(96,722,'Em andamento','Finalizado','2024-10-21 04:53:06',3),(97,736,'Em andamento','Finalizado','2024-10-21 04:53:29',3),(98,8299,'Não iniciado','Finalizado','2024-10-21 11:10:39',1),(99,8243,'Não iniciado','Em andamento','2024-10-21 11:10:58',1),(100,7675,'HOLD','Em andamento','2024-10-21 11:11:15',1),(101,8401,'Não iniciado','Em andamento','2024-10-21 13:57:44',12),(102,8401,'Em andamento','Não iniciado','2024-10-21 13:57:50',12),(103,8243,'Em andamento','Finalizado','2024-10-21 13:58:08',1),(104,7675,'Em andamento','Finalizado','2024-10-21 14:18:12',1),(105,7683,'HOLD','Em andamento','2024-10-21 14:21:35',1),(106,5302,'HOLD','Em andamento','2024-10-21 15:20:49',3),(107,5309,'HOLD','Em andamento','2024-10-21 15:20:57',3),(108,5316,'HOLD','Em andamento','2024-10-21 15:21:03',3),(109,5323,'HOLD','Em andamento','2024-10-21 15:21:12',3),(110,5330,'HOLD','Em andamento','2024-10-21 15:21:25',3),(111,8165,'Não iniciado','Em andamento','2024-10-21 15:21:33',5),(112,5337,'HOLD','Em andamento','2024-10-21 15:21:36',3),(113,8325,'Não iniciado','Em andamento','2024-10-21 15:21:51',3),(114,5351,'HOLD','Em andamento','2024-10-21 15:22:10',3),(115,5358,'HOLD','Em andamento','2024-10-21 15:22:15',3),(116,5372,'HOLD','Em andamento','2024-10-21 15:22:31',3),(117,5379,'HOLD','Em andamento','2024-10-21 15:22:49',3),(118,8365,'Não iniciado','Em andamento','2024-10-21 15:22:57',3),(119,222,'Não iniciado','Finalizado','2024-10-22 01:29:18',8),(120,223,'Não iniciado','HOLD','2024-10-22 01:29:18',8),(121,8628,'Não iniciado','Finalizado','2024-10-22 01:30:15',8),(122,8622,'Não iniciado','Finalizado','2024-10-22 01:30:15',8),(123,7683,'Em andamento','Finalizado','2024-10-22 15:32:09',1),(124,708,'Em andamento','Não iniciado','2024-10-22 17:27:37',8),(125,5253,'HOLD','Não iniciado','2024-10-22 17:38:11',3),(126,5239,'HOLD','Não iniciado','2024-10-22 17:38:17',3),(127,5246,'HOLD','Não iniciado','2024-10-22 17:38:23',3),(128,5274,'HOLD','Não iniciado','2024-10-22 17:38:29',3),(129,235,'Não iniciado','Em andamento','2024-10-22 21:25:45',4),(130,8245,'Não iniciado','Finalizado','2024-10-23 00:28:22',5),(131,8301,'Não iniciado','Finalizado','2024-10-23 00:28:54',5),(132,235,'Em andamento','Finalizado','2024-10-23 00:49:38',4),(133,303,'Em andamento','Finalizado','2024-10-23 18:31:15',6),(134,8165,'Em andamento','Finalizado','2024-10-23 19:03:12',5),(135,8237,'Não iniciado','Finalizado','2024-10-23 19:03:23',5),(136,240,'Não iniciado','Em andamento','2024-10-24 10:31:49',4),(137,9070,'Não iniciado','Finalizado','2024-10-24 13:14:57',1),(138,9078,'Não iniciado','Finalizado','2024-10-24 13:15:06',1),(139,2082,'Em andamento','Finalizado','2024-10-24 15:31:54',6),(140,299,'Em andamento','Finalizado','2024-10-24 18:18:30',6),(141,8784,'Não iniciado','Em andamento','2024-10-24 19:51:57',8),(142,8786,'Não iniciado','Em andamento','2024-10-24 19:51:57',8),(143,8792,'Não iniciado','Em andamento','2024-10-24 19:52:08',8),(144,8794,'Não iniciado','Em andamento','2024-10-24 19:52:08',8),(145,8800,'Não iniciado','Em andamento','2024-10-24 19:52:33',8),(146,8802,'Não iniciado','Em andamento','2024-10-24 19:52:33',8),(147,8808,'Não iniciado','Em andamento','2024-10-24 19:52:56',8),(148,8810,'Não iniciado','Em andamento','2024-10-24 19:52:56',8),(149,8816,'Não iniciado','Em andamento','2024-10-24 19:53:16',8),(150,8818,'Não iniciado','Em andamento','2024-10-24 19:53:16',8),(151,8824,'Não iniciado','Em andamento','2024-10-24 19:53:49',8),(152,8826,'Não iniciado','Em andamento','2024-10-24 19:53:49',8),(153,223,'HOLD','Em andamento','2024-10-24 19:54:35',8),(154,5302,'Em andamento','Finalizado','2024-10-25 04:21:13',3),(155,5309,'Em andamento','Finalizado','2024-10-25 04:21:17',3),(156,5316,'Em andamento','Finalizado','2024-10-25 04:21:22',3),(157,5323,'Em andamento','Finalizado','2024-10-25 04:21:36',3),(158,5330,'Em andamento','Finalizado','2024-10-25 04:21:42',3),(159,5337,'Em andamento','Finalizado','2024-10-25 04:21:51',3),(160,5344,'HOLD','Finalizado','2024-10-25 04:21:59',3),(161,8325,'Em andamento','Finalizado','2024-10-25 04:22:07',3),(162,5351,'Em andamento','Finalizado','2024-10-25 04:22:12',3),(163,5358,'Em andamento','Finalizado','2024-10-25 04:22:22',3),(164,5372,'Em andamento','Finalizado','2024-10-25 04:22:27',3),(165,5379,'Em andamento','Finalizado','2024-10-25 04:22:30',3),(166,8365,'Em andamento','Finalizado','2024-10-25 04:22:36',3),(167,2012,'Em andamento','Finalizado','2024-10-25 12:40:08',6),(168,4171,'Não iniciado','Em andamento','2024-10-25 14:25:15',7),(169,5253,'Não iniciado','Em andamento','2024-10-25 14:26:59',3),(170,5239,'Não iniciado','Em andamento','2024-10-25 14:27:02',3),(171,5246,'Não iniciado','Em andamento','2024-10-25 14:27:05',3),(172,5274,'Não iniciado','Em andamento','2024-10-25 14:27:09',3),(173,3846,'Não iniciado','Em andamento','2024-10-25 14:27:14',5),(174,2026,'Em andamento','Finalizado','2024-10-25 15:04:48',6),(175,9223,'Não iniciado','Finalizado','2024-10-25 18:15:12',1),(176,10912,'Não iniciado','Finalizado','2024-10-25 18:24:09',8),(177,10914,'Não iniciado','Finalizado','2024-10-25 18:24:09',8),(178,2096,'Em andamento','Finalizado','2024-10-25 19:38:09',6),(179,285,'Não iniciado','Em andamento','2024-10-26 12:49:13',4),(180,4559,'Não iniciado','Em andamento','2024-10-26 12:49:20',4),(181,240,'Em andamento','Finalizado','2024-10-26 19:39:48',4),(182,285,'Em andamento','Finalizado','2024-10-26 19:40:05',4),(183,4559,'Em andamento','Finalizado','2024-10-26 19:40:23',4),(184,4566,'Não iniciado','Finalizado','2024-10-26 19:40:49',4),(185,10032,'Não iniciado','Em andamento','2024-10-28 10:31:16',4),(186,10033,'Não iniciado','Em andamento','2024-10-28 10:31:16',4),(187,10048,'Não iniciado','Em andamento','2024-10-28 10:31:53',4),(188,10049,'Não iniciado','Em andamento','2024-10-28 10:31:53',4),(189,8251,'Não iniciado','Finalizado','2024-10-28 13:23:33',1),(190,8275,'Não iniciado','Em andamento','2024-10-28 13:27:01',1),(191,2089,'Em andamento','Finalizado','2024-10-28 14:11:23',6),(192,705,'Em andamento','Finalizado','2024-10-28 17:44:36',6),(193,276,'HOLD','Finalizado','2024-10-28 18:16:06',6),(194,261,'HOLD','Finalizado','2024-10-28 18:16:34',6),(195,308,'Não iniciado','Em andamento','2024-10-28 18:33:20',6),(196,8275,'Em andamento','Finalizado','2024-10-28 19:44:20',1),(197,8283,'Não iniciado','Em andamento','2024-10-28 19:46:15',1),(198,2106,'Não iniciado','Finalizado','2024-10-28 20:38:03',12),(199,11259,'Não iniciado','Finalizado','2024-10-28 22:43:16',14),(200,11275,'Não iniciado','Finalizado','2024-10-28 22:43:21',14),(201,2140,'Não iniciado','Finalizado','2024-10-28 22:43:38',7),(202,2161,'Não iniciado','Finalizado','2024-10-28 22:43:46',7),(203,2175,'Não iniciado','Finalizado','2024-10-28 22:43:50',7),(204,2196,'Não iniciado','Finalizado','2024-10-28 22:43:54',7),(205,4199,'Não iniciado','Finalizado','2024-10-28 22:44:47',7),(206,4248,'Não iniciado','Finalizado','2024-10-28 22:44:56',7),(207,4255,'Não iniciado','Finalizado','2024-10-28 22:45:01',7),(208,11387,'Não iniciado','Finalizado','2024-10-28 22:45:30',14),(209,4157,'Não iniciado','Finalizado','2024-10-28 22:45:34',7),(210,4129,'Não iniciado','Finalizado','2024-10-28 22:45:39',7),(211,4143,'Não iniciado','Finalizado','2024-10-28 22:45:43',7),(212,4136,'Não iniciado','Finalizado','2024-10-28 22:45:46',7),(213,11283,'Não iniciado','Finalizado','2024-10-28 22:46:07',14),(214,10032,'Em andamento','Finalizado','2024-10-29 00:49:55',4),(215,10033,'Em andamento','Finalizado','2024-10-29 00:49:55',4),(216,8283,'Em andamento','Finalizado','2024-10-29 01:28:11',1),(217,8259,'Não iniciado','Em andamento','2024-10-29 01:28:29',1),(218,8339,'Não iniciado','Em andamento','2024-10-29 01:33:33',1),(219,8339,'Em andamento','Finalizado','2024-10-29 02:35:14',1),(220,8307,'Não iniciado','Em andamento','2024-10-29 02:37:18',1),(221,8307,'Em andamento','Finalizado','2024-10-29 15:27:37',1),(222,8363,'Não iniciado','HOLD','2024-10-29 16:08:01',1),(223,8259,'Em andamento','HOLD','2024-10-29 16:08:08',1),(224,8291,'Não iniciado','Em andamento','2024-10-29 16:08:48',1),(225,8291,'Em andamento','Finalizado','2024-10-29 16:58:58',1),(226,10320,'Não iniciado','Finalizado','2024-10-29 19:24:26',13),(227,10321,'Não iniciado','Finalizado','2024-10-29 19:24:26',13),(228,10048,'Em andamento','Finalizado','2024-10-29 22:29:51',4),(229,10049,'Em andamento','Finalizado','2024-10-29 22:29:51',4),(230,10056,'Não iniciado','Em andamento','2024-10-29 23:07:11',4),(231,10057,'Não iniciado','Em andamento','2024-10-29 23:07:11',4),(232,10072,'Não iniciado','Em andamento','2024-10-29 23:07:26',4),(233,10073,'Não iniciado','Em andamento','2024-10-29 23:07:26',4),(234,5253,'Em andamento','Finalizado','2024-10-30 08:58:43',3),(235,5239,'Em andamento','Finalizado','2024-10-30 08:58:48',3),(236,5246,'Em andamento','Finalizado','2024-10-30 08:58:52',3),(237,5274,'Em andamento','Finalizado','2024-10-30 08:58:56',3),(238,3846,'Em andamento','Finalizado','2024-10-30 08:59:05',5),(239,3846,'Finalizado','Não iniciado','2024-10-30 08:59:12',5),(240,8331,'Não iniciado','Não se aplica','2024-10-30 12:38:58',1),(241,9094,'Não iniciado','Finalizado','2024-10-30 12:38:58',1),(242,8363,'HOLD','Não se aplica','2024-10-30 12:42:03',1),(243,9142,'Não iniciado','Em andamento','2024-10-30 12:42:03',1),(244,221,'Não iniciado','Em andamento','2024-10-30 14:01:43',3),(245,224,'Não iniciado','Em andamento','2024-10-30 14:01:43',14),(246,225,'Não iniciado','Em andamento','2024-10-30 14:01:43',3),(247,228,'Não iniciado','Em andamento','2024-10-30 14:01:43',14),(248,229,'Não iniciado','Em andamento','2024-10-30 14:01:43',3),(249,232,'Não iniciado','Em andamento','2024-10-30 14:01:43',14),(250,234,'Não iniciado','Em andamento','2024-10-30 14:01:43',3),(251,236,'Não iniciado','Em andamento','2024-10-30 14:01:43',8),(252,237,'Não iniciado','Em andamento','2024-10-30 14:01:43',14),(253,239,'Não iniciado','Em andamento','2024-10-30 14:01:43',3),(254,241,'Não iniciado','Em andamento','2024-10-30 14:01:43',8),(255,242,'Não iniciado','Em andamento','2024-10-30 14:01:43',14),(256,246,'Não iniciado','Em andamento','2024-10-30 14:01:43',10),(257,247,'Não iniciado','Em andamento','2024-10-30 14:01:43',14),(258,252,'Não iniciado','Em andamento','2024-10-30 14:01:43',14),(259,257,'Não iniciado','Em andamento','2024-10-30 14:01:43',14),(260,262,'Não iniciado','Em andamento','2024-10-30 14:01:43',14),(261,267,'Não iniciado','Em andamento','2024-10-30 14:01:43',14),(262,272,'Não iniciado','Em andamento','2024-10-30 14:01:43',14),(263,277,'Não iniciado','Em andamento','2024-10-30 14:01:43',14),(264,282,'Não iniciado','Em andamento','2024-10-30 14:01:43',14),(265,284,'Não iniciado','Em andamento','2024-10-30 14:01:43',3),(266,286,'Não iniciado','Em andamento','2024-10-30 14:01:43',8),(267,287,'Não iniciado','Em andamento','2024-10-30 14:01:43',14),(268,289,'Não iniciado','Em andamento','2024-10-30 14:01:43',3),(269,290,'Não iniciado','Em andamento','2024-10-30 14:01:43',8),(270,291,'Não iniciado','Em andamento','2024-10-30 14:01:43',14),(271,293,'Não iniciado','Em andamento','2024-10-30 14:01:43',3),(272,294,'Não iniciado','Em andamento','2024-10-30 14:01:43',8),(273,295,'Não iniciado','Em andamento','2024-10-30 14:01:43',14),(274,297,'Não iniciado','Em andamento','2024-10-30 14:01:43',5),(275,300,'Não iniciado','Em andamento','2024-10-30 14:01:43',14),(276,302,'Não iniciado','Em andamento','2024-10-30 14:01:43',5),(277,304,'Não iniciado','Em andamento','2024-10-30 14:01:43',14),(278,306,'Não iniciado','Em andamento','2024-10-30 14:01:43',5),(279,309,'Não iniciado','Em andamento','2024-10-30 14:01:43',14),(280,319,'Não iniciado','Em andamento','2024-10-30 14:01:43',3),(281,320,'Não iniciado','Em andamento','2024-10-30 14:01:43',8),(282,321,'Não iniciado','Em andamento','2024-10-30 14:01:43',8),(283,322,'Não iniciado','Em andamento','2024-10-30 14:01:43',14),(284,323,'Não iniciado','Em andamento','2024-10-30 14:01:43',3),(285,324,'Não iniciado','Em andamento','2024-10-30 14:01:43',8),(286,325,'Não iniciado','Em andamento','2024-10-30 14:01:43',8),(287,326,'Não iniciado','Em andamento','2024-10-30 14:01:43',14),(288,327,'Não iniciado','Em andamento','2024-10-30 14:01:43',3),(289,328,'Não iniciado','Em andamento','2024-10-30 14:01:43',8),(290,329,'Não iniciado','Em andamento','2024-10-30 14:01:43',8),(291,330,'Não iniciado','Em andamento','2024-10-30 14:01:43',14),(292,331,'Não iniciado','Em andamento','2024-10-30 14:01:43',3),(293,332,'Não iniciado','Em andamento','2024-10-30 14:01:43',8),(294,333,'Não iniciado','Em andamento','2024-10-30 14:01:43',8),(295,334,'Não iniciado','Em andamento','2024-10-30 14:01:43',14),(296,335,'Não iniciado','Em andamento','2024-10-30 14:01:43',3),(297,336,'Não iniciado','Em andamento','2024-10-30 14:01:43',8),(298,337,'Não iniciado','Em andamento','2024-10-30 14:01:43',8),(299,338,'Não iniciado','Em andamento','2024-10-30 14:01:43',14),(300,339,'Não iniciado','Em andamento','2024-10-30 14:01:43',3),(301,340,'Não iniciado','Em andamento','2024-10-30 14:01:43',8),(302,341,'Não iniciado','Em andamento','2024-10-30 14:01:43',8),(303,342,'Não iniciado','Em andamento','2024-10-30 14:01:43',14),(304,344,'Não iniciado','Em andamento','2024-10-30 14:01:43',5),(305,345,'Não iniciado','Em andamento','2024-10-30 14:01:43',4),(306,346,'Não iniciado','Em andamento','2024-10-30 14:01:43',6),(307,347,'Não iniciado','Em andamento','2024-10-30 14:01:43',14),(308,349,'Não iniciado','Em andamento','2024-10-30 14:01:43',3),(309,350,'Não iniciado','Em andamento','2024-10-30 14:01:43',4),(310,351,'Não iniciado','Em andamento','2024-10-30 14:01:43',6),(311,352,'Não iniciado','Em andamento','2024-10-30 14:01:43',14),(312,354,'Não iniciado','Em andamento','2024-10-30 14:01:43',3),(313,355,'Não iniciado','Em andamento','2024-10-30 14:01:43',4),(314,356,'Não iniciado','Em andamento','2024-10-30 14:01:43',6),(315,357,'Não iniciado','Em andamento','2024-10-30 14:01:43',14),(316,359,'Não iniciado','Em andamento','2024-10-30 14:01:43',3),(317,360,'Não iniciado','Em andamento','2024-10-30 14:01:43',4),(318,361,'Não iniciado','Em andamento','2024-10-30 14:01:43',6),(319,362,'Não iniciado','Em andamento','2024-10-30 14:01:43',14),(320,364,'Não iniciado','Em andamento','2024-10-30 14:01:43',5),(321,365,'Não iniciado','Em andamento','2024-10-30 14:01:43',4),(322,366,'Não iniciado','Em andamento','2024-10-30 14:01:43',6),(323,367,'Não iniciado','Em andamento','2024-10-30 14:01:43',14),(324,369,'Não iniciado','Em andamento','2024-10-30 14:01:43',3),(325,370,'Não iniciado','Em andamento','2024-10-30 14:01:43',4),(326,371,'Não iniciado','Em andamento','2024-10-30 14:01:43',8),(327,372,'Não iniciado','Em andamento','2024-10-30 14:01:43',14),(328,374,'Não iniciado','Em andamento','2024-10-30 14:01:43',3),(329,375,'Não iniciado','Em andamento','2024-10-30 14:01:43',4),(330,376,'Não iniciado','Em andamento','2024-10-30 14:01:43',8),(331,377,'Não iniciado','Em andamento','2024-10-30 14:01:43',14),(332,379,'Não iniciado','Em andamento','2024-10-30 14:01:43',5),(333,380,'Não iniciado','Em andamento','2024-10-30 14:01:43',4),(334,381,'Não iniciado','Em andamento','2024-10-30 14:01:43',6),(335,382,'Não iniciado','Em andamento','2024-10-30 14:01:43',14),(336,384,'Não iniciado','Em andamento','2024-10-30 14:01:43',3),(337,385,'Não iniciado','Em andamento','2024-10-30 14:01:43',4),(338,386,'Não iniciado','Em andamento','2024-10-30 14:01:43',8),(339,387,'Não iniciado','Em andamento','2024-10-30 14:01:43',14),(340,389,'Não iniciado','Em andamento','2024-10-30 14:01:43',3),(341,390,'Não iniciado','Em andamento','2024-10-30 14:01:43',4),(342,391,'Não iniciado','Em andamento','2024-10-30 14:01:43',8),(343,392,'Não iniciado','Em andamento','2024-10-30 14:01:43',14),(344,394,'Não iniciado','Em andamento','2024-10-30 14:01:43',3),(345,395,'Não iniciado','Em andamento','2024-10-30 14:01:43',4),(346,396,'Não iniciado','Em andamento','2024-10-30 14:01:43',8),(347,397,'Não iniciado','Em andamento','2024-10-30 14:01:43',14),(348,399,'Não iniciado','Em andamento','2024-10-30 14:01:43',5),(349,400,'Não iniciado','Em andamento','2024-10-30 14:01:43',4),(350,401,'Não iniciado','Em andamento','2024-10-30 14:01:43',6),(351,402,'Não iniciado','Em andamento','2024-10-30 14:01:43',14),(352,404,'Não iniciado','Em andamento','2024-10-30 14:01:43',5),(353,405,'Não iniciado','Em andamento','2024-10-30 14:01:43',4),(354,406,'Não iniciado','Em andamento','2024-10-30 14:01:43',6),(355,407,'Não iniciado','Em andamento','2024-10-30 14:01:43',14),(356,409,'Não iniciado','Em andamento','2024-10-30 14:01:43',5),(357,410,'Não iniciado','Em andamento','2024-10-30 14:01:43',4),(358,411,'Não iniciado','Em andamento','2024-10-30 14:01:43',6),(359,412,'Não iniciado','Em andamento','2024-10-30 14:01:43',14),(360,414,'Não iniciado','Em andamento','2024-10-30 14:01:43',5),(361,415,'Não iniciado','Em andamento','2024-10-30 14:01:43',4),(362,416,'Não iniciado','Em andamento','2024-10-30 14:01:43',6),(363,417,'Não iniciado','Em andamento','2024-10-30 14:01:43',14),(364,419,'Não iniciado','Em andamento','2024-10-30 14:01:43',5),(365,420,'Não iniciado','Em andamento','2024-10-30 14:01:43',4),(366,421,'Não iniciado','Em andamento','2024-10-30 14:01:43',6),(367,422,'Não iniciado','Em andamento','2024-10-30 14:01:43',14),(368,424,'Não iniciado','Em andamento','2024-10-30 14:01:43',5),(369,425,'Não iniciado','Em andamento','2024-10-30 14:01:43',4),(370,426,'Não iniciado','Em andamento','2024-10-30 14:01:43',6),(371,427,'Não iniciado','Em andamento','2024-10-30 14:01:43',14),(372,429,'Não iniciado','Em andamento','2024-10-30 14:01:43',3),(373,430,'Não iniciado','Em andamento','2024-10-30 14:01:43',4),(374,431,'Não iniciado','Em andamento','2024-10-30 14:01:43',6),(375,432,'Não iniciado','Em andamento','2024-10-30 14:01:43',14),(376,434,'Não iniciado','Em andamento','2024-10-30 14:01:43',5),(377,435,'Não iniciado','Em andamento','2024-10-30 14:01:43',4),(378,436,'Não iniciado','Em andamento','2024-10-30 14:01:43',6),(379,437,'Não iniciado','Em andamento','2024-10-30 14:01:43',14),(380,439,'Não iniciado','Em andamento','2024-10-30 14:01:43',5),(381,440,'Não iniciado','Em andamento','2024-10-30 14:01:43',4),(382,441,'Não iniciado','Em andamento','2024-10-30 14:01:43',10),(383,442,'Não iniciado','Em andamento','2024-10-30 14:01:43',14),(384,463,'Não iniciado','Em andamento','2024-10-30 14:01:43',11),(385,464,'Não iniciado','Em andamento','2024-10-30 14:01:43',11),(386,465,'Não iniciado','Em andamento','2024-10-30 14:01:43',14),(387,467,'Não iniciado','Em andamento','2024-10-30 14:01:43',11),(388,468,'Não iniciado','Em andamento','2024-10-30 14:01:43',11),(389,469,'Não iniciado','Em andamento','2024-10-30 14:01:43',14),(390,471,'Não iniciado','Em andamento','2024-10-30 14:01:43',11),(391,472,'Não iniciado','Em andamento','2024-10-30 14:01:43',11),(392,473,'Não iniciado','Em andamento','2024-10-30 14:01:43',14),(393,475,'Não iniciado','Em andamento','2024-10-30 14:01:43',11),(394,476,'Não iniciado','Em andamento','2024-10-30 14:01:43',11),(395,477,'Não iniciado','Em andamento','2024-10-30 14:01:43',14),(396,482,'Não iniciado','Em andamento','2024-10-30 14:01:43',14),(397,484,'Não iniciado','Em andamento','2024-10-30 14:01:43',3),(398,485,'Não iniciado','Em andamento','2024-10-30 14:01:43',4),(399,486,'Não iniciado','Em andamento','2024-10-30 14:01:43',11),(400,487,'Não iniciado','Em andamento','2024-10-30 14:01:43',14),(401,488,'Não iniciado','Em andamento','2024-10-30 14:01:43',3),(402,489,'Não iniciado','Em andamento','2024-10-30 14:01:43',11),(403,490,'Não iniciado','Em andamento','2024-10-30 14:01:43',14),(404,491,'Não iniciado','Em andamento','2024-10-30 14:01:43',3),(405,492,'Não iniciado','Em andamento','2024-10-30 14:01:43',11),(406,493,'Não iniciado','Em andamento','2024-10-30 14:01:43',14),(407,498,'Não iniciado','Em andamento','2024-10-30 14:01:43',14),(408,503,'Não iniciado','Em andamento','2024-10-30 14:01:43',14),(409,508,'Não iniciado','Em andamento','2024-10-30 14:01:43',14),(410,509,'Não iniciado','Em andamento','2024-10-30 14:01:43',6),(411,510,'Não iniciado','Em andamento','2024-10-30 14:01:43',14),(412,515,'Não iniciado','Em andamento','2024-10-30 14:01:43',14),(413,520,'Não iniciado','Em andamento','2024-10-30 14:01:43',14),(414,525,'Não iniciado','Em andamento','2024-10-30 14:01:43',14),(415,530,'Não iniciado','Em andamento','2024-10-30 14:01:43',14),(416,574,'Não iniciado','Em andamento','2024-10-30 14:01:43',14),(417,586,'Não iniciado','Em andamento','2024-10-30 14:01:43',14),(418,590,'Não iniciado','Em andamento','2024-10-30 14:01:43',14),(419,594,'Não iniciado','Em andamento','2024-10-30 14:01:43',14),(420,598,'Não iniciado','Em andamento','2024-10-30 14:01:43',14),(421,602,'Não iniciado','Em andamento','2024-10-30 14:01:43',14),(422,606,'Não iniciado','Em andamento','2024-10-30 14:01:43',14),(423,610,'Não iniciado','Em andamento','2024-10-30 14:01:43',14),(424,614,'Não iniciado','Em andamento','2024-10-30 14:01:43',14),(425,618,'Não iniciado','Em andamento','2024-10-30 14:01:43',14),(426,622,'Não iniciado','Em andamento','2024-10-30 14:01:43',14),(427,623,'Não iniciado','Em andamento','2024-10-30 14:01:43',10),(428,624,'Não iniciado','Em andamento','2024-10-30 14:01:43',14),(429,625,'Não iniciado','Em andamento','2024-10-30 14:01:43',10),(430,626,'Não iniciado','Em andamento','2024-10-30 14:01:43',14),(431,630,'Não iniciado','Em andamento','2024-10-30 14:01:43',14),(432,634,'Não iniciado','Em andamento','2024-10-30 14:01:43',14),(433,639,'Não iniciado','Em andamento','2024-10-30 14:01:43',14),(434,644,'Não iniciado','Em andamento','2024-10-30 14:01:43',14),(435,649,'Não iniciado','Em andamento','2024-10-30 14:01:43',14),(436,653,'Não iniciado','Em andamento','2024-10-30 14:01:43',14),(437,657,'Não iniciado','Em andamento','2024-10-30 14:01:43',14),(438,661,'Não iniciado','Em andamento','2024-10-30 14:01:43',14),(439,665,'Não iniciado','Em andamento','2024-10-30 14:01:43',14),(440,666,'Não iniciado','Em andamento','2024-10-30 14:01:43',9),(441,667,'Não iniciado','Em andamento','2024-10-30 14:01:43',2),(442,668,'Não iniciado','Em andamento','2024-10-30 14:01:43',10),(443,669,'Não iniciado','Em andamento','2024-10-30 14:01:43',2),(444,708,'Não iniciado','Em andamento','2024-10-30 14:01:43',8),(445,709,'Não iniciado','Em andamento','2024-10-30 14:01:43',8),(446,711,'Não iniciado','Em andamento','2024-10-30 14:01:43',8),(447,712,'Não iniciado','Em andamento','2024-10-30 14:01:43',8),(448,713,'Não iniciado','Em andamento','2024-10-30 14:01:43',14),(449,715,'Não iniciado','Em andamento','2024-10-30 14:01:43',8),(450,716,'Não iniciado','Em andamento','2024-10-30 14:01:43',8),(451,717,'Não iniciado','Em andamento','2024-10-30 14:01:43',14),(452,719,'Não iniciado','Em andamento','2024-10-30 14:01:43',8),(453,720,'Não iniciado','Em andamento','2024-10-30 14:01:43',8),(454,721,'Não iniciado','Em andamento','2024-10-30 14:01:43',14),(455,723,'Não iniciado','Em andamento','2024-10-30 14:01:43',8),(456,724,'Não iniciado','Em andamento','2024-10-30 14:01:43',8),(457,725,'Não iniciado','Em andamento','2024-10-30 14:01:43',14),(458,727,'Não iniciado','Em andamento','2024-10-30 14:01:43',5),(459,728,'Não iniciado','Em andamento','2024-10-30 14:01:43',4),(460,729,'Não iniciado','Em andamento','2024-10-30 14:01:43',6),(461,730,'Não iniciado','Em andamento','2024-10-30 14:01:43',14),(462,732,'Não iniciado','Em andamento','2024-10-30 14:01:43',5),(463,733,'Não iniciado','Em andamento','2024-10-30 14:01:43',4),(464,734,'Não iniciado','Em andamento','2024-10-30 14:01:43',6),(465,735,'Não iniciado','Em andamento','2024-10-30 14:01:43',14),(466,737,'Não iniciado','Em andamento','2024-10-30 14:01:43',8),(467,738,'Não iniciado','Em andamento','2024-10-30 14:01:43',8),(468,739,'Não iniciado','Em andamento','2024-10-30 14:01:43',14),(469,741,'Não iniciado','Em andamento','2024-10-30 14:01:43',5),(470,742,'Não iniciado','Em andamento','2024-10-30 14:01:43',4),(471,743,'Não iniciado','Em andamento','2024-10-30 14:01:43',6),(472,744,'Não iniciado','Em andamento','2024-10-30 14:01:43',14),(473,1040,'Não iniciado','Em andamento','2024-10-30 14:01:43',10),(474,1113,'Não iniciado','Em andamento','2024-10-30 14:01:43',12),(475,1119,'Não iniciado','Em andamento','2024-10-30 14:01:43',12),(476,1127,'Não iniciado','Em andamento','2024-10-30 14:01:43',12),(477,1134,'Não iniciado','Em andamento','2024-10-30 14:01:43',12),(478,1141,'Não iniciado','Em andamento','2024-10-30 14:01:43',12),(479,1148,'Não iniciado','Em andamento','2024-10-30 14:01:43',12),(480,1176,'Não iniciado','Em andamento','2024-10-30 14:01:43',12),(481,1190,'Não iniciado','Em andamento','2024-10-30 14:01:43',12),(482,1204,'Não iniciado','Em andamento','2024-10-30 14:01:43',12),(483,1211,'Não iniciado','Em andamento','2024-10-30 14:01:43',12),(484,1218,'Não iniciado','Em andamento','2024-10-30 14:01:43',12),(485,1225,'Não iniciado','Em andamento','2024-10-30 14:01:43',12),(486,1232,'Não iniciado','Em andamento','2024-10-30 14:01:43',12),(487,2461,'Não iniciado','Em andamento','2024-10-30 14:01:43',6),(488,2462,'Não iniciado','Em andamento','2024-10-30 14:01:43',14),(489,2912,'Não iniciado','Em andamento','2024-10-30 14:01:43',12),(490,2919,'Não iniciado','Em andamento','2024-10-30 14:01:43',12),(491,2926,'Não iniciado','Em andamento','2024-10-30 14:01:43',12),(492,3158,'Não iniciado','Em andamento','2024-10-30 14:01:43',12),(493,3159,'Não iniciado','Em andamento','2024-10-30 14:01:43',12),(494,3160,'Não iniciado','Em andamento','2024-10-30 14:01:43',12),(495,3161,'Não iniciado','Em andamento','2024-10-30 14:01:43',12),(496,3162,'Não iniciado','Em andamento','2024-10-30 14:01:43',12),(497,3839,'Não iniciado','Em andamento','2024-10-30 14:01:43',5),(498,3846,'Não iniciado','Em andamento','2024-10-30 14:01:43',5),(499,3853,'Não iniciado','Em andamento','2024-10-30 14:01:43',5),(500,4178,'Não iniciado','Em andamento','2024-10-30 14:01:43',7),(501,4185,'Não iniciado','Em andamento','2024-10-30 14:01:43',7),(502,4234,'Não iniciado','Em andamento','2024-10-30 14:01:43',7),(503,4339,'Não iniciado','Em andamento','2024-10-30 14:01:43',7),(504,4367,'Não iniciado','Em andamento','2024-10-30 14:01:43',8),(505,4373,'Não iniciado','Em andamento','2024-10-30 14:01:43',14),(506,4381,'Não iniciado','Em andamento','2024-10-30 14:01:43',7),(507,4394,'Não iniciado','Em andamento','2024-10-30 14:01:43',14),(508,4408,'Não iniciado','Em andamento','2024-10-30 14:01:43',14),(509,4415,'Não iniciado','Em andamento','2024-10-30 14:01:43',14),(510,4422,'Não iniciado','Em andamento','2024-10-30 14:01:43',14),(511,4429,'Não iniciado','Em andamento','2024-10-30 14:01:43',14),(512,4599,'Não iniciado','Em andamento','2024-10-30 14:01:43',12),(513,6845,'Não iniciado','Em andamento','2024-10-30 14:01:43',3),(514,6853,'Não iniciado','Em andamento','2024-10-30 14:01:43',3),(515,6861,'Não iniciado','Em andamento','2024-10-30 14:01:43',3),(516,6868,'Não iniciado','Em andamento','2024-10-30 14:01:43',8),(517,6885,'Não iniciado','Em andamento','2024-10-30 14:01:43',3),(518,7188,'Não iniciado','Em andamento','2024-10-30 14:01:43',10),(519,7190,'Não iniciado','Em andamento','2024-10-30 14:01:43',10),(520,7191,'Não iniciado','Em andamento','2024-10-30 14:01:43',14),(521,7204,'Não iniciado','Em andamento','2024-10-30 14:01:43',10),(522,7206,'Não iniciado','Em andamento','2024-10-30 14:01:43',10),(523,7212,'Não iniciado','Em andamento','2024-10-30 14:01:43',10),(524,7214,'Não iniciado','Em andamento','2024-10-30 14:01:43',10),(525,7215,'Não iniciado','Em andamento','2024-10-30 14:01:43',14),(526,7223,'Não iniciado','Em andamento','2024-10-30 14:01:43',14),(527,7456,'Não iniciado','Em andamento','2024-10-30 14:01:43',7),(528,7465,'Não iniciado','Em andamento','2024-10-30 14:01:43',8),(529,7488,'Não iniciado','Em andamento','2024-10-30 14:01:43',8),(530,7496,'Não iniciado','Em andamento','2024-10-30 14:01:43',8),(531,7629,'Não iniciado','Em andamento','2024-10-30 14:01:43',3),(532,7637,'Não iniciado','Em andamento','2024-10-30 14:01:43',3),(533,7645,'Não iniciado','Em andamento','2024-10-30 14:01:43',3),(534,7653,'Não iniciado','Em andamento','2024-10-30 14:01:43',3),(535,7661,'Não iniciado','Em andamento','2024-10-30 14:01:43',3),(536,7669,'Não iniciado','Em andamento','2024-10-30 14:01:43',3),(537,7823,'Não iniciado','Em andamento','2024-10-30 14:01:43',14),(538,8108,'Não iniciado','Em andamento','2024-10-30 14:01:43',8),(539,8116,'Não iniciado','Em andamento','2024-10-30 14:01:43',8),(540,8118,'Não iniciado','Em andamento','2024-10-30 14:01:43',8),(541,8119,'Não iniciado','Em andamento','2024-10-30 14:01:43',14),(542,8126,'Não iniciado','Em andamento','2024-10-30 14:01:43',8),(543,8127,'Não iniciado','Em andamento','2024-10-30 14:01:43',14),(544,8132,'Não iniciado','Em andamento','2024-10-30 14:01:43',8),(545,8134,'Não iniciado','Em andamento','2024-10-30 14:01:43',8),(546,8135,'Não iniciado','Em andamento','2024-10-30 14:01:43',14),(547,8148,'Não iniciado','Em andamento','2024-10-30 14:01:43',8),(548,8150,'Não iniciado','Em andamento','2024-10-30 14:01:43',8),(549,8151,'Não iniciado','Em andamento','2024-10-30 14:01:43',14),(550,8156,'Não iniciado','Em andamento','2024-10-30 14:01:43',8),(551,8158,'Não iniciado','Em andamento','2024-10-30 14:01:43',8),(552,8159,'Não iniciado','Em andamento','2024-10-30 14:01:43',14),(553,8164,'Não iniciado','Em andamento','2024-10-30 14:01:43',10),(554,8166,'Não iniciado','Em andamento','2024-10-30 14:01:43',10),(555,8167,'Não iniciado','Em andamento','2024-10-30 14:01:43',14),(556,8172,'Não iniciado','Em andamento','2024-10-30 14:01:43',8),(557,8174,'Não iniciado','Em andamento','2024-10-30 14:01:43',8),(558,8175,'Não iniciado','Em andamento','2024-10-30 14:01:43',14),(559,8180,'Não iniciado','Em andamento','2024-10-30 14:01:43',8),(560,8182,'Não iniciado','Em andamento','2024-10-30 14:01:43',8),(561,8183,'Não iniciado','Em andamento','2024-10-30 14:01:43',14),(562,8236,'Não iniciado','Em andamento','2024-10-30 14:01:43',10),(563,8238,'Não iniciado','Em andamento','2024-10-30 14:01:43',10),(564,8239,'Não iniciado','Em andamento','2024-10-30 14:01:43',14),(565,8244,'Não iniciado','Em andamento','2024-10-30 14:01:43',10),(566,8246,'Não iniciado','Em andamento','2024-10-30 14:01:43',10),(567,8247,'Não iniciado','Em andamento','2024-10-30 14:01:43',14),(568,8252,'Não iniciado','Em andamento','2024-10-30 14:01:43',4),(569,8253,'Não iniciado','Em andamento','2024-10-30 14:01:43',5),(570,8254,'Não iniciado','Em andamento','2024-10-30 14:01:43',6),(571,8255,'Não iniciado','Em andamento','2024-10-30 14:01:43',14),(572,8260,'Não iniciado','Em andamento','2024-10-30 14:01:43',4),(573,8261,'Não iniciado','Em andamento','2024-10-30 14:01:43',5),(574,8262,'Não iniciado','Em andamento','2024-10-30 14:01:43',6),(575,8263,'Não iniciado','Em andamento','2024-10-30 14:01:43',14),(576,8276,'Não iniciado','Em andamento','2024-10-30 14:01:43',4),(577,8277,'Não iniciado','Em andamento','2024-10-30 14:01:43',5),(578,8278,'Não iniciado','Em andamento','2024-10-30 14:01:43',6),(579,8279,'Não iniciado','Em andamento','2024-10-30 14:01:43',14),(580,8284,'Não iniciado','Em andamento','2024-10-30 14:01:43',4),(581,8285,'Não iniciado','Em andamento','2024-10-30 14:01:43',5),(582,8286,'Não iniciado','Em andamento','2024-10-30 14:01:43',6),(583,8287,'Não iniciado','Em andamento','2024-10-30 14:01:43',14),(584,8292,'Não iniciado','Em andamento','2024-10-30 14:01:43',4),(585,8293,'Não iniciado','Em andamento','2024-10-30 14:01:43',5),(586,8294,'Não iniciado','Em andamento','2024-10-30 14:01:43',6),(587,8295,'Não iniciado','Em andamento','2024-10-30 14:01:43',14),(588,8300,'Não iniciado','Em andamento','2024-10-30 14:01:43',10),(589,8302,'Não iniciado','Em andamento','2024-10-30 14:01:43',10),(590,8303,'Não iniciado','Em andamento','2024-10-30 14:01:43',14),(591,8308,'Não iniciado','Em andamento','2024-10-30 14:01:43',4),(592,8309,'Não iniciado','Em andamento','2024-10-30 14:01:43',5),(593,8310,'Não iniciado','Em andamento','2024-10-30 14:01:43',6),(594,8311,'Não iniciado','Em andamento','2024-10-30 14:01:43',14),(595,8315,'Não iniciado','Em andamento','2024-10-30 14:01:43',1),(596,8316,'Não iniciado','Em andamento','2024-10-30 14:01:43',4),(597,8317,'Não iniciado','Em andamento','2024-10-30 14:01:43',5),(598,8318,'Não iniciado','Em andamento','2024-10-30 14:01:43',6),(599,8319,'Não iniciado','Em andamento','2024-10-30 14:01:43',14),(600,8323,'Não iniciado','Em andamento','2024-10-30 14:01:43',1),(601,8324,'Não iniciado','Em andamento','2024-10-30 14:01:43',8),(602,8326,'Não iniciado','Em andamento','2024-10-30 14:01:43',8),(603,8327,'Não iniciado','Em andamento','2024-10-30 14:01:43',14),(604,8332,'Não iniciado','Em andamento','2024-10-30 14:01:43',8),(605,8334,'Não iniciado','Em andamento','2024-10-30 14:01:43',8),(606,8335,'Não iniciado','Em andamento','2024-10-30 14:01:43',14),(607,8340,'Não iniciado','Em andamento','2024-10-30 14:01:43',13),(608,8342,'Não iniciado','Em andamento','2024-10-30 14:01:43',13),(609,8343,'Não iniciado','Em andamento','2024-10-30 14:01:43',14),(610,8347,'Não iniciado','Em andamento','2024-10-30 14:01:43',1),(611,8348,'Não iniciado','Em andamento','2024-10-30 14:01:43',8),(612,8350,'Não iniciado','Em andamento','2024-10-30 14:01:43',8),(613,8351,'Não iniciado','Em andamento','2024-10-30 14:01:43',14),(614,8355,'Não iniciado','Em andamento','2024-10-30 14:01:43',1),(615,8356,'Não iniciado','Em andamento','2024-10-30 14:01:43',8),(616,8358,'Não iniciado','Em andamento','2024-10-30 14:01:43',8),(617,8359,'Não iniciado','Em andamento','2024-10-30 14:01:43',14),(618,8364,'Não iniciado','Em andamento','2024-10-30 14:01:43',8),(619,8366,'Não iniciado','Em andamento','2024-10-30 14:01:43',8),(620,8367,'Não iniciado','Em andamento','2024-10-30 14:01:43',14),(621,8377,'Não iniciado','Em andamento','2024-10-30 14:01:43',12),(622,8385,'Não iniciado','Em andamento','2024-10-30 14:01:43',12),(623,8393,'Não iniciado','Em andamento','2024-10-30 14:01:43',12),(624,8401,'Não iniciado','Em andamento','2024-10-30 14:01:43',12),(625,8868,'Não iniciado','Em andamento','2024-10-30 14:01:43',7),(626,8876,'Não iniciado','Em andamento','2024-10-30 14:01:43',7),(627,8884,'Não iniciado','Em andamento','2024-10-30 14:01:43',7),(628,8892,'Não iniciado','Em andamento','2024-10-30 14:01:43',7),(629,8900,'Não iniciado','Em andamento','2024-10-30 14:01:43',7),(630,8936,'Não iniciado','Em andamento','2024-10-30 14:01:43',8),(631,8937,'Não iniciado','Em andamento','2024-10-30 14:01:43',3),(632,8938,'Não iniciado','Em andamento','2024-10-30 14:01:43',8),(633,8944,'Não iniciado','Em andamento','2024-10-30 14:01:43',8),(634,8945,'Não iniciado','Em andamento','2024-10-30 14:01:43',3),(635,8946,'Não iniciado','Em andamento','2024-10-30 14:01:43',8),(636,8947,'Não iniciado','Em andamento','2024-10-30 14:01:43',14),(637,8952,'Não iniciado','Em andamento','2024-10-30 14:01:43',8),(638,8953,'Não iniciado','Em andamento','2024-10-30 14:01:43',3),(639,8954,'Não iniciado','Em andamento','2024-10-30 14:01:43',8),(640,8955,'Não iniciado','Em andamento','2024-10-30 14:01:43',14),(641,8960,'Não iniciado','Em andamento','2024-10-30 14:01:43',8),(642,8961,'Não iniciado','Em andamento','2024-10-30 14:01:43',3),(643,8962,'Não iniciado','Em andamento','2024-10-30 14:01:43',8),(644,8963,'Não iniciado','Em andamento','2024-10-30 14:01:43',14),(645,8968,'Não iniciado','Em andamento','2024-10-30 14:01:43',4),(646,8969,'Não iniciado','Em andamento','2024-10-30 14:01:43',5),(647,8970,'Não iniciado','Em andamento','2024-10-30 14:01:43',6),(648,8971,'Não iniciado','Em andamento','2024-10-30 14:01:43',14),(649,8976,'Não iniciado','Em andamento','2024-10-30 14:01:43',4),(650,8977,'Não iniciado','Em andamento','2024-10-30 14:01:43',5),(651,8978,'Não iniciado','Em andamento','2024-10-30 14:01:43',6),(652,8979,'Não iniciado','Em andamento','2024-10-30 14:01:43',14),(653,9086,'Não iniciado','Em andamento','2024-10-30 14:01:43',1),(654,9110,'Não iniciado','Em andamento','2024-10-30 14:01:43',1),(655,9118,'Não iniciado','Em andamento','2024-10-30 14:01:43',1),(656,9134,'Não iniciado','Em andamento','2024-10-30 14:01:43',1),(657,9222,'Não iniciado','Em andamento','2024-10-30 14:01:43',1),(658,9228,'Não iniciado','Em andamento','2024-10-30 14:01:43',7),(659,9230,'Não iniciado','Em andamento','2024-10-30 14:01:43',1),(660,9236,'Não iniciado','Em andamento','2024-10-30 14:01:43',9),(661,9248,'Não iniciado','Em andamento','2024-10-30 14:01:43',8),(662,9250,'Não iniciado','Em andamento','2024-10-30 14:01:43',8),(663,9256,'Não iniciado','Em andamento','2024-10-30 14:01:43',8),(664,9258,'Não iniciado','Em andamento','2024-10-30 14:01:43',8),(665,9259,'Não iniciado','Em andamento','2024-10-30 14:01:43',14),(666,9264,'Não iniciado','Em andamento','2024-10-30 14:01:43',8),(667,9266,'Não iniciado','Em andamento','2024-10-30 14:01:43',8),(668,9267,'Não iniciado','Em andamento','2024-10-30 14:01:43',14),(669,9275,'Não iniciado','Em andamento','2024-10-30 14:01:43',14),(670,9282,'Não iniciado','Em andamento','2024-10-30 14:01:43',8),(671,9283,'Não iniciado','Em andamento','2024-10-30 14:01:43',14),(672,9291,'Não iniciado','Em andamento','2024-10-30 14:01:43',14),(673,9299,'Não iniciado','Em andamento','2024-10-30 14:01:43',14),(674,9307,'Não iniciado','Em andamento','2024-10-30 14:01:43',14),(675,9315,'Não iniciado','Em andamento','2024-10-30 14:01:43',14),(676,9323,'Não iniciado','Em andamento','2024-10-30 14:01:43',14),(677,9377,'Não iniciado','Em andamento','2024-10-30 14:01:43',3),(678,9385,'Não iniciado','Em andamento','2024-10-30 14:01:43',3),(679,9393,'Não iniciado','Em andamento','2024-10-30 14:01:43',3),(680,9401,'Não iniciado','Em andamento','2024-10-30 14:01:43',3),(681,9409,'Não iniciado','Em andamento','2024-10-30 14:01:43',3),(682,9415,'Não iniciado','Em andamento','2024-10-30 14:01:43',1),(683,9416,'Não iniciado','Em andamento','2024-10-30 14:01:43',4),(684,9417,'Não iniciado','Em andamento','2024-10-30 14:01:43',5),(685,9418,'Não iniciado','Em andamento','2024-10-30 14:01:43',6),(686,9419,'Não iniciado','Em andamento','2024-10-30 14:01:43',14),(687,9423,'Não iniciado','Em andamento','2024-10-30 14:01:43',1),(688,9424,'Não iniciado','Em andamento','2024-10-30 14:01:43',4),(689,9425,'Não iniciado','Em andamento','2024-10-30 14:01:43',5),(690,9426,'Não iniciado','Em andamento','2024-10-30 14:01:43',6),(691,9427,'Não iniciado','Em andamento','2024-10-30 14:01:43',14),(692,9431,'Não iniciado','Em andamento','2024-10-30 14:01:43',1),(693,9432,'Não iniciado','Em andamento','2024-10-30 14:01:43',4),(694,9433,'Não iniciado','Em andamento','2024-10-30 14:01:43',5),(695,9434,'Não iniciado','Em andamento','2024-10-30 14:01:43',6),(696,9435,'Não iniciado','Em andamento','2024-10-30 14:01:43',14),(697,9439,'Não iniciado','Em andamento','2024-10-30 14:01:43',1),(698,9440,'Não iniciado','Em andamento','2024-10-30 14:01:43',4),(699,9441,'Não iniciado','Em andamento','2024-10-30 14:01:43',5),(700,9442,'Não iniciado','Em andamento','2024-10-30 14:01:43',6),(701,9443,'Não iniciado','Em andamento','2024-10-30 14:01:43',14),(702,9447,'Não iniciado','Em andamento','2024-10-30 14:01:43',1),(703,9448,'Não iniciado','Em andamento','2024-10-30 14:01:43',5),(704,9449,'Não iniciado','Em andamento','2024-10-30 14:01:43',5),(705,9450,'Não iniciado','Em andamento','2024-10-30 14:01:43',6),(706,9451,'Não iniciado','Em andamento','2024-10-30 14:01:43',14),(707,9455,'Não iniciado','Em andamento','2024-10-30 14:01:43',1),(708,9456,'Não iniciado','Em andamento','2024-10-30 14:01:43',4),(709,9457,'Não iniciado','Em andamento','2024-10-30 14:01:43',5),(710,9458,'Não iniciado','Em andamento','2024-10-30 14:01:43',6),(711,9459,'Não iniciado','Em andamento','2024-10-30 14:01:43',14),(712,9471,'Não iniciado','Em andamento','2024-10-30 14:01:43',1),(713,9472,'Não iniciado','Em andamento','2024-10-30 14:01:43',4),(714,9473,'Não iniciado','Em andamento','2024-10-30 14:01:43',5),(715,9474,'Não iniciado','Em andamento','2024-10-30 14:01:43',6),(716,9475,'Não iniciado','Em andamento','2024-10-30 14:01:43',14),(717,9479,'Não iniciado','Em andamento','2024-10-30 14:01:43',1),(718,9480,'Não iniciado','Em andamento','2024-10-30 14:01:43',4),(719,9481,'Não iniciado','Em andamento','2024-10-30 14:01:43',5),(720,9482,'Não iniciado','Em andamento','2024-10-30 14:01:43',6),(721,9483,'Não iniciado','Em andamento','2024-10-30 14:01:43',14),(722,9487,'Não iniciado','Em andamento','2024-10-30 14:01:43',1),(723,9488,'Não iniciado','Em andamento','2024-10-30 14:01:43',4),(724,9489,'Não iniciado','Em andamento','2024-10-30 14:01:43',5),(725,9490,'Não iniciado','Em andamento','2024-10-30 14:01:43',6),(726,9491,'Não iniciado','Em andamento','2024-10-30 14:01:43',14),(727,9495,'Não iniciado','Em andamento','2024-10-30 14:01:43',1),(728,9496,'Não iniciado','Em andamento','2024-10-30 14:01:43',4),(729,9497,'Não iniciado','Em andamento','2024-10-30 14:01:43',5),(730,9498,'Não iniciado','Em andamento','2024-10-30 14:01:43',6),(731,9499,'Não iniciado','Em andamento','2024-10-30 14:01:43',14),(732,9503,'Não iniciado','Em andamento','2024-10-30 14:01:43',1),(733,9504,'Não iniciado','Em andamento','2024-10-30 14:01:43',4),(734,9505,'Não iniciado','Em andamento','2024-10-30 14:01:43',5),(735,9506,'Não iniciado','Em andamento','2024-10-30 14:01:43',6),(736,9507,'Não iniciado','Em andamento','2024-10-30 14:01:43',14),(737,9511,'Não iniciado','Em andamento','2024-10-30 14:01:43',1),(738,9512,'Não iniciado','Em andamento','2024-10-30 14:01:43',4),(739,9513,'Não iniciado','Em andamento','2024-10-30 14:01:43',5),(740,9514,'Não iniciado','Em andamento','2024-10-30 14:01:43',6),(741,9515,'Não iniciado','Em andamento','2024-10-30 14:01:43',14),(742,9519,'Não iniciado','Em andamento','2024-10-30 14:01:43',1),(743,9520,'Não iniciado','Em andamento','2024-10-30 14:01:43',15),(744,9521,'Não iniciado','Em andamento','2024-10-30 14:01:43',15),(745,9522,'Não iniciado','Em andamento','2024-10-30 14:01:43',6),(746,9523,'Não iniciado','Em andamento','2024-10-30 14:01:43',14),(747,9527,'Não iniciado','Em andamento','2024-10-30 14:01:43',1),(748,9528,'Não iniciado','Em andamento','2024-10-30 14:01:43',4),(749,9529,'Não iniciado','Em andamento','2024-10-30 14:01:43',5),(750,9530,'Não iniciado','Em andamento','2024-10-30 14:01:43',6),(751,9531,'Não iniciado','Em andamento','2024-10-30 14:01:43',14),(752,9535,'Não iniciado','Em andamento','2024-10-30 14:01:43',1),(753,9536,'Não iniciado','Em andamento','2024-10-30 14:01:43',4),(754,9537,'Não iniciado','Em andamento','2024-10-30 14:01:43',5),(755,9538,'Não iniciado','Em andamento','2024-10-30 14:01:43',6),(756,9539,'Não iniciado','Em andamento','2024-10-30 14:01:43',14),(757,9543,'Não iniciado','Em andamento','2024-10-30 14:01:43',1),(758,9544,'Não iniciado','Em andamento','2024-10-30 14:01:43',4),(759,9545,'Não iniciado','Em andamento','2024-10-30 14:01:43',5),(760,9546,'Não iniciado','Em andamento','2024-10-30 14:01:43',6),(761,9547,'Não iniciado','Em andamento','2024-10-30 14:01:43',14),(762,9551,'Não iniciado','Em andamento','2024-10-30 14:01:43',1),(763,9552,'Não iniciado','Em andamento','2024-10-30 14:01:43',4),(764,9553,'Não iniciado','Em andamento','2024-10-30 14:01:43',5),(765,9554,'Não iniciado','Em andamento','2024-10-30 14:01:43',6),(766,9555,'Não iniciado','Em andamento','2024-10-30 14:01:43',14),(767,9559,'Não iniciado','Em andamento','2024-10-30 14:01:43',1),(768,9560,'Não iniciado','Em andamento','2024-10-30 14:01:43',4),(769,9561,'Não iniciado','Em andamento','2024-10-30 14:01:43',3),(770,9562,'Não iniciado','Em andamento','2024-10-30 14:01:43',8),(771,9563,'Não iniciado','Em andamento','2024-10-30 14:01:43',7),(772,9567,'Não iniciado','Em andamento','2024-10-30 14:01:43',1),(773,9568,'Não iniciado','Em andamento','2024-10-30 14:01:43',4),(774,9569,'Não iniciado','Em andamento','2024-10-30 14:01:43',3),(775,9570,'Não iniciado','Em andamento','2024-10-30 14:01:43',8),(776,9571,'Não iniciado','Em andamento','2024-10-30 14:01:43',14),(777,9575,'Não iniciado','Em andamento','2024-10-30 14:01:43',1),(778,9576,'Não iniciado','Em andamento','2024-10-30 14:01:43',4),(779,9577,'Não iniciado','Em andamento','2024-10-30 14:01:43',3),(780,9578,'Não iniciado','Em andamento','2024-10-30 14:01:43',8),(781,9579,'Não iniciado','Em andamento','2024-10-30 14:01:43',14),(782,9583,'Não iniciado','Em andamento','2024-10-30 14:01:43',1),(783,9584,'Não iniciado','Em andamento','2024-10-30 14:01:43',4),(784,9585,'Não iniciado','Em andamento','2024-10-30 14:01:43',3),(785,9586,'Não iniciado','Em andamento','2024-10-30 14:01:43',8),(786,9587,'Não iniciado','Em andamento','2024-10-30 14:01:43',14),(787,9591,'Não iniciado','Em andamento','2024-10-30 14:01:43',1),(788,9592,'Não iniciado','Em andamento','2024-10-30 14:01:43',4),(789,9593,'Não iniciado','Em andamento','2024-10-30 14:01:43',3),(790,9594,'Não iniciado','Em andamento','2024-10-30 14:01:43',8),(791,9595,'Não iniciado','Em andamento','2024-10-30 14:01:43',14),(792,9599,'Não iniciado','Em andamento','2024-10-30 14:01:43',1),(793,9600,'Não iniciado','Em andamento','2024-10-30 14:01:43',4),(794,9601,'Não iniciado','Em andamento','2024-10-30 14:01:43',3),(795,9602,'Não iniciado','Em andamento','2024-10-30 14:01:43',8),(796,9603,'Não iniciado','Em andamento','2024-10-30 14:01:43',14),(797,9607,'Não iniciado','Em andamento','2024-10-30 14:01:43',1),(798,9608,'Não iniciado','Em andamento','2024-10-30 14:01:43',4),(799,9609,'Não iniciado','Em andamento','2024-10-30 14:01:43',3),(800,9610,'Não iniciado','Em andamento','2024-10-30 14:01:43',8),(801,9611,'Não iniciado','Em andamento','2024-10-30 14:01:43',14),(802,9615,'Não iniciado','Em andamento','2024-10-30 14:01:43',1),(803,9616,'Não iniciado','Em andamento','2024-10-30 14:01:43',4),(804,9617,'Não iniciado','Em andamento','2024-10-30 14:01:43',3),(805,9618,'Não iniciado','Em andamento','2024-10-30 14:01:43',8),(806,9619,'Não iniciado','Em andamento','2024-10-30 14:01:43',14),(807,9629,'Não iniciado','Em andamento','2024-10-30 14:01:43',12),(808,9637,'Não iniciado','Em andamento','2024-10-30 14:01:43',12),(809,9645,'Não iniciado','Em andamento','2024-10-30 14:01:43',12),(810,9661,'Não iniciado','Em andamento','2024-10-30 14:01:43',12),(811,9669,'Não iniciado','Em andamento','2024-10-30 14:01:43',12),(812,9677,'Não iniciado','Em andamento','2024-10-30 14:01:43',12),(813,9712,'Não iniciado','Em andamento','2024-10-30 14:01:43',8),(814,9713,'Não iniciado','Em andamento','2024-10-30 14:01:43',3),(815,9714,'Não iniciado','Em andamento','2024-10-30 14:01:43',8),(816,9715,'Não iniciado','Em andamento','2024-10-30 14:01:43',14),(817,9720,'Não iniciado','Em andamento','2024-10-30 14:01:43',8),(818,9721,'Não iniciado','Em andamento','2024-10-30 14:01:43',3),(819,9722,'Não iniciado','Em andamento','2024-10-30 14:01:43',8),(820,9723,'Não iniciado','Em andamento','2024-10-30 14:01:43',14),(821,9728,'Não iniciado','Em andamento','2024-10-30 14:01:43',8),(822,9729,'Não iniciado','Em andamento','2024-10-30 14:01:43',3),(823,9730,'Não iniciado','Em andamento','2024-10-30 14:01:43',8),(824,9731,'Não iniciado','Em andamento','2024-10-30 14:01:43',14),(825,9735,'Não iniciado','Em andamento','2024-10-30 14:01:43',1),(826,9736,'Não iniciado','Em andamento','2024-10-30 14:01:43',4),(827,9737,'Não iniciado','Em andamento','2024-10-30 14:01:43',5),(828,9738,'Não iniciado','Em andamento','2024-10-30 14:01:43',6),(829,9739,'Não iniciado','Em andamento','2024-10-30 14:01:43',14),(830,9743,'Não iniciado','Em andamento','2024-10-30 14:01:43',1),(831,9744,'Não iniciado','Em andamento','2024-10-30 14:01:43',4),(832,9745,'Não iniciado','Em andamento','2024-10-30 14:01:43',5),(833,9746,'Não iniciado','Em andamento','2024-10-30 14:01:43',6),(834,9747,'Não iniciado','Em andamento','2024-10-30 14:01:43',14),(835,9751,'Não iniciado','Em andamento','2024-10-30 14:01:43',1),(836,9752,'Não iniciado','Em andamento','2024-10-30 14:01:43',4),(837,9753,'Não iniciado','Em andamento','2024-10-30 14:01:43',5),(838,9754,'Não iniciado','Em andamento','2024-10-30 14:01:43',6),(839,9755,'Não iniciado','Em andamento','2024-10-30 14:01:43',14),(840,9759,'Não iniciado','Em andamento','2024-10-30 14:01:43',1),(841,9760,'Não iniciado','Em andamento','2024-10-30 14:01:43',4),(842,9761,'Não iniciado','Em andamento','2024-10-30 14:01:43',5),(843,9762,'Não iniciado','Em andamento','2024-10-30 14:01:43',6),(844,9763,'Não iniciado','Em andamento','2024-10-30 14:01:43',14),(845,9767,'Não iniciado','Em andamento','2024-10-30 14:01:43',1),(846,9768,'Não iniciado','Em andamento','2024-10-30 14:01:43',4),(847,9769,'Não iniciado','Em andamento','2024-10-30 14:01:43',5),(848,9770,'Não iniciado','Em andamento','2024-10-30 14:01:43',6),(849,9771,'Não iniciado','Em andamento','2024-10-30 14:01:43',14),(850,9775,'Não iniciado','Em andamento','2024-10-30 14:01:43',1),(851,9776,'Não iniciado','Em andamento','2024-10-30 14:01:43',4),(852,9777,'Não iniciado','Em andamento','2024-10-30 14:01:43',5),(853,9778,'Não iniciado','Em andamento','2024-10-30 14:01:43',6),(854,9779,'Não iniciado','Em andamento','2024-10-30 14:01:43',14),(855,9783,'Não iniciado','Em andamento','2024-10-30 14:01:43',1),(856,9784,'Não iniciado','Em andamento','2024-10-30 14:01:43',4),(857,9785,'Não iniciado','Em andamento','2024-10-30 14:01:43',5),(858,9786,'Não iniciado','Em andamento','2024-10-30 14:01:43',6),(859,9787,'Não iniciado','Em andamento','2024-10-30 14:01:43',14),(860,9791,'Não iniciado','Em andamento','2024-10-30 14:01:43',1),(861,9792,'Não iniciado','Em andamento','2024-10-30 14:01:43',4),(862,9793,'Não iniciado','Em andamento','2024-10-30 14:01:43',3),(863,9794,'Não iniciado','Em andamento','2024-10-30 14:01:43',8),(864,9795,'Não iniciado','Em andamento','2024-10-30 14:01:43',14),(865,9799,'Não iniciado','Em andamento','2024-10-30 14:01:43',1),(866,9800,'Não iniciado','Em andamento','2024-10-30 14:01:43',4),(867,9801,'Não iniciado','Em andamento','2024-10-30 14:01:43',3),(868,9802,'Não iniciado','Em andamento','2024-10-30 14:01:43',8),(869,9803,'Não iniciado','Em andamento','2024-10-30 14:01:43',14),(870,9807,'Não iniciado','Em andamento','2024-10-30 14:01:43',1),(871,9808,'Não iniciado','Em andamento','2024-10-30 14:01:43',4),(872,9809,'Não iniciado','Em andamento','2024-10-30 14:01:43',3),(873,9810,'Não iniciado','Em andamento','2024-10-30 14:01:43',8),(874,9811,'Não iniciado','Em andamento','2024-10-30 14:01:43',14),(875,9823,'Não iniciado','Em andamento','2024-10-30 14:01:43',1),(876,9824,'Não iniciado','Em andamento','2024-10-30 14:01:43',4),(877,9825,'Não iniciado','Em andamento','2024-10-30 14:01:43',3),(878,9826,'Não iniciado','Em andamento','2024-10-30 14:01:43',8),(879,9827,'Não iniciado','Em andamento','2024-10-30 14:01:43',14),(880,9831,'Não iniciado','Em andamento','2024-10-30 14:01:43',1),(881,9832,'Não iniciado','Em andamento','2024-10-30 14:01:43',4),(882,9833,'Não iniciado','Em andamento','2024-10-30 14:01:43',3),(883,9834,'Não iniciado','Em andamento','2024-10-30 14:01:43',8),(884,9835,'Não iniciado','Em andamento','2024-10-30 14:01:43',14),(885,9845,'Não iniciado','Em andamento','2024-10-30 14:01:43',12),(886,9853,'Não iniciado','Em andamento','2024-10-30 14:01:43',12),(887,9861,'Não iniciado','Em andamento','2024-10-30 14:01:43',12),(888,9869,'Não iniciado','Em andamento','2024-10-30 14:01:43',12),(889,9877,'Não iniciado','Em andamento','2024-10-30 14:01:43',12),(890,9885,'Não iniciado','Em andamento','2024-10-30 14:01:43',12),(891,9893,'Não iniciado','Em andamento','2024-10-30 14:01:43',12),(892,9901,'Não iniciado','Em andamento','2024-10-30 14:01:43',12),(893,9909,'Não iniciado','Em andamento','2024-10-30 14:01:43',12),(894,9912,'Não iniciado','Em andamento','2024-10-30 14:01:43',4),(895,9913,'Não iniciado','Em andamento','2024-10-30 14:01:43',5),(896,9914,'Não iniciado','Em andamento','2024-10-30 14:01:43',6),(897,9915,'Não iniciado','Em andamento','2024-10-30 14:01:43',14),(898,9920,'Não iniciado','Em andamento','2024-10-30 14:01:43',8),(899,9921,'Não iniciado','Em andamento','2024-10-30 14:01:43',3),(900,9922,'Não iniciado','Em andamento','2024-10-30 14:01:43',8),(901,9923,'Não iniciado','Em andamento','2024-10-30 14:01:43',14),(902,9944,'Não iniciado','Em andamento','2024-10-30 14:01:43',8),(903,9945,'Não iniciado','Em andamento','2024-10-30 14:01:43',3),(904,9946,'Não iniciado','Em andamento','2024-10-30 14:01:43',8),(905,9947,'Não iniciado','Em andamento','2024-10-30 14:01:43',14),(906,9952,'Não iniciado','Em andamento','2024-10-30 14:01:43',4),(907,9953,'Não iniciado','Em andamento','2024-10-30 14:01:43',3),(908,9954,'Não iniciado','Em andamento','2024-10-30 14:01:43',8),(909,9955,'Não iniciado','Em andamento','2024-10-30 14:01:43',14),(910,9960,'Não iniciado','Em andamento','2024-10-30 14:01:43',4),(911,9961,'Não iniciado','Em andamento','2024-10-30 14:01:43',3),(912,9962,'Não iniciado','Em andamento','2024-10-30 14:01:43',8),(913,9963,'Não iniciado','Em andamento','2024-10-30 14:01:43',14),(914,9968,'Não iniciado','Em andamento','2024-10-30 14:01:43',4),(915,9969,'Não iniciado','Em andamento','2024-10-30 14:01:43',3),(916,9970,'Não iniciado','Em andamento','2024-10-30 14:01:43',8),(917,9971,'Não iniciado','Em andamento','2024-10-30 14:01:43',14),(918,9976,'Não iniciado','Em andamento','2024-10-30 14:01:43',4),(919,9977,'Não iniciado','Em andamento','2024-10-30 14:01:43',3),(920,9978,'Não iniciado','Em andamento','2024-10-30 14:01:43',8),(921,9979,'Não iniciado','Em andamento','2024-10-30 14:01:43',14),(922,9984,'Não iniciado','Em andamento','2024-10-30 14:01:43',4),(923,9985,'Não iniciado','Em andamento','2024-10-30 14:01:43',5),(924,9986,'Não iniciado','Em andamento','2024-10-30 14:01:43',6),(925,9987,'Não iniciado','Em andamento','2024-10-30 14:01:43',14),(926,9992,'Não iniciado','Em andamento','2024-10-30 14:01:43',4),(927,9993,'Não iniciado','Em andamento','2024-10-30 14:01:43',5),(928,9994,'Não iniciado','Em andamento','2024-10-30 14:01:43',6),(929,9995,'Não iniciado','Em andamento','2024-10-30 14:01:43',14),(930,10000,'Não iniciado','Em andamento','2024-10-30 14:01:43',4),(931,10001,'Não iniciado','Em andamento','2024-10-30 14:01:43',5),(932,10002,'Não iniciado','Em andamento','2024-10-30 14:01:43',6),(933,10003,'Não iniciado','Em andamento','2024-10-30 14:01:43',14),(934,10008,'Não iniciado','Em andamento','2024-10-30 14:01:43',4),(935,10009,'Não iniciado','Em andamento','2024-10-30 14:01:43',5),(936,10010,'Não iniciado','Em andamento','2024-10-30 14:01:43',6),(937,10011,'Não iniciado','Em andamento','2024-10-30 14:01:43',14),(938,10016,'Não iniciado','Em andamento','2024-10-30 14:01:43',4),(939,10017,'Não iniciado','Em andamento','2024-10-30 14:01:43',5),(940,10018,'Não iniciado','Em andamento','2024-10-30 14:01:43',6),(941,10019,'Não iniciado','Em andamento','2024-10-30 14:01:43',14),(942,10024,'Não iniciado','Em andamento','2024-10-30 14:01:43',4),(943,10025,'Não iniciado','Em andamento','2024-10-30 14:01:43',5),(944,10026,'Não iniciado','Em andamento','2024-10-30 14:01:43',6),(945,10027,'Não iniciado','Em andamento','2024-10-30 14:01:43',14),(946,10034,'Não iniciado','Em andamento','2024-10-30 14:01:43',6),(947,10035,'Não iniciado','Em andamento','2024-10-30 14:01:43',14),(948,10040,'Não iniciado','Em andamento','2024-10-30 14:01:43',15),(949,10041,'Não iniciado','Em andamento','2024-10-30 14:01:43',15),(950,10042,'Não iniciado','Em andamento','2024-10-30 14:01:43',6),(951,10043,'Não iniciado','Em andamento','2024-10-30 14:01:43',14),(952,10050,'Não iniciado','Em andamento','2024-10-30 14:01:43',6),(953,10051,'Não iniciado','Em andamento','2024-10-30 14:01:43',14),(954,10058,'Não iniciado','Em andamento','2024-10-30 14:01:43',6),(955,10059,'Não iniciado','Em andamento','2024-10-30 14:01:43',14),(956,10064,'Não iniciado','Em andamento','2024-10-30 14:01:43',15),(957,10065,'Não iniciado','Em andamento','2024-10-30 14:01:43',15),(958,10066,'Não iniciado','Em andamento','2024-10-30 14:01:43',6),(959,10067,'Não iniciado','Em andamento','2024-10-30 14:01:43',14),(960,10074,'Não iniciado','Em andamento','2024-10-30 14:01:43',6),(961,10075,'Não iniciado','Em andamento','2024-10-30 14:01:43',14),(962,10080,'Não iniciado','Em andamento','2024-10-30 14:01:43',4),(963,10081,'Não iniciado','Em andamento','2024-10-30 14:01:43',4),(964,10082,'Não iniciado','Em andamento','2024-10-30 14:01:43',6),(965,10083,'Não iniciado','Em andamento','2024-10-30 14:01:43',14),(966,10088,'Não iniciado','Em andamento','2024-10-30 14:01:43',15),(967,10089,'Não iniciado','Em andamento','2024-10-30 14:01:43',15),(968,10090,'Não iniciado','Em andamento','2024-10-30 14:01:43',6),(969,10091,'Não iniciado','Em andamento','2024-10-30 14:01:43',14),(970,10096,'Não iniciado','Em andamento','2024-10-30 14:01:43',4),(971,10097,'Não iniciado','Em andamento','2024-10-30 14:01:43',4),(972,10098,'Não iniciado','Em andamento','2024-10-30 14:01:43',6),(973,10099,'Não iniciado','Em andamento','2024-10-30 14:01:43',14),(974,10104,'Não iniciado','Em andamento','2024-10-30 14:01:43',8),(975,10106,'Não iniciado','Em andamento','2024-10-30 14:01:43',8),(976,10107,'Não iniciado','Em andamento','2024-10-30 14:01:43',14),(977,10112,'Não iniciado','Em andamento','2024-10-30 14:01:43',8),(978,10114,'Não iniciado','Em andamento','2024-10-30 14:01:43',8),(979,10115,'Não iniciado','Em andamento','2024-10-30 14:01:43',14),(980,10120,'Não iniciado','Em andamento','2024-10-30 14:01:43',8),(981,10122,'Não iniciado','Em andamento','2024-10-30 14:01:43',8),(982,10123,'Não iniciado','Em andamento','2024-10-30 14:01:43',14),(983,10128,'Não iniciado','Em andamento','2024-10-30 14:01:43',8),(984,10130,'Não iniciado','Em andamento','2024-10-30 14:01:43',8),(985,10131,'Não iniciado','Em andamento','2024-10-30 14:01:43',14),(986,10136,'Não iniciado','Em andamento','2024-10-30 14:01:43',8),(987,10138,'Não iniciado','Em andamento','2024-10-30 14:01:43',8),(988,10139,'Não iniciado','Em andamento','2024-10-30 14:01:43',14),(989,10144,'Não iniciado','Em andamento','2024-10-30 14:01:43',8),(990,10146,'Não iniciado','Em andamento','2024-10-30 14:01:43',8),(991,10147,'Não iniciado','Em andamento','2024-10-30 14:01:43',14),(992,10163,'Não iniciado','Em andamento','2024-10-30 14:01:43',14),(993,10322,'Não iniciado','Em andamento','2024-10-30 14:01:43',6),(994,10328,'Não iniciado','Em andamento','2024-10-30 14:01:43',13),(995,10329,'Não iniciado','Em andamento','2024-10-30 14:01:43',13),(996,10330,'Não iniciado','Em andamento','2024-10-30 14:01:43',13),(997,10336,'Não iniciado','Em andamento','2024-10-30 14:01:43',13),(998,10337,'Não iniciado','Em andamento','2024-10-30 14:01:43',13),(999,10338,'Não iniciado','Em andamento','2024-10-30 14:01:43',13),(1000,10456,'Não iniciado','Em andamento','2024-10-30 14:01:43',8),(1001,10457,'Não iniciado','Em andamento','2024-10-30 14:01:43',3),(1002,10458,'Não iniciado','Em andamento','2024-10-30 14:01:43',8),(1003,10459,'Não iniciado','Em andamento','2024-10-30 14:01:43',14),(1004,10915,'Não iniciado','Em andamento','2024-10-30 14:01:43',14),(1005,11235,'Não iniciado','Em andamento','2024-10-30 14:01:43',14),(1006,12185,'Não iniciado','Em andamento','2024-10-30 14:01:43',1),(1007,12193,'Não iniciado','Em andamento','2024-10-30 14:01:43',1),(1008,12201,'Não iniciado','Em andamento','2024-10-30 14:01:43',1),(1009,12209,'Não iniciado','Em andamento','2024-10-30 14:01:43',1),(1010,12217,'Não iniciado','Em andamento','2024-10-30 14:01:43',1),(1011,12225,'Não iniciado','Em andamento','2024-10-30 14:01:43',1),(1012,12233,'Não iniciado','Em andamento','2024-10-30 14:01:43',1),(1013,12241,'Não iniciado','Em andamento','2024-10-30 14:01:43',1),(1014,12249,'Não iniciado','Em andamento','2024-10-30 14:01:43',1),(1015,12257,'Não iniciado','Em andamento','2024-10-30 14:01:43',1),(1016,12265,'Não iniciado','Em andamento','2024-10-30 14:01:43',1),(1017,12273,'Não iniciado','Em andamento','2024-10-30 14:01:43',1),(1018,12281,'Não iniciado','Em andamento','2024-10-30 14:01:43',1),(1019,12289,'Não iniciado','Em andamento','2024-10-30 14:01:43',1),(1020,12297,'Não iniciado','Em andamento','2024-10-30 14:01:43',1),(1021,12305,'Não iniciado','Em andamento','2024-10-30 14:01:43',1),(1022,12313,'Não iniciado','Em andamento','2024-10-30 14:01:43',1),(1023,12321,'Não iniciado','Em andamento','2024-10-30 14:01:43',1),(1024,12329,'Não iniciado','Em andamento','2024-10-30 14:01:43',1),(1025,12337,'Não iniciado','Em andamento','2024-10-30 14:01:43',1),(1026,12345,'Não iniciado','Em andamento','2024-10-30 14:01:43',1),(1027,12353,'Não iniciado','Em andamento','2024-10-30 14:01:43',1),(1028,12361,'Não iniciado','Em andamento','2024-10-30 14:01:43',1),(1029,12369,'Não iniciado','Em andamento','2024-10-30 14:01:43',1),(1030,9230,'Em andamento','Não iniciado','2024-10-30 14:02:16',1),(1031,9222,'Em andamento','Não iniciado','2024-10-30 14:02:26',1),(1032,221,'Em andamento','Não iniciado','2024-10-30 14:06:43',3),(1033,223,'Em andamento','Não iniciado','2024-10-30 14:06:43',8),(1034,224,'Em andamento','Não iniciado','2024-10-30 14:06:43',14),(1035,225,'Em andamento','Não iniciado','2024-10-30 14:06:43',3),(1036,228,'Em andamento','Não iniciado','2024-10-30 14:06:43',14),(1037,229,'Em andamento','Não iniciado','2024-10-30 14:06:43',3),(1038,232,'Em andamento','Não iniciado','2024-10-30 14:06:43',14),(1039,234,'Em andamento','Não iniciado','2024-10-30 14:06:43',3),(1040,236,'Em andamento','Não iniciado','2024-10-30 14:06:43',8),(1041,237,'Em andamento','Não iniciado','2024-10-30 14:06:43',14),(1042,239,'Em andamento','Não iniciado','2024-10-30 14:06:43',3),(1043,241,'Em andamento','Não iniciado','2024-10-30 14:06:43',8),(1044,242,'Em andamento','Não iniciado','2024-10-30 14:06:43',14),(1045,246,'Em andamento','Não iniciado','2024-10-30 14:06:43',10),(1046,247,'Em andamento','Não iniciado','2024-10-30 14:06:43',14),(1047,252,'Em andamento','Não iniciado','2024-10-30 14:06:43',14),(1048,257,'Em andamento','Não iniciado','2024-10-30 14:06:43',14),(1049,262,'Em andamento','Não iniciado','2024-10-30 14:06:43',14),(1050,267,'Em andamento','Não iniciado','2024-10-30 14:06:43',14),(1051,272,'Em andamento','Não iniciado','2024-10-30 14:06:43',14),(1052,277,'Em andamento','Não iniciado','2024-10-30 14:06:43',14),(1053,282,'Em andamento','Não iniciado','2024-10-30 14:06:43',14),(1054,284,'Em andamento','Não iniciado','2024-10-30 14:06:43',3),(1055,286,'Em andamento','Não iniciado','2024-10-30 14:06:43',8),(1056,287,'Em andamento','Não iniciado','2024-10-30 14:06:43',14),(1057,289,'Em andamento','Não iniciado','2024-10-30 14:06:43',3),(1058,290,'Em andamento','Não iniciado','2024-10-30 14:06:43',8),(1059,291,'Em andamento','Não iniciado','2024-10-30 14:06:43',14),(1060,293,'Em andamento','Não iniciado','2024-10-30 14:06:43',3),(1061,294,'Em andamento','Não iniciado','2024-10-30 14:06:43',8),(1062,295,'Em andamento','Não iniciado','2024-10-30 14:06:43',14),(1063,297,'Em andamento','Não iniciado','2024-10-30 14:06:43',5),(1064,300,'Em andamento','Não iniciado','2024-10-30 14:06:43',14),(1065,302,'Em andamento','Não iniciado','2024-10-30 14:06:43',5),(1066,304,'Em andamento','Não iniciado','2024-10-30 14:06:43',14),(1067,306,'Em andamento','Não iniciado','2024-10-30 14:06:43',5),(1068,308,'Em andamento','Não iniciado','2024-10-30 14:06:43',6),(1069,309,'Em andamento','Não iniciado','2024-10-30 14:06:43',14),(1070,319,'Em andamento','Não iniciado','2024-10-30 14:06:43',3),(1071,320,'Em andamento','Não iniciado','2024-10-30 14:06:43',8),(1072,321,'Em andamento','Não iniciado','2024-10-30 14:06:43',8),(1073,322,'Em andamento','Não iniciado','2024-10-30 14:06:43',14),(1074,323,'Em andamento','Não iniciado','2024-10-30 14:06:43',3),(1075,324,'Em andamento','Não iniciado','2024-10-30 14:06:43',8),(1076,325,'Em andamento','Não iniciado','2024-10-30 14:06:43',8),(1077,326,'Em andamento','Não iniciado','2024-10-30 14:06:43',14),(1078,327,'Em andamento','Não iniciado','2024-10-30 14:06:43',3),(1079,328,'Em andamento','Não iniciado','2024-10-30 14:06:43',8),(1080,329,'Em andamento','Não iniciado','2024-10-30 14:06:43',8),(1081,330,'Em andamento','Não iniciado','2024-10-30 14:06:43',14),(1082,331,'Em andamento','Não iniciado','2024-10-30 14:06:43',3),(1083,332,'Em andamento','Não iniciado','2024-10-30 14:06:43',8),(1084,333,'Em andamento','Não iniciado','2024-10-30 14:06:43',8),(1085,334,'Em andamento','Não iniciado','2024-10-30 14:06:43',14),(1086,335,'Em andamento','Não iniciado','2024-10-30 14:06:43',3),(1087,336,'Em andamento','Não iniciado','2024-10-30 14:06:43',8),(1088,337,'Em andamento','Não iniciado','2024-10-30 14:06:43',8),(1089,338,'Em andamento','Não iniciado','2024-10-30 14:06:43',14),(1090,339,'Em andamento','Não iniciado','2024-10-30 14:06:43',3),(1091,340,'Em andamento','Não iniciado','2024-10-30 14:06:43',8),(1092,341,'Em andamento','Não iniciado','2024-10-30 14:06:43',8),(1093,342,'Em andamento','Não iniciado','2024-10-30 14:06:43',14),(1094,344,'Em andamento','Não iniciado','2024-10-30 14:06:43',5),(1095,345,'Em andamento','Não iniciado','2024-10-30 14:06:43',4),(1096,346,'Em andamento','Não iniciado','2024-10-30 14:06:43',6),(1097,347,'Em andamento','Não iniciado','2024-10-30 14:06:43',14),(1098,349,'Em andamento','Não iniciado','2024-10-30 14:06:43',3),(1099,350,'Em andamento','Não iniciado','2024-10-30 14:06:43',4),(1100,351,'Em andamento','Não iniciado','2024-10-30 14:06:43',6),(1101,352,'Em andamento','Não iniciado','2024-10-30 14:06:43',14),(1102,354,'Em andamento','Não iniciado','2024-10-30 14:06:43',3),(1103,355,'Em andamento','Não iniciado','2024-10-30 14:06:43',4),(1104,356,'Em andamento','Não iniciado','2024-10-30 14:06:43',6),(1105,357,'Em andamento','Não iniciado','2024-10-30 14:06:43',14),(1106,359,'Em andamento','Não iniciado','2024-10-30 14:06:43',3),(1107,360,'Em andamento','Não iniciado','2024-10-30 14:06:43',4),(1108,361,'Em andamento','Não iniciado','2024-10-30 14:06:43',6),(1109,362,'Em andamento','Não iniciado','2024-10-30 14:06:43',14),(1110,364,'Em andamento','Não iniciado','2024-10-30 14:06:43',5),(1111,365,'Em andamento','Não iniciado','2024-10-30 14:06:43',4),(1112,366,'Em andamento','Não iniciado','2024-10-30 14:06:43',6),(1113,367,'Em andamento','Não iniciado','2024-10-30 14:06:43',14),(1114,369,'Em andamento','Não iniciado','2024-10-30 14:06:43',3),(1115,370,'Em andamento','Não iniciado','2024-10-30 14:06:43',4),(1116,371,'Em andamento','Não iniciado','2024-10-30 14:06:43',8),(1117,372,'Em andamento','Não iniciado','2024-10-30 14:06:43',14),(1118,374,'Em andamento','Não iniciado','2024-10-30 14:06:43',3),(1119,375,'Em andamento','Não iniciado','2024-10-30 14:06:43',4),(1120,376,'Em andamento','Não iniciado','2024-10-30 14:06:43',8),(1121,377,'Em andamento','Não iniciado','2024-10-30 14:06:43',14),(1122,379,'Em andamento','Não iniciado','2024-10-30 14:06:43',5),(1123,380,'Em andamento','Não iniciado','2024-10-30 14:06:43',4),(1124,381,'Em andamento','Não iniciado','2024-10-30 14:06:43',6),(1125,382,'Em andamento','Não iniciado','2024-10-30 14:06:43',14),(1126,384,'Em andamento','Não iniciado','2024-10-30 14:06:43',3),(1127,385,'Em andamento','Não iniciado','2024-10-30 14:06:43',4),(1128,386,'Em andamento','Não iniciado','2024-10-30 14:06:43',8),(1129,387,'Em andamento','Não iniciado','2024-10-30 14:06:43',14),(1130,389,'Em andamento','Não iniciado','2024-10-30 14:06:43',3),(1131,390,'Em andamento','Não iniciado','2024-10-30 14:06:43',4),(1132,391,'Em andamento','Não iniciado','2024-10-30 14:06:43',8),(1133,392,'Em andamento','Não iniciado','2024-10-30 14:06:43',14),(1134,394,'Em andamento','Não iniciado','2024-10-30 14:06:43',3),(1135,395,'Em andamento','Não iniciado','2024-10-30 14:06:43',4),(1136,396,'Em andamento','Não iniciado','2024-10-30 14:06:43',8),(1137,397,'Em andamento','Não iniciado','2024-10-30 14:06:43',14),(1138,399,'Em andamento','Não iniciado','2024-10-30 14:06:43',5),(1139,400,'Em andamento','Não iniciado','2024-10-30 14:06:43',4),(1140,401,'Em andamento','Não iniciado','2024-10-30 14:06:43',6),(1141,402,'Em andamento','Não iniciado','2024-10-30 14:06:43',14),(1142,404,'Em andamento','Não iniciado','2024-10-30 14:06:43',5),(1143,405,'Em andamento','Não iniciado','2024-10-30 14:06:43',4),(1144,406,'Em andamento','Não iniciado','2024-10-30 14:06:43',6),(1145,407,'Em andamento','Não iniciado','2024-10-30 14:06:43',14),(1146,409,'Em andamento','Não iniciado','2024-10-30 14:06:43',5),(1147,410,'Em andamento','Não iniciado','2024-10-30 14:06:43',4),(1148,411,'Em andamento','Não iniciado','2024-10-30 14:06:43',6),(1149,412,'Em andamento','Não iniciado','2024-10-30 14:06:43',14),(1150,414,'Em andamento','Não iniciado','2024-10-30 14:06:43',5),(1151,415,'Em andamento','Não iniciado','2024-10-30 14:06:43',4),(1152,416,'Em andamento','Não iniciado','2024-10-30 14:06:43',6),(1153,417,'Em andamento','Não iniciado','2024-10-30 14:06:43',14),(1154,419,'Em andamento','Não iniciado','2024-10-30 14:06:43',5),(1155,420,'Em andamento','Não iniciado','2024-10-30 14:06:43',4),(1156,421,'Em andamento','Não iniciado','2024-10-30 14:06:43',6),(1157,422,'Em andamento','Não iniciado','2024-10-30 14:06:43',14),(1158,424,'Em andamento','Não iniciado','2024-10-30 14:06:43',5),(1159,425,'Em andamento','Não iniciado','2024-10-30 14:06:43',4),(1160,426,'Em andamento','Não iniciado','2024-10-30 14:06:43',6),(1161,427,'Em andamento','Não iniciado','2024-10-30 14:06:43',14),(1162,429,'Em andamento','Não iniciado','2024-10-30 14:06:43',3),(1163,430,'Em andamento','Não iniciado','2024-10-30 14:06:43',4),(1164,431,'Em andamento','Não iniciado','2024-10-30 14:06:43',6),(1165,432,'Em andamento','Não iniciado','2024-10-30 14:06:43',14),(1166,434,'Em andamento','Não iniciado','2024-10-30 14:06:43',5),(1167,435,'Em andamento','Não iniciado','2024-10-30 14:06:43',4),(1168,436,'Em andamento','Não iniciado','2024-10-30 14:06:43',6),(1169,437,'Em andamento','Não iniciado','2024-10-30 14:06:43',14),(1170,439,'Em andamento','Não iniciado','2024-10-30 14:06:43',5),(1171,440,'Em andamento','Não iniciado','2024-10-30 14:06:43',4),(1172,441,'Em andamento','Não iniciado','2024-10-30 14:06:43',10),(1173,442,'Em andamento','Não iniciado','2024-10-30 14:06:43',14),(1174,463,'Em andamento','Não iniciado','2024-10-30 14:06:43',11),(1175,464,'Em andamento','Não iniciado','2024-10-30 14:06:43',11),(1176,465,'Em andamento','Não iniciado','2024-10-30 14:06:43',14),(1177,467,'Em andamento','Não iniciado','2024-10-30 14:06:43',11),(1178,468,'Em andamento','Não iniciado','2024-10-30 14:06:43',11),(1179,469,'Em andamento','Não iniciado','2024-10-30 14:06:43',14),(1180,471,'Em andamento','Não iniciado','2024-10-30 14:06:43',11),(1181,472,'Em andamento','Não iniciado','2024-10-30 14:06:43',11),(1182,473,'Em andamento','Não iniciado','2024-10-30 14:06:43',14),(1183,475,'Em andamento','Não iniciado','2024-10-30 14:06:43',11),(1184,476,'Em andamento','Não iniciado','2024-10-30 14:06:43',11),(1185,477,'Em andamento','Não iniciado','2024-10-30 14:06:43',14),(1186,482,'Em andamento','Não iniciado','2024-10-30 14:06:43',14),(1187,484,'Em andamento','Não iniciado','2024-10-30 14:06:43',3),(1188,485,'Em andamento','Não iniciado','2024-10-30 14:06:43',4),(1189,486,'Em andamento','Não iniciado','2024-10-30 14:06:43',11),(1190,487,'Em andamento','Não iniciado','2024-10-30 14:06:43',14),(1191,488,'Em andamento','Não iniciado','2024-10-30 14:06:43',3),(1192,489,'Em andamento','Não iniciado','2024-10-30 14:06:43',11),(1193,490,'Em andamento','Não iniciado','2024-10-30 14:06:43',14),(1194,491,'Em andamento','Não iniciado','2024-10-30 14:06:43',3),(1195,492,'Em andamento','Não iniciado','2024-10-30 14:06:43',11),(1196,493,'Em andamento','Não iniciado','2024-10-30 14:06:43',14),(1197,497,'Em andamento','Não iniciado','2024-10-30 14:06:43',6),(1198,498,'Em andamento','Não iniciado','2024-10-30 14:06:43',14),(1199,503,'Em andamento','Não iniciado','2024-10-30 14:06:43',14),(1200,508,'Em andamento','Não iniciado','2024-10-30 14:06:43',14),(1201,509,'Em andamento','Não iniciado','2024-10-30 14:06:43',6),(1202,510,'Em andamento','Não iniciado','2024-10-30 14:06:43',14),(1203,514,'Em andamento','Não iniciado','2024-10-30 14:06:43',10),(1204,515,'Em andamento','Não iniciado','2024-10-30 14:06:43',14),(1205,519,'Em andamento','Não iniciado','2024-10-30 14:06:43',10),(1206,520,'Em andamento','Não iniciado','2024-10-30 14:06:43',14),(1207,524,'Em andamento','Não iniciado','2024-10-30 14:06:43',10),(1208,525,'Em andamento','Não iniciado','2024-10-30 14:06:43',14),(1209,529,'Em andamento','Não iniciado','2024-10-30 14:06:43',10),(1210,530,'Em andamento','Não iniciado','2024-10-30 14:06:43',14),(1211,573,'Em andamento','Não iniciado','2024-10-30 14:06:43',8),(1212,574,'Em andamento','Não iniciado','2024-10-30 14:06:43',14),(1213,585,'Em andamento','Não iniciado','2024-10-30 14:06:43',8),(1214,586,'Em andamento','Não iniciado','2024-10-30 14:06:43',14),(1215,587,'Em andamento','Não iniciado','2024-10-30 14:06:43',3),(1216,589,'Em andamento','Não iniciado','2024-10-30 14:06:43',8),(1217,590,'Em andamento','Não iniciado','2024-10-30 14:06:43',14),(1218,593,'Em andamento','Não iniciado','2024-10-30 14:06:43',8),(1219,594,'Em andamento','Não iniciado','2024-10-30 14:06:43',14),(1220,597,'Em andamento','Não iniciado','2024-10-30 14:06:43',8),(1221,598,'Em andamento','Não iniciado','2024-10-30 14:06:43',14),(1222,601,'Em andamento','Não iniciado','2024-10-30 14:06:43',8),(1223,602,'Em andamento','Não iniciado','2024-10-30 14:06:43',14),(1224,605,'Em andamento','Não iniciado','2024-10-30 14:06:43',8),(1225,606,'Em andamento','Não iniciado','2024-10-30 14:06:43',14),(1226,609,'Em andamento','Não iniciado','2024-10-30 14:06:43',10),(1227,610,'Em andamento','Não iniciado','2024-10-30 14:06:43',14),(1228,613,'Em andamento','Não iniciado','2024-10-30 14:06:43',10),(1229,614,'Em andamento','Não iniciado','2024-10-30 14:06:43',14),(1230,618,'Em andamento','Não iniciado','2024-10-30 14:06:43',14),(1231,621,'Em andamento','Não iniciado','2024-10-30 14:06:43',10),(1232,622,'Em andamento','Não iniciado','2024-10-30 14:06:43',14),(1233,623,'Em andamento','Não iniciado','2024-10-30 14:06:43',10),(1234,624,'Em andamento','Não iniciado','2024-10-30 14:06:43',14),(1235,625,'Em andamento','Não iniciado','2024-10-30 14:06:43',10),(1236,626,'Em andamento','Não iniciado','2024-10-30 14:06:43',14),(1237,629,'Em andamento','Não iniciado','2024-10-30 14:06:43',10),(1238,630,'Em andamento','Não iniciado','2024-10-30 14:06:43',14),(1239,633,'Em andamento','Não iniciado','2024-10-30 14:06:43',10),(1240,634,'Em andamento','Não iniciado','2024-10-30 14:06:43',14),(1241,639,'Em andamento','Não iniciado','2024-10-30 14:06:43',14),(1242,644,'Em andamento','Não iniciado','2024-10-30 14:06:43',14),(1243,649,'Em andamento','Não iniciado','2024-10-30 14:06:43',14),(1244,652,'Em andamento','Não iniciado','2024-10-30 14:06:43',8),(1245,653,'Em andamento','Não iniciado','2024-10-30 14:06:43',14),(1246,656,'Em andamento','Não iniciado','2024-10-30 14:06:43',8),(1247,657,'Em andamento','Não iniciado','2024-10-30 14:06:43',14),(1248,661,'Em andamento','Não iniciado','2024-10-30 14:06:43',14),(1249,664,'Em andamento','Não iniciado','2024-10-30 14:06:43',8),(1250,665,'Em andamento','Não iniciado','2024-10-30 14:06:43',14),(1251,666,'Em andamento','Não iniciado','2024-10-30 14:06:43',9),(1252,667,'Em andamento','Não iniciado','2024-10-30 14:06:43',2),(1253,668,'Em andamento','Não iniciado','2024-10-30 14:06:43',10),(1254,669,'Em andamento','Não iniciado','2024-10-30 14:06:43',2),(1255,708,'Em andamento','Não iniciado','2024-10-30 14:06:43',8),(1256,709,'Em andamento','Não iniciado','2024-10-30 14:06:43',8),(1257,711,'Em andamento','Não iniciado','2024-10-30 14:06:43',8),(1258,712,'Em andamento','Não iniciado','2024-10-30 14:06:43',8),(1259,713,'Em andamento','Não iniciado','2024-10-30 14:06:43',14),(1260,715,'Em andamento','Não iniciado','2024-10-30 14:06:43',8),(1261,716,'Em andamento','Não iniciado','2024-10-30 14:06:43',8),(1262,717,'Em andamento','Não iniciado','2024-10-30 14:06:43',14),(1263,719,'Em andamento','Não iniciado','2024-10-30 14:06:43',8),(1264,720,'Em andamento','Não iniciado','2024-10-30 14:06:43',8),(1265,721,'Em andamento','Não iniciado','2024-10-30 14:06:43',14),(1266,723,'Em andamento','Não iniciado','2024-10-30 14:06:43',8),(1267,724,'Em andamento','Não iniciado','2024-10-30 14:06:43',8),(1268,725,'Em andamento','Não iniciado','2024-10-30 14:06:43',14),(1269,727,'Em andamento','Não iniciado','2024-10-30 14:06:43',5),(1270,728,'Em andamento','Não iniciado','2024-10-30 14:06:43',4),(1271,729,'Em andamento','Não iniciado','2024-10-30 14:06:43',6),(1272,730,'Em andamento','Não iniciado','2024-10-30 14:06:43',14),(1273,732,'Em andamento','Não iniciado','2024-10-30 14:06:43',5),(1274,733,'Em andamento','Não iniciado','2024-10-30 14:06:43',4),(1275,734,'Em andamento','Não iniciado','2024-10-30 14:06:43',6),(1276,735,'Em andamento','Não iniciado','2024-10-30 14:06:43',14),(1277,737,'Em andamento','Não iniciado','2024-10-30 14:06:43',8),(1278,738,'Em andamento','Não iniciado','2024-10-30 14:06:43',8),(1279,739,'Em andamento','Não iniciado','2024-10-30 14:06:43',14),(1280,741,'Em andamento','Não iniciado','2024-10-30 14:06:43',5),(1281,742,'Em andamento','Não iniciado','2024-10-30 14:06:43',4),(1282,743,'Em andamento','Não iniciado','2024-10-30 14:06:43',6),(1283,744,'Em andamento','Não iniciado','2024-10-30 14:06:43',14),(1284,834,'Em andamento','Não iniciado','2024-10-30 14:06:43',6),(1285,841,'Em andamento','Não iniciado','2024-10-30 14:06:43',6),(1286,848,'Em andamento','Não iniciado','2024-10-30 14:06:43',6),(1287,855,'Em andamento','Não iniciado','2024-10-30 14:06:43',6),(1288,862,'Em andamento','Não iniciado','2024-10-30 14:06:43',6),(1289,1040,'Em andamento','Não iniciado','2024-10-30 14:06:43',10),(1290,1113,'Em andamento','Não iniciado','2024-10-30 14:06:43',12),(1291,1119,'Em andamento','Não iniciado','2024-10-30 14:06:43',12),(1292,1127,'Em andamento','Não iniciado','2024-10-30 14:06:43',12),(1293,1134,'Em andamento','Não iniciado','2024-10-30 14:06:43',12),(1294,1141,'Em andamento','Não iniciado','2024-10-30 14:06:43',12),(1295,1148,'Em andamento','Não iniciado','2024-10-30 14:06:43',12),(1296,1155,'Em andamento','Não iniciado','2024-10-30 14:06:43',12),(1297,1162,'Em andamento','Não iniciado','2024-10-30 14:06:43',12),(1298,1169,'Em andamento','Não iniciado','2024-10-30 14:06:43',12),(1299,1176,'Em andamento','Não iniciado','2024-10-30 14:06:43',12),(1300,1190,'Em andamento','Não iniciado','2024-10-30 14:06:43',12),(1301,1204,'Em andamento','Não iniciado','2024-10-30 14:06:43',12),(1302,1211,'Em andamento','Não iniciado','2024-10-30 14:06:43',12),(1303,1218,'Em andamento','Não iniciado','2024-10-30 14:06:43',12),(1304,1225,'Em andamento','Não iniciado','2024-10-30 14:06:43',12),(1305,1232,'Em andamento','Não iniciado','2024-10-30 14:06:43',12),(1306,2461,'Em andamento','Não iniciado','2024-10-30 14:06:43',6),(1307,2462,'Em andamento','Não iniciado','2024-10-30 14:06:43',14),(1308,2912,'Em andamento','Não iniciado','2024-10-30 14:06:43',12),(1309,2919,'Em andamento','Não iniciado','2024-10-30 14:06:43',12),(1310,2926,'Em andamento','Não iniciado','2024-10-30 14:06:43',12),(1311,3158,'Em andamento','Não iniciado','2024-10-30 14:06:43',12),(1312,3159,'Em andamento','Não iniciado','2024-10-30 14:06:43',12),(1313,3160,'Em andamento','Não iniciado','2024-10-30 14:06:43',12),(1314,3161,'Em andamento','Não iniciado','2024-10-30 14:06:43',12),(1315,3162,'Em andamento','Não iniciado','2024-10-30 14:06:43',12),(1316,3839,'Em andamento','Não iniciado','2024-10-30 14:06:43',5),(1317,3846,'Em andamento','Não iniciado','2024-10-30 14:06:43',5),(1318,3853,'Em andamento','Não iniciado','2024-10-30 14:06:43',5),(1319,4171,'Em andamento','Não iniciado','2024-10-30 14:06:43',7),(1320,4178,'Em andamento','Não iniciado','2024-10-30 14:06:43',7),(1321,4185,'Em andamento','Não iniciado','2024-10-30 14:06:43',7),(1322,4234,'Em andamento','Não iniciado','2024-10-30 14:06:43',7),(1323,4258,'Em andamento','Não iniciado','2024-10-30 14:06:43',6),(1324,4265,'Em andamento','Não iniciado','2024-10-30 14:06:43',6),(1325,4272,'Em andamento','Não iniciado','2024-10-30 14:06:43',6),(1326,4279,'Em andamento','Não iniciado','2024-10-30 14:06:43',6),(1327,4280,'Em andamento','Não iniciado','2024-10-30 14:06:43',3),(1328,4286,'Em andamento','Não iniciado','2024-10-30 14:06:43',6),(1329,4293,'Em andamento','Não iniciado','2024-10-30 14:06:43',6),(1330,4295,'Em andamento','Não iniciado','2024-10-30 14:06:43',6),(1331,4300,'Em andamento','Não iniciado','2024-10-30 14:06:43',6),(1332,4302,'Em andamento','Não iniciado','2024-10-30 14:06:43',6),(1333,4307,'Em andamento','Não iniciado','2024-10-30 14:06:43',6),(1334,4309,'Em andamento','Não iniciado','2024-10-30 14:06:43',6),(1335,4339,'Em andamento','Não iniciado','2024-10-30 14:06:43',7),(1336,4367,'Em andamento','Não iniciado','2024-10-30 14:06:43',8),(1337,4373,'Em andamento','Não iniciado','2024-10-30 14:06:43',14),(1338,4381,'Em andamento','Não iniciado','2024-10-30 14:06:43',7),(1339,4387,'Em andamento','Não iniciado','2024-10-30 14:06:43',14),(1340,4394,'Em andamento','Não iniciado','2024-10-30 14:06:43',14),(1341,4408,'Em andamento','Não iniciado','2024-10-30 14:06:43',14),(1342,4415,'Em andamento','Não iniciado','2024-10-30 14:06:43',14),(1343,4422,'Em andamento','Não iniciado','2024-10-30 14:06:43',14),(1344,4429,'Em andamento','Não iniciado','2024-10-30 14:06:43',14),(1345,4436,'Em andamento','Não iniciado','2024-10-30 14:06:43',14),(1346,4443,'Em andamento','Não iniciado','2024-10-30 14:06:43',14),(1347,4450,'Em andamento','Não iniciado','2024-10-30 14:06:43',14),(1348,4457,'Em andamento','Não iniciado','2024-10-30 14:06:43',14),(1349,4464,'Em andamento','Não iniciado','2024-10-30 14:06:43',14),(1350,4599,'Em andamento','Não iniciado','2024-10-30 14:06:43',12),(1351,6845,'Em andamento','Não iniciado','2024-10-30 14:06:43',3),(1352,6853,'Em andamento','Não iniciado','2024-10-30 14:06:43',3),(1353,6861,'Em andamento','Não iniciado','2024-10-30 14:06:43',3),(1354,6868,'Em andamento','Não iniciado','2024-10-30 14:06:43',8),(1355,6885,'Em andamento','Não iniciado','2024-10-30 14:06:43',3),(1356,7188,'Em andamento','Não iniciado','2024-10-30 14:06:43',10),(1357,7190,'Em andamento','Não iniciado','2024-10-30 14:06:43',10),(1358,7191,'Em andamento','Não iniciado','2024-10-30 14:06:43',14),(1359,7204,'Em andamento','Não iniciado','2024-10-30 14:06:43',10),(1360,7206,'Em andamento','Não iniciado','2024-10-30 14:06:43',10),(1361,7212,'Em andamento','Não iniciado','2024-10-30 14:06:43',10),(1362,7214,'Em andamento','Não iniciado','2024-10-30 14:06:43',10),(1363,7215,'Em andamento','Não iniciado','2024-10-30 14:06:43',14),(1364,7223,'Em andamento','Não iniciado','2024-10-30 14:06:43',14),(1365,7334,'Em andamento','Não iniciado','2024-10-30 14:06:43',8),(1366,7342,'Em andamento','Não iniciado','2024-10-30 14:06:43',8),(1367,7456,'Em andamento','Não iniciado','2024-10-30 14:06:43',7),(1368,7465,'Em andamento','Não iniciado','2024-10-30 14:06:43',8),(1369,7488,'Em andamento','Não iniciado','2024-10-30 14:06:43',8),(1370,7496,'Em andamento','Não iniciado','2024-10-30 14:06:43',8),(1371,7629,'Em andamento','Não iniciado','2024-10-30 14:06:43',3),(1372,7637,'Em andamento','Não iniciado','2024-10-30 14:06:43',3),(1373,7645,'Em andamento','Não iniciado','2024-10-30 14:06:43',3),(1374,7653,'Em andamento','Não iniciado','2024-10-30 14:06:43',3),(1375,7661,'Em andamento','Não iniciado','2024-10-30 14:06:43',3),(1376,7669,'Em andamento','Não iniciado','2024-10-30 14:06:43',3),(1377,7823,'Em andamento','Não iniciado','2024-10-30 14:06:43',14),(1378,8108,'Em andamento','Não iniciado','2024-10-30 14:06:43',8),(1379,8116,'Em andamento','Não iniciado','2024-10-30 14:06:43',8),(1380,8118,'Em andamento','Não iniciado','2024-10-30 14:06:43',8),(1381,8119,'Em andamento','Não iniciado','2024-10-30 14:06:43',14),(1382,8126,'Em andamento','Não iniciado','2024-10-30 14:06:43',8),(1383,8127,'Em andamento','Não iniciado','2024-10-30 14:06:43',14),(1384,8132,'Em andamento','Não iniciado','2024-10-30 14:06:43',8),(1385,8134,'Em andamento','Não iniciado','2024-10-30 14:06:43',8),(1386,8135,'Em andamento','Não iniciado','2024-10-30 14:06:43',14),(1387,8148,'Em andamento','Não iniciado','2024-10-30 14:06:43',8),(1388,8150,'Em andamento','Não iniciado','2024-10-30 14:06:43',8),(1389,8151,'Em andamento','Não iniciado','2024-10-30 14:06:43',14),(1390,8156,'Em andamento','Não iniciado','2024-10-30 14:06:43',8),(1391,8158,'Em andamento','Não iniciado','2024-10-30 14:06:43',8),(1392,8159,'Em andamento','Não iniciado','2024-10-30 14:06:43',14),(1393,8164,'Em andamento','Não iniciado','2024-10-30 14:06:43',10),(1394,8166,'Em andamento','Não iniciado','2024-10-30 14:06:43',10),(1395,8167,'Em andamento','Não iniciado','2024-10-30 14:06:43',14),(1396,8172,'Em andamento','Não iniciado','2024-10-30 14:06:43',8),(1397,8174,'Em andamento','Não iniciado','2024-10-30 14:06:43',8),(1398,8175,'Em andamento','Não iniciado','2024-10-30 14:06:43',14),(1399,8180,'Em andamento','Não iniciado','2024-10-30 14:06:43',8),(1400,8182,'Em andamento','Não iniciado','2024-10-30 14:06:43',8),(1401,8183,'Em andamento','Não iniciado','2024-10-30 14:06:43',14),(1402,8236,'Em andamento','Não iniciado','2024-10-30 14:06:43',10),(1403,8238,'Em andamento','Não iniciado','2024-10-30 14:06:43',10),(1404,8239,'Em andamento','Não iniciado','2024-10-30 14:06:43',14),(1405,8244,'Em andamento','Não iniciado','2024-10-30 14:06:43',10),(1406,8246,'Em andamento','Não iniciado','2024-10-30 14:06:43',10),(1407,8247,'Em andamento','Não iniciado','2024-10-30 14:06:43',14),(1408,8252,'Em andamento','Não iniciado','2024-10-30 14:06:43',4),(1409,8253,'Em andamento','Não iniciado','2024-10-30 14:06:43',5),(1410,8254,'Em andamento','Não iniciado','2024-10-30 14:06:43',6),(1411,8255,'Em andamento','Não iniciado','2024-10-30 14:06:43',14),(1412,8260,'Em andamento','Não iniciado','2024-10-30 14:06:43',4),(1413,8261,'Em andamento','Não iniciado','2024-10-30 14:06:43',5),(1414,8262,'Em andamento','Não iniciado','2024-10-30 14:06:43',6),(1415,8263,'Em andamento','Não iniciado','2024-10-30 14:06:43',14),(1416,8276,'Em andamento','Não iniciado','2024-10-30 14:06:43',4),(1417,8277,'Em andamento','Não iniciado','2024-10-30 14:06:43',5),(1418,8278,'Em andamento','Não iniciado','2024-10-30 14:06:43',6),(1419,8279,'Em andamento','Não iniciado','2024-10-30 14:06:43',14),(1420,8284,'Em andamento','Não iniciado','2024-10-30 14:06:43',4),(1421,8285,'Em andamento','Não iniciado','2024-10-30 14:06:43',5),(1422,8286,'Em andamento','Não iniciado','2024-10-30 14:06:43',6),(1423,8287,'Em andamento','Não iniciado','2024-10-30 14:06:43',14),(1424,8292,'Em andamento','Não iniciado','2024-10-30 14:06:43',4),(1425,8293,'Em andamento','Não iniciado','2024-10-30 14:06:43',5),(1426,8294,'Em andamento','Não iniciado','2024-10-30 14:06:43',6),(1427,8295,'Em andamento','Não iniciado','2024-10-30 14:06:43',14),(1428,8300,'Em andamento','Não iniciado','2024-10-30 14:06:43',10),(1429,8302,'Em andamento','Não iniciado','2024-10-30 14:06:43',10),(1430,8303,'Em andamento','Não iniciado','2024-10-30 14:06:43',14),(1431,8308,'Em andamento','Não iniciado','2024-10-30 14:06:43',4),(1432,8309,'Em andamento','Não iniciado','2024-10-30 14:06:43',5),(1433,8310,'Em andamento','Não iniciado','2024-10-30 14:06:43',6),(1434,8311,'Em andamento','Não iniciado','2024-10-30 14:06:43',14),(1435,8315,'Em andamento','Não iniciado','2024-10-30 14:06:43',1),(1436,8316,'Em andamento','Não iniciado','2024-10-30 14:06:43',4),(1437,8317,'Em andamento','Não iniciado','2024-10-30 14:06:43',5),(1438,8318,'Em andamento','Não iniciado','2024-10-30 14:06:43',6),(1439,8319,'Em andamento','Não iniciado','2024-10-30 14:06:43',14),(1440,8323,'Em andamento','Não iniciado','2024-10-30 14:06:43',1),(1441,8324,'Em andamento','Não iniciado','2024-10-30 14:06:43',8),(1442,8326,'Em andamento','Não iniciado','2024-10-30 14:06:43',8),(1443,8327,'Em andamento','Não iniciado','2024-10-30 14:06:43',14),(1444,8332,'Em andamento','Não iniciado','2024-10-30 14:06:43',8),(1445,8334,'Em andamento','Não iniciado','2024-10-30 14:06:43',8),(1446,8335,'Em andamento','Não iniciado','2024-10-30 14:06:43',14),(1447,8340,'Em andamento','Não iniciado','2024-10-30 14:06:43',13),(1448,8342,'Em andamento','Não iniciado','2024-10-30 14:06:43',13),(1449,8343,'Em andamento','Não iniciado','2024-10-30 14:06:43',14),(1450,8347,'Em andamento','Não iniciado','2024-10-30 14:06:43',1),(1451,8348,'Em andamento','Não iniciado','2024-10-30 14:06:43',8),(1452,8350,'Em andamento','Não iniciado','2024-10-30 14:06:43',8),(1453,8351,'Em andamento','Não iniciado','2024-10-30 14:06:43',14),(1454,8355,'Em andamento','Não iniciado','2024-10-30 14:06:43',1),(1455,8356,'Em andamento','Não iniciado','2024-10-30 14:06:43',8),(1456,8358,'Em andamento','Não iniciado','2024-10-30 14:06:43',8),(1457,8359,'Em andamento','Não iniciado','2024-10-30 14:06:43',14),(1458,8364,'Em andamento','Não iniciado','2024-10-30 14:06:43',8),(1459,8366,'Em andamento','Não iniciado','2024-10-30 14:06:43',8),(1460,8367,'Em andamento','Não iniciado','2024-10-30 14:06:43',14),(1461,8377,'Em andamento','Não iniciado','2024-10-30 14:06:43',12),(1462,8385,'Em andamento','Não iniciado','2024-10-30 14:06:43',12),(1463,8393,'Em andamento','Não iniciado','2024-10-30 14:06:43',12),(1464,8401,'Em andamento','Não iniciado','2024-10-30 14:06:43',12),(1465,8784,'Em andamento','Não iniciado','2024-10-30 14:06:43',8),(1466,8786,'Em andamento','Não iniciado','2024-10-30 14:06:43',8),(1467,8792,'Em andamento','Não iniciado','2024-10-30 14:06:43',8),(1468,8794,'Em andamento','Não iniciado','2024-10-30 14:06:43',8),(1469,8800,'Em andamento','Não iniciado','2024-10-30 14:06:43',8),(1470,8802,'Em andamento','Não iniciado','2024-10-30 14:06:43',8),(1471,8808,'Em andamento','Não iniciado','2024-10-30 14:06:43',8),(1472,8810,'Em andamento','Não iniciado','2024-10-30 14:06:43',8),(1473,8816,'Em andamento','Não iniciado','2024-10-30 14:06:43',8),(1474,8818,'Em andamento','Não iniciado','2024-10-30 14:06:43',8),(1475,8824,'Em andamento','Não iniciado','2024-10-30 14:06:43',8),(1476,8826,'Em andamento','Não iniciado','2024-10-30 14:06:43',8),(1477,8868,'Em andamento','Não iniciado','2024-10-30 14:06:43',7),(1478,8876,'Em andamento','Não iniciado','2024-10-30 14:06:43',7),(1479,8884,'Em andamento','Não iniciado','2024-10-30 14:06:43',7),(1480,8892,'Em andamento','Não iniciado','2024-10-30 14:06:43',7),(1481,8900,'Em andamento','Não iniciado','2024-10-30 14:06:43',7),(1482,8936,'Em andamento','Não iniciado','2024-10-30 14:06:43',8),(1483,8937,'Em andamento','Não iniciado','2024-10-30 14:06:43',3),(1484,8938,'Em andamento','Não iniciado','2024-10-30 14:06:43',8),(1485,8944,'Em andamento','Não iniciado','2024-10-30 14:06:43',8),(1486,8945,'Em andamento','Não iniciado','2024-10-30 14:06:43',3),(1487,8946,'Em andamento','Não iniciado','2024-10-30 14:06:43',8),(1488,8947,'Em andamento','Não iniciado','2024-10-30 14:06:43',14),(1489,8952,'Em andamento','Não iniciado','2024-10-30 14:06:43',8),(1490,8953,'Em andamento','Não iniciado','2024-10-30 14:06:43',3),(1491,8954,'Em andamento','Não iniciado','2024-10-30 14:06:43',8),(1492,8955,'Em andamento','Não iniciado','2024-10-30 14:06:43',14),(1493,8960,'Em andamento','Não iniciado','2024-10-30 14:06:43',8),(1494,8961,'Em andamento','Não iniciado','2024-10-30 14:06:43',3),(1495,8962,'Em andamento','Não iniciado','2024-10-30 14:06:43',8),(1496,8963,'Em andamento','Não iniciado','2024-10-30 14:06:43',14),(1497,8968,'Em andamento','Não iniciado','2024-10-30 14:06:43',4),(1498,8969,'Em andamento','Não iniciado','2024-10-30 14:06:43',5),(1499,8970,'Em andamento','Não iniciado','2024-10-30 14:06:43',6),(1500,8971,'Em andamento','Não iniciado','2024-10-30 14:06:43',14),(1501,8976,'Em andamento','Não iniciado','2024-10-30 14:06:43',4),(1502,8977,'Em andamento','Não iniciado','2024-10-30 14:06:43',5),(1503,8978,'Em andamento','Não iniciado','2024-10-30 14:06:43',6),(1504,8979,'Em andamento','Não iniciado','2024-10-30 14:06:43',14),(1505,9086,'Em andamento','Não iniciado','2024-10-30 14:06:43',1),(1506,9110,'Em andamento','Não iniciado','2024-10-30 14:06:43',1),(1507,9118,'Em andamento','Não iniciado','2024-10-30 14:06:43',1),(1508,9134,'Em andamento','Não iniciado','2024-10-30 14:06:43',1),(1509,9142,'Em andamento','Não iniciado','2024-10-30 14:06:43',1),(1510,9228,'Em andamento','Não iniciado','2024-10-30 14:06:43',7),(1511,9236,'Em andamento','Não iniciado','2024-10-30 14:06:43',9),(1512,9248,'Em andamento','Não iniciado','2024-10-30 14:06:43',8),(1513,9250,'Em andamento','Não iniciado','2024-10-30 14:06:43',8),(1514,9256,'Em andamento','Não iniciado','2024-10-30 14:06:43',8),(1515,9258,'Em andamento','Não iniciado','2024-10-30 14:06:43',8),(1516,9259,'Em andamento','Não iniciado','2024-10-30 14:06:43',14),(1517,9264,'Em andamento','Não iniciado','2024-10-30 14:06:43',8),(1518,9266,'Em andamento','Não iniciado','2024-10-30 14:06:43',8),(1519,9267,'Em andamento','Não iniciado','2024-10-30 14:06:43',14),(1520,9275,'Em andamento','Não iniciado','2024-10-30 14:06:43',14),(1521,9282,'Em andamento','Não iniciado','2024-10-30 14:06:43',8),(1522,9283,'Em andamento','Não iniciado','2024-10-30 14:06:43',14),(1523,9291,'Em andamento','Não iniciado','2024-10-30 14:06:43',14),(1524,9299,'Em andamento','Não iniciado','2024-10-30 14:06:43',14),(1525,9307,'Em andamento','Não iniciado','2024-10-30 14:06:43',14),(1526,9315,'Em andamento','Não iniciado','2024-10-30 14:06:43',14),(1527,9323,'Em andamento','Não iniciado','2024-10-30 14:06:43',14),(1528,9377,'Em andamento','Não iniciado','2024-10-30 14:06:43',3),(1529,9385,'Em andamento','Não iniciado','2024-10-30 14:06:43',3),(1530,9393,'Em andamento','Não iniciado','2024-10-30 14:06:43',3),(1531,9401,'Em andamento','Não iniciado','2024-10-30 14:06:43',3),(1532,9409,'Em andamento','Não iniciado','2024-10-30 14:06:43',3),(1533,9415,'Em andamento','Não iniciado','2024-10-30 14:06:43',1),(1534,9416,'Em andamento','Não iniciado','2024-10-30 14:06:43',4),(1535,9417,'Em andamento','Não iniciado','2024-10-30 14:06:43',5),(1536,9418,'Em andamento','Não iniciado','2024-10-30 14:06:43',6),(1537,9419,'Em andamento','Não iniciado','2024-10-30 14:06:43',14),(1538,9423,'Em andamento','Não iniciado','2024-10-30 14:06:43',1),(1539,9424,'Em andamento','Não iniciado','2024-10-30 14:06:43',4),(1540,9425,'Em andamento','Não iniciado','2024-10-30 14:06:43',5),(1541,9426,'Em andamento','Não iniciado','2024-10-30 14:06:43',6),(1542,9427,'Em andamento','Não iniciado','2024-10-30 14:06:43',14),(1543,9431,'Em andamento','Não iniciado','2024-10-30 14:06:43',1),(1544,9432,'Em andamento','Não iniciado','2024-10-30 14:06:43',4),(1545,9433,'Em andamento','Não iniciado','2024-10-30 14:06:43',5),(1546,9434,'Em andamento','Não iniciado','2024-10-30 14:06:43',6),(1547,9435,'Em andamento','Não iniciado','2024-10-30 14:06:43',14),(1548,9439,'Em andamento','Não iniciado','2024-10-30 14:06:43',1),(1549,9440,'Em andamento','Não iniciado','2024-10-30 14:06:43',4),(1550,9441,'Em andamento','Não iniciado','2024-10-30 14:06:43',5),(1551,9442,'Em andamento','Não iniciado','2024-10-30 14:06:43',6),(1552,9443,'Em andamento','Não iniciado','2024-10-30 14:06:43',14),(1553,9447,'Em andamento','Não iniciado','2024-10-30 14:06:43',1),(1554,9448,'Em andamento','Não iniciado','2024-10-30 14:06:43',5),(1555,9449,'Em andamento','Não iniciado','2024-10-30 14:06:43',5),(1556,9450,'Em andamento','Não iniciado','2024-10-30 14:06:43',6),(1557,9451,'Em andamento','Não iniciado','2024-10-30 14:06:43',14),(1558,9455,'Em andamento','Não iniciado','2024-10-30 14:06:43',1),(1559,9456,'Em andamento','Não iniciado','2024-10-30 14:06:43',4),(1560,9457,'Em andamento','Não iniciado','2024-10-30 14:06:43',5),(1561,9458,'Em andamento','Não iniciado','2024-10-30 14:06:43',6),(1562,9459,'Em andamento','Não iniciado','2024-10-30 14:06:43',14),(1563,9471,'Em andamento','Não iniciado','2024-10-30 14:06:43',1),(1564,9472,'Em andamento','Não iniciado','2024-10-30 14:06:43',4),(1565,9473,'Em andamento','Não iniciado','2024-10-30 14:06:43',5),(1566,9474,'Em andamento','Não iniciado','2024-10-30 14:06:43',6),(1567,9475,'Em andamento','Não iniciado','2024-10-30 14:06:43',14),(1568,9479,'Em andamento','Não iniciado','2024-10-30 14:06:43',1),(1569,9480,'Em andamento','Não iniciado','2024-10-30 14:06:43',4),(1570,9481,'Em andamento','Não iniciado','2024-10-30 14:06:43',5),(1571,9482,'Em andamento','Não iniciado','2024-10-30 14:06:43',6),(1572,9483,'Em andamento','Não iniciado','2024-10-30 14:06:43',14),(1573,9487,'Em andamento','Não iniciado','2024-10-30 14:06:43',1),(1574,9488,'Em andamento','Não iniciado','2024-10-30 14:06:43',4),(1575,9489,'Em andamento','Não iniciado','2024-10-30 14:06:43',5),(1576,9490,'Em andamento','Não iniciado','2024-10-30 14:06:43',6),(1577,9491,'Em andamento','Não iniciado','2024-10-30 14:06:43',14),(1578,9495,'Em andamento','Não iniciado','2024-10-30 14:06:43',1),(1579,9496,'Em andamento','Não iniciado','2024-10-30 14:06:43',4),(1580,9497,'Em andamento','Não iniciado','2024-10-30 14:06:43',5),(1581,9498,'Em andamento','Não iniciado','2024-10-30 14:06:43',6),(1582,9499,'Em andamento','Não iniciado','2024-10-30 14:06:43',14),(1583,9503,'Em andamento','Não iniciado','2024-10-30 14:06:43',1),(1584,9504,'Em andamento','Não iniciado','2024-10-30 14:06:43',4),(1585,9505,'Em andamento','Não iniciado','2024-10-30 14:06:43',5),(1586,9506,'Em andamento','Não iniciado','2024-10-30 14:06:43',6),(1587,9507,'Em andamento','Não iniciado','2024-10-30 14:06:43',14),(1588,9511,'Em andamento','Não iniciado','2024-10-30 14:06:43',1),(1589,9512,'Em andamento','Não iniciado','2024-10-30 14:06:43',4),(1590,9513,'Em andamento','Não iniciado','2024-10-30 14:06:43',5),(1591,9514,'Em andamento','Não iniciado','2024-10-30 14:06:43',6),(1592,9515,'Em andamento','Não iniciado','2024-10-30 14:06:43',14),(1593,9519,'Em andamento','Não iniciado','2024-10-30 14:06:43',1),(1594,9520,'Em andamento','Não iniciado','2024-10-30 14:06:43',15),(1595,9521,'Em andamento','Não iniciado','2024-10-30 14:06:43',15),(1596,9522,'Em andamento','Não iniciado','2024-10-30 14:06:43',6),(1597,9523,'Em andamento','Não iniciado','2024-10-30 14:06:43',14),(1598,9527,'Em andamento','Não iniciado','2024-10-30 14:06:43',1),(1599,9528,'Em andamento','Não iniciado','2024-10-30 14:06:43',4),(1600,9529,'Em andamento','Não iniciado','2024-10-30 14:06:43',5),(1601,9530,'Em andamento','Não iniciado','2024-10-30 14:06:43',6),(1602,9531,'Em andamento','Não iniciado','2024-10-30 14:06:43',14),(1603,9535,'Em andamento','Não iniciado','2024-10-30 14:06:43',1),(1604,9536,'Em andamento','Não iniciado','2024-10-30 14:06:43',4),(1605,9537,'Em andamento','Não iniciado','2024-10-30 14:06:43',5),(1606,9538,'Em andamento','Não iniciado','2024-10-30 14:06:43',6),(1607,9539,'Em andamento','Não iniciado','2024-10-30 14:06:43',14),(1608,9543,'Em andamento','Não iniciado','2024-10-30 14:06:43',1),(1609,9544,'Em andamento','Não iniciado','2024-10-30 14:06:43',4),(1610,9545,'Em andamento','Não iniciado','2024-10-30 14:06:43',5),(1611,9546,'Em andamento','Não iniciado','2024-10-30 14:06:43',6),(1612,9547,'Em andamento','Não iniciado','2024-10-30 14:06:43',14),(1613,9551,'Em andamento','Não iniciado','2024-10-30 14:06:43',1),(1614,9552,'Em andamento','Não iniciado','2024-10-30 14:06:43',4),(1615,9553,'Em andamento','Não iniciado','2024-10-30 14:06:43',5),(1616,9554,'Em andamento','Não iniciado','2024-10-30 14:06:43',6),(1617,9555,'Em andamento','Não iniciado','2024-10-30 14:06:43',14),(1618,9559,'Em andamento','Não iniciado','2024-10-30 14:06:43',1),(1619,9560,'Em andamento','Não iniciado','2024-10-30 14:06:43',4),(1620,9561,'Em andamento','Não iniciado','2024-10-30 14:06:43',3),(1621,9562,'Em andamento','Não iniciado','2024-10-30 14:06:43',8),(1622,9563,'Em andamento','Não iniciado','2024-10-30 14:06:43',7),(1623,9567,'Em andamento','Não iniciado','2024-10-30 14:06:43',1),(1624,9568,'Em andamento','Não iniciado','2024-10-30 14:06:43',4),(1625,9569,'Em andamento','Não iniciado','2024-10-30 14:06:43',3),(1626,9570,'Em andamento','Não iniciado','2024-10-30 14:06:43',8),(1627,9571,'Em andamento','Não iniciado','2024-10-30 14:06:43',14),(1628,9575,'Em andamento','Não iniciado','2024-10-30 14:06:43',1),(1629,9576,'Em andamento','Não iniciado','2024-10-30 14:06:43',4),(1630,9577,'Em andamento','Não iniciado','2024-10-30 14:06:43',3),(1631,9578,'Em andamento','Não iniciado','2024-10-30 14:06:43',8),(1632,9579,'Em andamento','Não iniciado','2024-10-30 14:06:43',14),(1633,9583,'Em andamento','Não iniciado','2024-10-30 14:06:43',1),(1634,9584,'Em andamento','Não iniciado','2024-10-30 14:06:43',4),(1635,9585,'Em andamento','Não iniciado','2024-10-30 14:06:43',3),(1636,9586,'Em andamento','Não iniciado','2024-10-30 14:06:43',8),(1637,9587,'Em andamento','Não iniciado','2024-10-30 14:06:43',14),(1638,9591,'Em andamento','Não iniciado','2024-10-30 14:06:43',1),(1639,9592,'Em andamento','Não iniciado','2024-10-30 14:06:43',4),(1640,9593,'Em andamento','Não iniciado','2024-10-30 14:06:43',3),(1641,9594,'Em andamento','Não iniciado','2024-10-30 14:06:43',8),(1642,9595,'Em andamento','Não iniciado','2024-10-30 14:06:43',14),(1643,9599,'Em andamento','Não iniciado','2024-10-30 14:06:43',1),(1644,9600,'Em andamento','Não iniciado','2024-10-30 14:06:43',4),(1645,9601,'Em andamento','Não iniciado','2024-10-30 14:06:43',3),(1646,9602,'Em andamento','Não iniciado','2024-10-30 14:06:43',8),(1647,9603,'Em andamento','Não iniciado','2024-10-30 14:06:43',14),(1648,9607,'Em andamento','Não iniciado','2024-10-30 14:06:43',1),(1649,9608,'Em andamento','Não iniciado','2024-10-30 14:06:43',4),(1650,9609,'Em andamento','Não iniciado','2024-10-30 14:06:43',3),(1651,9610,'Em andamento','Não iniciado','2024-10-30 14:06:43',8),(1652,9611,'Em andamento','Não iniciado','2024-10-30 14:06:43',14),(1653,9615,'Em andamento','Não iniciado','2024-10-30 14:06:43',1),(1654,9616,'Em andamento','Não iniciado','2024-10-30 14:06:43',4),(1655,9617,'Em andamento','Não iniciado','2024-10-30 14:06:43',3),(1656,9618,'Em andamento','Não iniciado','2024-10-30 14:06:43',8),(1657,9619,'Em andamento','Não iniciado','2024-10-30 14:06:43',14),(1658,9629,'Em andamento','Não iniciado','2024-10-30 14:06:43',12),(1659,9637,'Em andamento','Não iniciado','2024-10-30 14:06:43',12),(1660,9645,'Em andamento','Não iniciado','2024-10-30 14:06:43',12),(1661,9661,'Em andamento','Não iniciado','2024-10-30 14:06:43',12),(1662,9669,'Em andamento','Não iniciado','2024-10-30 14:06:43',12),(1663,9677,'Em andamento','Não iniciado','2024-10-30 14:06:43',12),(1664,9712,'Em andamento','Não iniciado','2024-10-30 14:06:43',8),(1665,9713,'Em andamento','Não iniciado','2024-10-30 14:06:43',3),(1666,9714,'Em andamento','Não iniciado','2024-10-30 14:06:43',8),(1667,9715,'Em andamento','Não iniciado','2024-10-30 14:06:43',14),(1668,9720,'Em andamento','Não iniciado','2024-10-30 14:06:43',8),(1669,9721,'Em andamento','Não iniciado','2024-10-30 14:06:43',3),(1670,9722,'Em andamento','Não iniciado','2024-10-30 14:06:43',8),(1671,9723,'Em andamento','Não iniciado','2024-10-30 14:06:43',14),(1672,9728,'Em andamento','Não iniciado','2024-10-30 14:06:43',8),(1673,9729,'Em andamento','Não iniciado','2024-10-30 14:06:43',3),(1674,9730,'Em andamento','Não iniciado','2024-10-30 14:06:43',8),(1675,9731,'Em andamento','Não iniciado','2024-10-30 14:06:43',14),(1676,9735,'Em andamento','Não iniciado','2024-10-30 14:06:43',1),(1677,9736,'Em andamento','Não iniciado','2024-10-30 14:06:43',4),(1678,9737,'Em andamento','Não iniciado','2024-10-30 14:06:43',5),(1679,9738,'Em andamento','Não iniciado','2024-10-30 14:06:43',6),(1680,9739,'Em andamento','Não iniciado','2024-10-30 14:06:43',14),(1681,9743,'Em andamento','Não iniciado','2024-10-30 14:06:43',1),(1682,9744,'Em andamento','Não iniciado','2024-10-30 14:06:43',4),(1683,9745,'Em andamento','Não iniciado','2024-10-30 14:06:43',5),(1684,9746,'Em andamento','Não iniciado','2024-10-30 14:06:43',6),(1685,9747,'Em andamento','Não iniciado','2024-10-30 14:06:43',14),(1686,9751,'Em andamento','Não iniciado','2024-10-30 14:06:43',1),(1687,9752,'Em andamento','Não iniciado','2024-10-30 14:06:43',4),(1688,9753,'Em andamento','Não iniciado','2024-10-30 14:06:43',5),(1689,9754,'Em andamento','Não iniciado','2024-10-30 14:06:43',6),(1690,9755,'Em andamento','Não iniciado','2024-10-30 14:06:43',14),(1691,9759,'Em andamento','Não iniciado','2024-10-30 14:06:43',1),(1692,9760,'Em andamento','Não iniciado','2024-10-30 14:06:43',4),(1693,9761,'Em andamento','Não iniciado','2024-10-30 14:06:43',5),(1694,9762,'Em andamento','Não iniciado','2024-10-30 14:06:43',6),(1695,9763,'Em andamento','Não iniciado','2024-10-30 14:06:43',14),(1696,9767,'Em andamento','Não iniciado','2024-10-30 14:06:43',1),(1697,9768,'Em andamento','Não iniciado','2024-10-30 14:06:43',4),(1698,9769,'Em andamento','Não iniciado','2024-10-30 14:06:43',5),(1699,9770,'Em andamento','Não iniciado','2024-10-30 14:06:43',6),(1700,9771,'Em andamento','Não iniciado','2024-10-30 14:06:43',14),(1701,9775,'Em andamento','Não iniciado','2024-10-30 14:06:43',1),(1702,9776,'Em andamento','Não iniciado','2024-10-30 14:06:43',4),(1703,9777,'Em andamento','Não iniciado','2024-10-30 14:06:43',5),(1704,9778,'Em andamento','Não iniciado','2024-10-30 14:06:43',6),(1705,9779,'Em andamento','Não iniciado','2024-10-30 14:06:43',14),(1706,9783,'Em andamento','Não iniciado','2024-10-30 14:06:43',1),(1707,9784,'Em andamento','Não iniciado','2024-10-30 14:06:43',4),(1708,9785,'Em andamento','Não iniciado','2024-10-30 14:06:43',5),(1709,9786,'Em andamento','Não iniciado','2024-10-30 14:06:43',6),(1710,9787,'Em andamento','Não iniciado','2024-10-30 14:06:43',14),(1711,9791,'Em andamento','Não iniciado','2024-10-30 14:06:43',1),(1712,9792,'Em andamento','Não iniciado','2024-10-30 14:06:43',4),(1713,9793,'Em andamento','Não iniciado','2024-10-30 14:06:43',3),(1714,9794,'Em andamento','Não iniciado','2024-10-30 14:06:43',8),(1715,9795,'Em andamento','Não iniciado','2024-10-30 14:06:43',14),(1716,9799,'Em andamento','Não iniciado','2024-10-30 14:06:43',1),(1717,9800,'Em andamento','Não iniciado','2024-10-30 14:06:43',4),(1718,9801,'Em andamento','Não iniciado','2024-10-30 14:06:43',3),(1719,9802,'Em andamento','Não iniciado','2024-10-30 14:06:43',8),(1720,9803,'Em andamento','Não iniciado','2024-10-30 14:06:43',14),(1721,9807,'Em andamento','Não iniciado','2024-10-30 14:06:43',1),(1722,9808,'Em andamento','Não iniciado','2024-10-30 14:06:43',4),(1723,9809,'Em andamento','Não iniciado','2024-10-30 14:06:43',3),(1724,9810,'Em andamento','Não iniciado','2024-10-30 14:06:43',8),(1725,9811,'Em andamento','Não iniciado','2024-10-30 14:06:43',14),(1726,9823,'Em andamento','Não iniciado','2024-10-30 14:06:43',1),(1727,9824,'Em andamento','Não iniciado','2024-10-30 14:06:43',4),(1728,9825,'Em andamento','Não iniciado','2024-10-30 14:06:43',3),(1729,9826,'Em andamento','Não iniciado','2024-10-30 14:06:43',8),(1730,9827,'Em andamento','Não iniciado','2024-10-30 14:06:43',14),(1731,9831,'Em andamento','Não iniciado','2024-10-30 14:06:43',1),(1732,9832,'Em andamento','Não iniciado','2024-10-30 14:06:43',4),(1733,9833,'Em andamento','Não iniciado','2024-10-30 14:06:43',3),(1734,9834,'Em andamento','Não iniciado','2024-10-30 14:06:43',8),(1735,9835,'Em andamento','Não iniciado','2024-10-30 14:06:43',14),(1736,9845,'Em andamento','Não iniciado','2024-10-30 14:06:43',12),(1737,9853,'Em andamento','Não iniciado','2024-10-30 14:06:43',12),(1738,9861,'Em andamento','Não iniciado','2024-10-30 14:06:43',12),(1739,9869,'Em andamento','Não iniciado','2024-10-30 14:06:43',12),(1740,9877,'Em andamento','Não iniciado','2024-10-30 14:06:43',12),(1741,9885,'Em andamento','Não iniciado','2024-10-30 14:06:43',12),(1742,9893,'Em andamento','Não iniciado','2024-10-30 14:06:43',12),(1743,9901,'Em andamento','Não iniciado','2024-10-30 14:06:43',12),(1744,9909,'Em andamento','Não iniciado','2024-10-30 14:06:43',12),(1745,9912,'Em andamento','Não iniciado','2024-10-30 14:06:43',4),(1746,9913,'Em andamento','Não iniciado','2024-10-30 14:06:43',5),(1747,9914,'Em andamento','Não iniciado','2024-10-30 14:06:43',6),(1748,9915,'Em andamento','Não iniciado','2024-10-30 14:06:43',14),(1749,9920,'Em andamento','Não iniciado','2024-10-30 14:06:43',8),(1750,9921,'Em andamento','Não iniciado','2024-10-30 14:06:43',3),(1751,9922,'Em andamento','Não iniciado','2024-10-30 14:06:43',8),(1752,9923,'Em andamento','Não iniciado','2024-10-30 14:06:43',14),(1753,9944,'Em andamento','Não iniciado','2024-10-30 14:06:43',8),(1754,9945,'Em andamento','Não iniciado','2024-10-30 14:06:43',3),(1755,9946,'Em andamento','Não iniciado','2024-10-30 14:06:43',8),(1756,9947,'Em andamento','Não iniciado','2024-10-30 14:06:43',14),(1757,9952,'Em andamento','Não iniciado','2024-10-30 14:06:43',4),(1758,9953,'Em andamento','Não iniciado','2024-10-30 14:06:43',3),(1759,9954,'Em andamento','Não iniciado','2024-10-30 14:06:43',8),(1760,9955,'Em andamento','Não iniciado','2024-10-30 14:06:43',14),(1761,9960,'Em andamento','Não iniciado','2024-10-30 14:06:43',4),(1762,9961,'Em andamento','Não iniciado','2024-10-30 14:06:43',3),(1763,9962,'Em andamento','Não iniciado','2024-10-30 14:06:43',8),(1764,9963,'Em andamento','Não iniciado','2024-10-30 14:06:43',14),(1765,9968,'Em andamento','Não iniciado','2024-10-30 14:06:43',4),(1766,9969,'Em andamento','Não iniciado','2024-10-30 14:06:43',3),(1767,9970,'Em andamento','Não iniciado','2024-10-30 14:06:43',8),(1768,9971,'Em andamento','Não iniciado','2024-10-30 14:06:43',14),(1769,9976,'Em andamento','Não iniciado','2024-10-30 14:06:43',4),(1770,9977,'Em andamento','Não iniciado','2024-10-30 14:06:43',3),(1771,9978,'Em andamento','Não iniciado','2024-10-30 14:06:43',8),(1772,9979,'Em andamento','Não iniciado','2024-10-30 14:06:43',14),(1773,9984,'Em andamento','Não iniciado','2024-10-30 14:06:43',4),(1774,9985,'Em andamento','Não iniciado','2024-10-30 14:06:43',5),(1775,9986,'Em andamento','Não iniciado','2024-10-30 14:06:43',6),(1776,9987,'Em andamento','Não iniciado','2024-10-30 14:06:43',14),(1777,9992,'Em andamento','Não iniciado','2024-10-30 14:06:43',4),(1778,9993,'Em andamento','Não iniciado','2024-10-30 14:06:43',5),(1779,9994,'Em andamento','Não iniciado','2024-10-30 14:06:43',6),(1780,9995,'Em andamento','Não iniciado','2024-10-30 14:06:43',14),(1781,10000,'Em andamento','Não iniciado','2024-10-30 14:06:43',4),(1782,10001,'Em andamento','Não iniciado','2024-10-30 14:06:43',5),(1783,10002,'Em andamento','Não iniciado','2024-10-30 14:06:43',6),(1784,10003,'Em andamento','Não iniciado','2024-10-30 14:06:43',14),(1785,10008,'Em andamento','Não iniciado','2024-10-30 14:06:43',4),(1786,10009,'Em andamento','Não iniciado','2024-10-30 14:06:43',5),(1787,10010,'Em andamento','Não iniciado','2024-10-30 14:06:43',6),(1788,10011,'Em andamento','Não iniciado','2024-10-30 14:06:43',14),(1789,10016,'Em andamento','Não iniciado','2024-10-30 14:06:43',4),(1790,10017,'Em andamento','Não iniciado','2024-10-30 14:06:43',5),(1791,10018,'Em andamento','Não iniciado','2024-10-30 14:06:43',6),(1792,10019,'Em andamento','Não iniciado','2024-10-30 14:06:43',14),(1793,10024,'Em andamento','Não iniciado','2024-10-30 14:06:43',4),(1794,10025,'Em andamento','Não iniciado','2024-10-30 14:06:43',5),(1795,10026,'Em andamento','Não iniciado','2024-10-30 14:06:43',6),(1796,10027,'Em andamento','Não iniciado','2024-10-30 14:06:43',14),(1797,10034,'Em andamento','Não iniciado','2024-10-30 14:06:43',6),(1798,10035,'Em andamento','Não iniciado','2024-10-30 14:06:43',14),(1799,10040,'Em andamento','Não iniciado','2024-10-30 14:06:43',15),(1800,10041,'Em andamento','Não iniciado','2024-10-30 14:06:43',15),(1801,10042,'Em andamento','Não iniciado','2024-10-30 14:06:43',6),(1802,10043,'Em andamento','Não iniciado','2024-10-30 14:06:43',14),(1803,10050,'Em andamento','Não iniciado','2024-10-30 14:06:43',6),(1804,10051,'Em andamento','Não iniciado','2024-10-30 14:06:43',14),(1805,10056,'Em andamento','Não iniciado','2024-10-30 14:06:43',4),(1806,10057,'Em andamento','Não iniciado','2024-10-30 14:06:43',4),(1807,10058,'Em andamento','Não iniciado','2024-10-30 14:06:43',6),(1808,10059,'Em andamento','Não iniciado','2024-10-30 14:06:43',14),(1809,10064,'Em andamento','Não iniciado','2024-10-30 14:06:43',15),(1810,10065,'Em andamento','Não iniciado','2024-10-30 14:06:43',15),(1811,10066,'Em andamento','Não iniciado','2024-10-30 14:06:43',6),(1812,10067,'Em andamento','Não iniciado','2024-10-30 14:06:43',14),(1813,10072,'Em andamento','Não iniciado','2024-10-30 14:06:43',4),(1814,10073,'Em andamento','Não iniciado','2024-10-30 14:06:43',4),(1815,10074,'Em andamento','Não iniciado','2024-10-30 14:06:43',6),(1816,10075,'Em andamento','Não iniciado','2024-10-30 14:06:43',14),(1817,10080,'Em andamento','Não iniciado','2024-10-30 14:06:43',4),(1818,10081,'Em andamento','Não iniciado','2024-10-30 14:06:43',4),(1819,10082,'Em andamento','Não iniciado','2024-10-30 14:06:43',6),(1820,10083,'Em andamento','Não iniciado','2024-10-30 14:06:43',14),(1821,10088,'Em andamento','Não iniciado','2024-10-30 14:06:43',15),(1822,10089,'Em andamento','Não iniciado','2024-10-30 14:06:43',15),(1823,10090,'Em andamento','Não iniciado','2024-10-30 14:06:43',6),(1824,10091,'Em andamento','Não iniciado','2024-10-30 14:06:43',14),(1825,10096,'Em andamento','Não iniciado','2024-10-30 14:06:43',4),(1826,10097,'Em andamento','Não iniciado','2024-10-30 14:06:43',4),(1827,10098,'Em andamento','Não iniciado','2024-10-30 14:06:43',6),(1828,10099,'Em andamento','Não iniciado','2024-10-30 14:06:43',14),(1829,10104,'Em andamento','Não iniciado','2024-10-30 14:06:43',8),(1830,10106,'Em andamento','Não iniciado','2024-10-30 14:06:43',8),(1831,10107,'Em andamento','Não iniciado','2024-10-30 14:06:43',14),(1832,10112,'Em andamento','Não iniciado','2024-10-30 14:06:43',8),(1833,10114,'Em andamento','Não iniciado','2024-10-30 14:06:43',8),(1834,10115,'Em andamento','Não iniciado','2024-10-30 14:06:43',14),(1835,10120,'Em andamento','Não iniciado','2024-10-30 14:06:43',8),(1836,10122,'Em andamento','Não iniciado','2024-10-30 14:06:43',8),(1837,10123,'Em andamento','Não iniciado','2024-10-30 14:06:43',14),(1838,10128,'Em andamento','Não iniciado','2024-10-30 14:06:43',8),(1839,10130,'Em andamento','Não iniciado','2024-10-30 14:06:43',8),(1840,10131,'Em andamento','Não iniciado','2024-10-30 14:06:43',14),(1841,10136,'Em andamento','Não iniciado','2024-10-30 14:06:43',8),(1842,10138,'Em andamento','Não iniciado','2024-10-30 14:06:43',8),(1843,10139,'Em andamento','Não iniciado','2024-10-30 14:06:43',14),(1844,10144,'Em andamento','Não iniciado','2024-10-30 14:06:43',8),(1845,10146,'Em andamento','Não iniciado','2024-10-30 14:06:43',8),(1846,10147,'Em andamento','Não iniciado','2024-10-30 14:06:43',14),(1847,10163,'Em andamento','Não iniciado','2024-10-30 14:06:43',14),(1848,10322,'Em andamento','Não iniciado','2024-10-30 14:06:43',6),(1849,10328,'Em andamento','Não iniciado','2024-10-30 14:06:43',13),(1850,10329,'Em andamento','Não iniciado','2024-10-30 14:06:43',13),(1851,10330,'Em andamento','Não iniciado','2024-10-30 14:06:43',13),(1852,10336,'Em andamento','Não iniciado','2024-10-30 14:06:43',13),(1853,10337,'Em andamento','Não iniciado','2024-10-30 14:06:43',13),(1854,10338,'Em andamento','Não iniciado','2024-10-30 14:06:43',13),(1855,10456,'Em andamento','Não iniciado','2024-10-30 14:06:43',8),(1856,10457,'Em andamento','Não iniciado','2024-10-30 14:06:43',3),(1857,10458,'Em andamento','Não iniciado','2024-10-30 14:06:43',8),(1858,10459,'Em andamento','Não iniciado','2024-10-30 14:06:43',14),(1859,10915,'Em andamento','Não iniciado','2024-10-30 14:06:43',14),(1860,11235,'Em andamento','Não iniciado','2024-10-30 14:06:43',14),(1861,12185,'Em andamento','Não iniciado','2024-10-30 14:06:43',1),(1862,12193,'Em andamento','Não iniciado','2024-10-30 14:06:43',1),(1863,12201,'Em andamento','Não iniciado','2024-10-30 14:06:43',1),(1864,12209,'Em andamento','Não iniciado','2024-10-30 14:06:43',1),(1865,12217,'Em andamento','Não iniciado','2024-10-30 14:06:43',1),(1866,12225,'Em andamento','Não iniciado','2024-10-30 14:06:43',1),(1867,12233,'Em andamento','Não iniciado','2024-10-30 14:06:43',1),(1868,12241,'Em andamento','Não iniciado','2024-10-30 14:06:43',1),(1869,12249,'Em andamento','Não iniciado','2024-10-30 14:06:43',1),(1870,12257,'Em andamento','Não iniciado','2024-10-30 14:06:43',1),(1871,12265,'Em andamento','Não iniciado','2024-10-30 14:06:43',1),(1872,12273,'Em andamento','Não iniciado','2024-10-30 14:06:43',1),(1873,12281,'Em andamento','Não iniciado','2024-10-30 14:06:43',1),(1874,12289,'Em andamento','Não iniciado','2024-10-30 14:06:43',1),(1875,12297,'Em andamento','Não iniciado','2024-10-30 14:06:43',1),(1876,12305,'Em andamento','Não iniciado','2024-10-30 14:06:43',1),(1877,12313,'Em andamento','Não iniciado','2024-10-30 14:06:43',1),(1878,12321,'Em andamento','Não iniciado','2024-10-30 14:06:43',1),(1879,12329,'Em andamento','Não iniciado','2024-10-30 14:06:43',1),(1880,12337,'Em andamento','Não iniciado','2024-10-30 14:06:43',1),(1881,12345,'Em andamento','Não iniciado','2024-10-30 14:06:43',1),(1882,12353,'Em andamento','Não iniciado','2024-10-30 14:06:43',1),(1883,12361,'Em andamento','Não iniciado','2024-10-30 14:06:43',1),(1884,12369,'Em andamento','Não iniciado','2024-10-30 14:06:43',1),(1885,9142,'Não iniciado','Finalizado','2024-10-30 14:07:09',1),(1886,12185,'Não iniciado','Em andamento','2024-10-30 14:08:41',1),(1887,12313,'Não iniciado','Em andamento','2024-10-30 14:08:44',1),(1888,12321,'Não iniciado','Em andamento','2024-10-30 14:08:48',1),(1889,12329,'Não iniciado','Em andamento','2024-10-30 14:08:52',1),(1890,12193,'Não iniciado','Em andamento','2024-10-30 14:08:56',1),(1891,12201,'Não iniciado','Em andamento','2024-10-30 14:08:59',1),(1892,12209,'Não iniciado','Em andamento','2024-10-30 14:09:01',1),(1893,12217,'Não iniciado','Em andamento','2024-10-30 14:09:07',1),(1894,12225,'Não iniciado','Em andamento','2024-10-30 14:09:16',1),(1895,12337,'Não iniciado','Em andamento','2024-10-30 14:09:19',1),(1896,12345,'Não iniciado','Em andamento','2024-10-30 14:09:22',1),(1897,12353,'Não iniciado','Em andamento','2024-10-30 14:09:25',1),(1898,12361,'Não iniciado','Em andamento','2024-10-30 14:09:30',1),(1899,12233,'Não iniciado','Em andamento','2024-10-30 14:09:34',1),(1900,12369,'Não iniciado','Em andamento','2024-10-30 14:09:38',1),(1901,12241,'Não iniciado','Em andamento','2024-10-30 14:09:41',1),(1902,12249,'Não iniciado','Em andamento','2024-10-30 14:09:44',1),(1903,12257,'Não iniciado','Em andamento','2024-10-30 14:09:47',1),(1904,12265,'Não iniciado','Em andamento','2024-10-30 14:09:52',1),(1905,12273,'Não iniciado','Em andamento','2024-10-30 14:09:56',1),(1906,12281,'Não iniciado','Em andamento','2024-10-30 14:09:59',1),(1907,12289,'Não iniciado','Em andamento','2024-10-30 14:10:02',1),(1908,12297,'Não iniciado','Em andamento','2024-10-30 14:10:05',1),(1909,12305,'Não iniciado','Em andamento','2024-10-30 14:10:08',1),(1910,7629,'Não iniciado','Em andamento','2024-10-30 14:13:49',3),(1911,7637,'Não iniciado','Em andamento','2024-10-30 14:13:52',3),(1912,7645,'Não iniciado','Em andamento','2024-10-30 14:13:55',3),(1913,7653,'Não iniciado','Em andamento','2024-10-30 14:13:58',3),(1914,7661,'Não iniciado','Em andamento','2024-10-30 14:14:02',3),(1915,7669,'Não iniciado','Em andamento','2024-10-30 14:14:06',3),(1916,8253,'Não iniciado','Finalizado','2024-10-30 14:56:07',5),(1917,8277,'Não iniciado','Finalizado','2024-10-30 14:56:38',5),(1918,9094,'Finalizado','Em andamento','2024-10-30 16:08:50',1),(1919,8323,'Não iniciado','Não se aplica','2024-10-30 16:09:05',1),(1920,9086,'Não iniciado','Em andamento','2024-10-30 16:09:05',1),(1921,9945,'Não iniciado','Em andamento','2024-10-30 16:09:49',3),(1922,9953,'Não iniciado','Em andamento','2024-10-30 16:10:07',3),(1923,9961,'Não iniciado','Em andamento','2024-10-30 16:10:17',3),(1924,9969,'Não iniciado','Em andamento','2024-10-30 16:10:28',3),(1925,9977,'Não iniciado','Em andamento','2024-10-30 16:10:42',3),(1926,9921,'Não iniciado','Em andamento','2024-10-30 16:16:18',3),(1927,9094,'Em andamento','Finalizado','2024-10-30 17:18:59',1),(1928,9086,'Em andamento','Finalizado','2024-10-30 17:19:12',1),(1929,9070,'Finalizado','Em andamento','2024-10-30 17:24:29',1),(1930,9078,'Finalizado','Em andamento','2024-10-30 17:24:39',1),(1931,8339,'Finalizado','Não se aplica','2024-10-30 17:25:16',1),(1932,9110,'Não iniciado','Finalizado','2024-10-30 17:25:16',1),(1933,8347,'Não iniciado','Não se aplica','2024-10-30 18:09:50',1),(1934,9118,'Não iniciado','Finalizado','2024-10-30 18:09:50',1),(1935,9070,'Em andamento','Finalizado','2024-10-30 18:10:03',1),(1936,9078,'Em andamento','Finalizado','2024-10-30 18:10:15',1),(1937,8355,'Não iniciado','Não se aplica','2024-10-30 18:33:49',1),(1938,9134,'Não iniciado','Finalizado','2024-10-30 18:33:49',1),(1939,8315,'Não iniciado','Em andamento','2024-10-30 18:38:29',1),(1940,8108,'Não iniciado','Finalizado','2024-10-30 19:42:27',8),(1941,8126,'Não iniciado','Finalizado','2024-10-30 19:42:27',8),(1942,8116,'Não iniciado','Finalizado','2024-10-30 19:42:58',8),(1943,8118,'Não iniciado','Finalizado','2024-10-30 19:42:58',8),(1944,8285,'Não iniciado','Finalizado','2024-10-30 19:43:10',5),(1945,8309,'Não iniciado','Finalizado','2024-10-30 19:43:22',5),(1946,8172,'Não iniciado','Finalizado','2024-10-30 19:43:46',8),(1947,8174,'Não iniciado','Em andamento','2024-10-30 19:43:46',8),(1948,8293,'Não iniciado','Finalizado','2024-10-30 19:44:25',5),(1949,8363,'Não se aplica','Não iniciado','2024-10-30 19:58:00',1),(1950,8363,'Não iniciado','Não se aplica','2024-10-30 19:58:49',1),(1951,8315,'Em andamento','Não se aplica','2024-10-30 20:25:40',1),(1952,13097,'Não iniciado','Finalizado','2024-10-30 20:25:40',1),(1953,4185,'Não iniciado','Finalizado','2024-10-31 10:43:35',7),(1954,4234,'Não iniciado','Finalizado','2024-10-31 11:11:04',7),(1955,246,'Não iniciado','Finalizado','2024-10-31 13:17:43',10),(1956,10322,'Não iniciado','Finalizado','2024-10-31 13:18:47',6),(1957,519,'Não iniciado','Finalizado','2024-10-31 13:19:06',10),(1958,524,'Não iniciado','Finalizado','2024-10-31 13:19:14',10),(1959,609,'Não iniciado','Finalizado','2024-10-31 13:19:35',10),(1960,613,'Não iniciado','Finalizado','2024-10-31 13:19:41',10),(1961,621,'Não iniciado','Finalizado','2024-10-31 13:19:46',10),(1962,629,'Não iniciado','Finalizado','2024-10-31 13:20:26',10),(1963,633,'Não iniciado','Finalizado','2024-10-31 13:20:44',10),(1964,529,'Não iniciado','Finalizado','2024-10-31 13:21:56',10),(1965,514,'Não iniciado','Finalizado','2024-10-31 13:22:12',10),(1966,1040,'Não iniciado','Finalizado','2024-10-31 13:23:22',10),(1967,7190,'Não iniciado','Em andamento','2024-10-31 13:23:43',10),(1968,7206,'Não iniciado','Em andamento','2024-10-31 13:24:13',10),(1969,7214,'Não iniciado','Em andamento','2024-10-31 13:24:22',10),(1970,8166,'Não iniciado','Finalizado','2024-10-31 13:24:43',10),(1971,8238,'Não iniciado','Finalizado','2024-10-31 13:24:58',10),(1972,8246,'Não iniciado','Em andamento','2024-10-31 13:25:04',10),(1973,8302,'Não iniciado','Em andamento','2024-10-31 13:25:07',10),(1974,308,'Não iniciado','Finalizado','2024-10-31 13:25:53',6),(1975,8252,'Não iniciado','Em andamento','2024-10-31 13:47:54',6),(1976,13524,'Não iniciado','Finalizado','2024-10-31 14:34:27',13),(1977,13532,'Não iniciado','Finalizado','2024-10-31 14:34:36',13),(1978,10329,'Não iniciado','Finalizado','2024-10-31 14:35:39',13),(1979,10328,'Não iniciado','Finalizado','2024-10-31 14:37:25',13),(1980,7675,'Finalizado','Não se aplica','2024-10-31 14:37:33',1),(1981,13017,'Não iniciado','Finalizado','2024-10-31 14:37:33',1),(1982,13025,'Não iniciado','Finalizado','2024-10-31 14:39:32',1),(1983,13033,'Não iniciado','Finalizado','2024-10-31 14:44:07',1),(1984,8243,'Finalizado','Não se aplica','2024-10-31 14:44:48',1),(1985,13041,'Não iniciado','Finalizado','2024-10-31 14:45:45',1),(1986,13065,'Não iniciado','HOLD','2024-10-31 14:45:56',1),(1987,13049,'Não iniciado','Finalizado','2024-10-31 14:46:11',1),(1988,8339,'Não se aplica','Finalizado','2024-10-31 14:47:43',1),(1989,8283,'Finalizado','Não se aplica','2024-10-31 14:47:53',1),(1990,13057,'Não iniciado','Finalizado','2024-10-31 14:47:53',1),(1991,8291,'Finalizado','Não se aplica','2024-10-31 14:48:35',1),(1992,13073,'Não iniciado','Finalizado','2024-10-31 14:48:35',1),(1993,13089,'Não iniciado','Finalizado','2024-10-31 14:49:16',1),(1994,8307,'Finalizado','Não se aplica','2024-10-31 14:50:21',1),(1995,13081,'Não iniciado','Finalizado','2024-10-31 14:50:21',1),(1996,9222,'Não iniciado','Finalizado','2024-10-31 14:51:18',1),(1997,9230,'Não iniciado','Finalizado','2024-10-31 14:51:29',1),(1998,8252,'Em andamento','Finalizado','2024-10-31 17:52:41',6),(1999,8254,'Não iniciado','Em andamento','2024-10-31 17:52:41',6),(2000,8174,'Em andamento','Finalizado','2024-10-31 17:58:04',8),(2001,8254,'Em andamento','Finalizado','2024-10-31 21:30:54',6),(2002,10056,'Não iniciado','Finalizado','2024-10-31 21:56:09',4),(2003,10057,'Não iniciado','Finalizado','2024-10-31 21:56:09',4),(2004,8261,'Não iniciado','Finalizado','2024-11-01 02:28:57',5),(2005,8317,'Não iniciado','Finalizado','2024-11-01 02:29:08',5),(2006,10072,'Não iniciado','Em andamento','2024-11-01 10:29:27',4),(2007,10073,'Não iniciado','Em andamento','2024-11-01 10:29:27',4),(2008,10080,'Não iniciado','Em andamento','2024-11-01 10:29:37',4),(2009,10081,'Não iniciado','Em andamento','2024-11-01 10:29:37',4),(2010,10096,'Não iniciado','Em andamento','2024-11-01 10:30:50',4),(2011,10097,'Não iniciado','Em andamento','2024-11-01 10:30:50',4),(2012,8276,'Não iniciado','Em andamento','2024-11-01 13:03:06',6),(2013,8784,'Não iniciado','Em andamento','2024-11-01 13:12:18',8),(2014,8786,'Não iniciado','Em andamento','2024-11-01 13:12:18',8),(2015,8792,'Não iniciado','Em andamento','2024-11-01 13:12:23',8),(2016,8794,'Não iniciado','Em andamento','2024-11-01 13:12:23',8),(2017,8800,'Não iniciado','Em andamento','2024-11-01 13:12:28',8),(2018,8802,'Não iniciado','Em andamento','2024-11-01 13:12:28',8),(2019,8808,'Não iniciado','Em andamento','2024-11-01 13:12:32',8),(2020,8810,'Não iniciado','Em andamento','2024-11-01 13:12:32',8),(2021,8816,'Não iniciado','Em andamento','2024-11-01 13:12:37',8),(2022,8818,'Não iniciado','Em andamento','2024-11-01 13:12:37',8),(2023,8824,'Não iniciado','Em andamento','2024-11-01 13:12:41',8),(2024,8826,'Não iniciado','Em andamento','2024-11-01 13:12:41',8),(2025,223,'Não iniciado','Em andamento','2024-11-01 13:13:01',8),(2026,573,'Não iniciado','Em andamento','2024-11-01 13:13:18',8),(2027,585,'Não iniciado','Em andamento','2024-11-01 13:13:28',8),(2028,589,'Não iniciado','Em andamento','2024-11-01 13:13:30',8),(2029,593,'Não iniciado','Em andamento','2024-11-01 13:13:34',8),(2030,597,'Não iniciado','Em andamento','2024-11-01 13:13:37',8),(2031,601,'Não iniciado','Em andamento','2024-11-01 13:13:41',8),(2032,605,'Não iniciado','Em andamento','2024-11-01 13:13:44',8),(2033,652,'Não iniciado','Em andamento','2024-11-01 13:13:55',8),(2034,4415,'Não iniciado','Finalizado','2024-11-01 13:47:12',14),(2035,4450,'Não iniciado','Finalizado','2024-11-01 13:47:41',14),(2036,4457,'Não iniciado','Finalizado','2024-11-01 13:47:59',14),(2037,4464,'Não iniciado','Finalizado','2024-11-01 13:48:19',14),(2038,618,'Não iniciado','Finalizado','2024-11-01 13:49:46',14),(2039,630,'Não iniciado','Finalizado','2024-11-01 13:50:22',14),(2040,10163,'Não iniciado','Finalizado','2024-11-01 13:57:33',14),(2041,8164,'Não iniciado','Finalizado','2024-11-01 14:06:17',10),(2042,8236,'Não iniciado','Finalizado','2024-11-01 14:06:25',10),(2043,7823,'Não iniciado','Finalizado','2024-11-01 14:06:39',14),(2044,8244,'Não iniciado','Finalizado','2024-11-01 14:06:43',10),(2045,8246,'Em andamento','Finalizado','2024-11-01 14:06:43',10),(2046,8300,'Não iniciado','Finalizado','2024-11-01 14:07:27',10),(2047,8302,'Em andamento','Finalizado','2024-11-01 14:07:27',10),(2048,10915,'Não iniciado','Finalizado','2024-11-01 14:08:38',14),(2049,7188,'Não iniciado','Finalizado','2024-11-01 14:09:39',10),(2050,7190,'Em andamento','Finalizado','2024-11-01 14:09:39',10),(2051,11235,'Não iniciado','Finalizado','2024-11-01 14:10:07',14),(2052,7204,'Não iniciado','Finalizado','2024-11-01 14:10:25',10),(2053,7206,'Em andamento','Finalizado','2024-11-01 14:10:25',10),(2054,7212,'Não iniciado','Finalizado','2024-11-01 14:10:40',10),(2055,7214,'Em andamento','Finalizado','2024-11-01 14:10:40',10),(2056,257,'Não iniciado','Finalizado','2024-11-01 14:11:05',14),(2057,272,'Não iniciado','Finalizado','2024-11-01 14:11:30',14),(2058,267,'Não iniciado','Finalizado','2024-11-01 14:11:49',14),(2059,282,'Não iniciado','Finalizado','2024-11-01 14:12:08',14),(2060,252,'Não iniciado','Finalizado','2024-11-01 14:12:27',14),(2061,232,'Não iniciado','Finalizado','2024-11-01 14:12:46',14),(2062,228,'Não iniciado','Finalizado','2024-11-01 14:13:02',14),(2063,262,'Não iniciado','Finalizado','2024-11-01 14:13:20',14),(2064,277,'Não iniciado','Finalizado','2024-11-01 14:13:41',14),(2065,304,'Não iniciado','Finalizado','2024-11-01 14:14:02',14),(2066,300,'Não iniciado','Finalizado','2024-11-01 14:14:20',14),(2067,309,'Não iniciado','Finalizado','2024-11-01 14:14:45',14),(2068,661,'Não iniciado','Finalizado','2024-11-01 14:16:07',14),(2069,644,'Não iniciado','Finalizado','2024-11-01 14:16:23',14),(2070,8127,'Não iniciado','Finalizado','2024-11-01 14:18:55',14),(2071,8119,'Não iniciado','Finalizado','2024-11-01 14:19:06',14),(2072,8175,'Não iniciado','Finalizado','2024-11-01 14:19:18',14),(2073,8255,'Não iniciado','Finalizado','2024-11-01 14:19:30',14),(2074,14206,'Não iniciado','Finalizado','2024-11-01 14:20:42',14),(2075,302,'Não iniciado','Finalizado','2024-11-01 14:49:01',5),(2076,297,'Não iniciado','Finalizado','2024-11-01 14:49:06',5),(2077,306,'Não iniciado','Finalizado','2024-11-01 14:49:16',5),(2078,3846,'Não iniciado','Finalizado','2024-11-01 14:50:27',5),(2079,3839,'Não iniciado','Finalizado','2024-11-01 14:50:31',5),(2080,3853,'Não iniciado','Finalizado','2024-11-01 14:50:35',5),(2081,14486,'Não iniciado','Finalizado','2024-11-01 15:19:31',14),(2082,14550,'Não iniciado','Finalizado','2024-11-01 15:34:04',14),(2083,2462,'Não iniciado','Finalizado','2024-11-01 16:03:29',14),(2084,10072,'Em andamento','Finalizado','2024-11-01 18:12:17',4),(2085,10073,'Em andamento','Finalizado','2024-11-01 18:12:22',4),(2086,2926,'Não iniciado','Finalizado','2024-11-01 18:38:47',12),(2087,4599,'Não iniciado','Finalizado','2024-11-01 18:40:29',12),(2088,8340,'Não iniciado','Finalizado','2024-11-01 20:02:51',13),(2089,8342,'Não iniciado','Finalizado','2024-11-01 20:02:51',13),(2090,14999,'Não iniciado','Finalizado','2024-11-01 20:10:21',7),(2091,15039,'Em andamento','Finalizado','2024-11-01 20:13:11',7),(2092,8900,'Não iniciado','Finalizado','2024-11-01 20:27:35',7),(2093,8876,'Não iniciado','Em andamento','2024-11-01 20:28:04',7),(2094,8868,'Não iniciado','Finalizado','2024-11-01 20:28:56',7),(2095,8884,'Não iniciado','Finalizado','2024-11-01 20:29:55',7),(2096,10096,'Em andamento','Finalizado','2024-11-03 17:16:22',4),(2097,10097,'Em andamento','Finalizado','2024-11-03 17:16:22',4),(2098,10080,'Em andamento','Finalizado','2024-11-03 17:16:39',4),(2099,10081,'Em andamento','Finalizado','2024-11-03 17:16:39',4),(2100,8259,'HOLD','Não se aplica','2024-11-04 12:02:40',1),(2101,13065,'HOLD','Em andamento','2024-11-04 12:02:40',1),(2102,13065,'Em andamento','Finalizado','2024-11-04 13:18:21',1),(2103,438,'HOLD','Em andamento','2024-11-04 13:19:32',1),(2104,8182,'Não iniciado','Em andamento','2024-11-04 16:44:30',8),(2105,8246,'Finalizado','Em andamento','2024-11-04 16:45:02',10),(2106,438,'Em andamento','Finalizado','2024-11-04 17:07:14',1),(2107,8260,'Não iniciado','Em andamento','2024-11-04 18:55:49',4),(2108,8303,'Não iniciado','Finalizado','2024-11-04 19:04:06',14),(2109,8343,'Não iniciado','Finalizado','2024-11-04 19:35:49',14),(2110,8276,'Em andamento','Finalizado','2024-11-04 20:25:16',6),(2111,8278,'Não iniciado','Em andamento','2024-11-04 20:25:16',6),(2112,9985,'Não iniciado','Finalizado','2024-11-04 22:17:20',5),(2113,8260,'Em andamento','Finalizado','2024-11-04 22:40:25',4),(2114,8284,'Não iniciado','Em andamento','2024-11-05 10:48:30',4),(2115,8292,'Não iniciado','Em andamento','2024-11-05 10:48:46',4);
/*!40000 ALTER TABLE `log_alteracoes` ENABLE KEYS */;
UNLOCK TABLES;

--
-- Table structure for table `log_followup`
--

DROP TABLE IF EXISTS `log_followup`;
/*!40101 SET @saved_cs_client     = @@character_set_client */;
/*!50503 SET character_set_client = utf8mb4 */;
CREATE TABLE `log_followup` (
  `id_log` int(11) NOT NULL AUTO_INCREMENT,
  `imagem_id` int(11) NOT NULL,
  `status_anterior` varchar(255) COLLATE utf8mb4_unicode_ci DEFAULT NULL,
  `status_novo` varchar(255) COLLATE utf8mb4_unicode_ci DEFAULT NULL,
  `data` timestamp NOT NULL DEFAULT current_timestamp(),
  PRIMARY KEY (`id_log`),
  KEY `imagem_id` (`imagem_id`),
  CONSTRAINT `log_followup_ibfk_1` FOREIGN KEY (`imagem_id`) REFERENCES `imagens_cliente_obra` (`idimagens_cliente_obra`)
) ENGINE=InnoDB AUTO_INCREMENT=269 DEFAULT CHARSET=utf8mb4 COLLATE=utf8mb4_unicode_ci;
/*!40101 SET character_set_client = @saved_cs_client */;

--
-- Dumping data for table `log_followup`
--

LOCK TABLES `log_followup` WRITE;
/*!40000 ALTER TABLE `log_followup` DISABLE KEYS */;
INSERT INTO `log_followup` VALUES (11,1,'5','6','2024-10-10 14:32:33'),(12,215,'3','6','2024-10-10 15:30:53'),(13,215,'6','4','2024-10-10 15:31:16'),(14,215,'4','5','2024-10-10 15:31:39'),(15,215,'5','3','2024-10-10 15:32:21'),(16,215,'3','6','2024-10-10 15:32:38'),(17,575,'7','3','2024-10-11 13:17:41'),(18,574,'7','3','2024-10-11 13:17:44'),(19,592,'7','2','2024-10-15 17:15:23'),(20,58,'2','6','2024-10-15 17:20:55'),(21,59,'2','6','2024-10-15 17:21:13'),(22,62,'7','6','2024-10-15 17:21:47'),(23,94,'7','2','2024-10-16 14:35:00'),(24,95,'7','2','2024-10-16 14:36:13'),(25,61,'2','6','2024-10-16 14:36:47'),(26,114,'9','2','2024-10-16 14:47:24'),(27,115,'9','2','2024-10-16 14:47:24'),(28,116,'9','2','2024-10-16 14:47:24'),(29,117,'9','2','2024-10-16 14:47:24'),(30,118,'9','2','2024-10-16 14:47:24'),(31,119,'9','2','2024-10-16 14:47:24'),(32,120,'9','2','2024-10-16 14:47:24'),(33,121,'9','2','2024-10-16 14:47:24'),(34,122,'9','2','2024-10-16 14:47:24'),(35,123,'9','2','2024-10-16 14:47:24'),(36,124,'9','2','2024-10-16 14:47:24'),(37,125,'9','2','2024-10-16 14:47:24'),(38,126,'9','2','2024-10-16 14:47:24'),(39,127,'9','2','2024-10-16 14:47:24'),(40,128,'9','2','2024-10-16 14:47:24'),(41,129,'9','2','2024-10-16 14:47:24'),(42,130,'9','2','2024-10-16 14:47:24'),(43,131,'9','2','2024-10-16 14:47:24'),(44,132,'9','2','2024-10-16 14:47:24'),(45,133,'9','2','2024-10-16 14:47:24'),(46,134,'9','2','2024-10-16 14:47:24'),(47,135,'9','2','2024-10-16 14:47:24'),(48,136,'9','2','2024-10-16 14:47:24'),(49,137,'9','2','2024-10-16 14:47:24'),(50,138,'9','2','2024-10-16 14:47:24'),(51,139,'9','2','2024-10-16 14:47:24'),(52,140,'9','2','2024-10-16 14:47:24'),(53,141,'9','2','2024-10-16 14:47:24'),(54,142,'9','2','2024-10-16 14:47:24'),(55,143,'9','2','2024-10-16 14:47:24'),(56,144,'9','2','2024-10-16 14:47:24'),(57,145,'9','2','2024-10-16 14:47:24'),(58,146,'9','2','2024-10-16 14:47:24'),(59,147,'9','2','2024-10-16 14:47:24'),(60,148,'9','2','2024-10-16 14:47:24'),(61,149,'9','2','2024-10-16 14:47:24'),(62,150,'9','2','2024-10-16 14:47:24'),(63,151,'9','2','2024-10-16 14:47:24'),(64,152,'9','2','2024-10-16 14:47:24'),(65,153,'9','2','2024-10-16 14:47:24'),(69,594,'7','2','2024-10-22 01:30:15'),(70,60,'7','2','2024-10-22 01:30:41'),(73,22,'9','1','2024-10-23 14:36:28'),(74,23,'9','1','2024-10-23 14:36:33'),(75,24,'9','1','2024-10-23 14:38:28'),(76,25,'9','1','2024-10-23 14:38:32'),(77,26,'9','1','2024-10-23 14:38:34'),(78,27,'9','1','2024-10-23 14:38:37'),(79,28,'9','1','2024-10-23 14:38:40'),(80,29,'9','1','2024-10-23 14:38:43'),(81,277,'2','3','2024-10-23 14:55:45'),(82,272,'2','3','2024-10-23 14:56:02'),(83,274,'2','3','2024-10-23 14:58:38'),(84,368,'9','7','2024-10-23 16:51:41'),(85,366,'9','7','2024-10-23 16:54:35'),(86,367,'9','7','2024-10-23 16:54:51'),(87,369,'9','7','2024-10-23 16:55:17'),(88,359,'7','9','2024-10-23 16:58:49'),(89,360,'7','9','2024-10-23 16:58:51'),(90,361,'7','9','2024-10-23 16:58:54'),(91,362,'7','9','2024-10-23 16:58:57'),(92,363,'7','9','2024-10-23 16:59:00'),(93,364,'7','9','2024-10-23 16:59:03'),(94,499,'7','9','2024-10-23 16:59:48'),(95,500,'7','9','2024-10-23 16:59:55'),(96,501,'7','9','2024-10-23 17:00:03'),(97,502,'7','9','2024-10-23 17:00:10'),(98,504,'7','9','2024-10-23 17:00:53'),(99,511,'7','9','2024-10-23 17:01:11'),(100,512,'7','9','2024-10-23 17:01:28'),(101,513,'7','9','2024-10-23 17:01:45'),(102,514,'7','9','2024-10-23 17:02:08'),(103,515,'7','9','2024-10-23 17:02:28'),(104,516,'7','9','2024-10-23 17:02:46'),(105,517,'7','9','2024-10-23 17:03:00'),(106,518,'7','9','2024-10-23 17:03:23'),(107,519,'7','9','2024-10-23 17:03:39'),(108,520,'7','9','2024-10-23 17:03:55'),(109,521,'7','9','2024-10-23 17:04:15'),(110,522,'7','9','2024-10-23 17:04:35'),(111,523,'7','9','2024-10-23 17:04:58'),(112,524,'7','9','2024-10-23 17:05:15'),(113,525,'7','9','2024-10-23 17:05:27'),(114,526,'7','9','2024-10-23 17:05:43'),(115,505,'7','9','2024-10-23 17:06:09'),(116,506,'7','9','2024-10-23 17:06:24'),(117,507,'7','9','2024-10-23 17:06:46'),(118,508,'7','9','2024-10-23 17:07:10'),(119,509,'7','9','2024-10-23 17:07:24'),(120,510,'7','9','2024-10-23 17:07:46'),(121,527,'7','9','2024-10-23 17:08:08'),(122,528,'7','9','2024-10-23 17:08:28'),(123,529,'7','9','2024-10-23 17:08:42'),(124,530,'7','9','2024-10-23 17:08:47'),(125,531,'7','9','2024-10-23 17:08:53'),(126,534,'7','9','2024-10-23 17:09:34'),(127,533,'7','9','2024-10-23 17:09:37'),(128,503,'7','9','2024-10-23 17:09:54'),(129,532,'7','9','2024-10-23 17:10:21'),(130,54,'7','3','2024-10-23 17:38:34'),(131,55,'7','3','2024-10-23 17:38:45'),(132,56,'7','3','2024-10-23 17:38:48'),(133,63,'7','2','2024-10-23 17:39:14'),(134,72,'7','1','2024-10-23 17:39:44'),(135,73,'7','1','2024-10-23 17:39:46'),(136,78,'7','1','2024-10-23 17:39:48'),(137,79,'7','1','2024-10-23 17:39:51'),(138,80,'7','1','2024-10-23 17:39:53'),(139,64,'7','1','2024-10-23 17:39:56'),(140,228,'7','9','2024-10-23 17:42:07'),(141,227,'7','9','2024-10-23 17:42:10'),(142,219,'2','3','2024-10-23 17:43:07'),(143,216,'3','4','2024-10-23 17:43:18'),(144,215,'6','4','2024-10-23 17:43:29'),(145,225,'2','4','2024-10-23 17:45:22'),(146,54,'3','6','2024-10-23 18:54:26'),(147,56,'3','6','2024-10-23 18:55:42'),(148,65,'3','6','2024-10-23 18:57:11'),(149,69,'2','6','2024-10-23 18:57:31'),(150,71,'2','6','2024-10-23 18:57:43'),(151,72,'1','2','2024-10-23 18:57:58'),(152,73,'1','2','2024-10-23 18:58:01'),(153,70,'3','6','2024-10-24 19:27:34'),(154,93,'7','2','2024-10-24 19:54:41'),(155,234,'1','2','2024-10-24 19:57:21'),(156,84,'3','6','2024-10-24 20:58:12'),(157,85,'3','6','2024-10-24 20:58:19'),(158,66,'3','6','2024-10-25 14:24:16'),(159,55,'3','6','2024-10-25 15:48:21'),(160,57,'2','6','2024-10-25 15:48:51'),(161,594,'2','6','2024-10-25 15:49:21'),(162,613,'7','2','2024-10-25 16:33:19'),(163,87,'3','6','2024-10-25 17:23:08'),(164,92,'3','6','2024-10-25 18:21:45'),(165,60,'2','3','2024-10-25 18:25:29'),(166,64,'1','2','2024-10-28 14:40:57'),(167,78,'1','2','2024-10-28 14:41:32'),(168,79,'1','2','2024-10-28 14:41:41'),(169,80,'1','2','2024-10-28 14:41:47'),(170,104,'7','2','2024-10-28 18:16:06'),(171,101,'7','2','2024-10-28 18:16:34'),(172,82,'2','6','2024-10-28 20:37:56'),(173,81,'3','6','2024-10-28 20:38:03'),(174,83,'2','6','2024-10-28 20:38:07'),(175,88,'2','6','2024-10-28 20:38:24'),(176,90,'2','6','2024-10-28 20:38:29'),(177,592,'2','6','2024-10-28 22:42:12'),(178,67,'3','9','2024-10-28 22:44:21'),(179,76,'3','6','2024-10-28 22:45:07'),(180,75,'3','6','2024-10-28 22:45:17'),(181,89,'3','6','2024-10-28 22:46:20'),(182,417,'7','1','2024-10-30 13:19:09'),(183,418,'7','1','2024-10-30 13:19:12'),(184,419,'7','1','2024-10-30 13:19:15'),(185,420,'7','1','2024-10-30 13:19:18'),(186,421,'7','1','2024-10-30 13:19:22'),(187,422,'7','1','2024-10-30 13:19:24'),(188,423,'7','2','2024-10-30 13:32:00'),(189,424,'7','2','2024-10-30 13:32:03'),(190,425,'7','2','2024-10-30 13:32:07'),(191,426,'7','2','2024-10-30 13:32:10'),(192,427,'7','2','2024-10-30 13:32:13'),(193,428,'7','2','2024-10-30 13:32:17'),(194,429,'7','2','2024-10-30 13:32:21'),(195,430,'7','2','2024-10-30 13:32:23'),(196,431,'7','2','2024-10-30 13:32:27'),(197,432,'7','2','2024-10-30 13:32:30'),(198,433,'7','2','2024-10-30 13:32:34'),(199,434,'7','2','2024-10-30 13:32:40'),(200,435,'7','2','2024-10-30 13:32:43'),(201,436,'7','2','2024-10-30 13:32:48'),(202,437,'7','2','2024-10-30 13:32:54'),(203,438,'7','2','2024-10-30 13:32:57'),(204,439,'7','2','2024-10-30 13:33:00'),(205,440,'7','2','2024-10-30 13:33:03'),(206,441,'7','2','2024-10-30 13:33:06'),(207,442,'7','2','2024-10-30 13:33:09'),(208,443,'7','2','2024-10-30 13:33:13'),(209,444,'7','2','2024-10-30 13:33:17'),(210,445,'7','2','2024-10-30 13:33:20'),(211,446,'7','2','2024-10-30 13:33:23'),(212,447,'7','2','2024-10-30 13:33:27'),(213,448,'7','2','2024-10-30 13:33:32'),(214,449,'7','2','2024-10-30 13:33:35'),(215,450,'7','2','2024-10-30 13:33:38'),(216,451,'7','2','2024-10-30 13:33:42'),(217,615,'7','3','2024-10-30 16:06:27'),(218,616,'7','3','2024-10-30 16:06:30'),(219,617,'7','3','2024-10-30 16:06:33'),(220,618,'7','3','2024-10-30 16:06:36'),(221,330,'7','2','2024-10-30 19:42:27'),(222,331,'7','2','2024-10-30 19:42:58'),(223,336,'7','2','2024-10-30 19:43:46'),(224,340,'7','2','2024-10-31 17:52:41'),(225,452,'7','1','2024-10-31 18:41:58'),(226,453,'7','1','2024-10-31 18:42:01'),(227,342,'7','2','2024-11-01 13:03:06'),(228,225,'4','2','2024-11-01 13:49:46'),(229,229,'1','2','2024-11-01 13:50:22'),(230,60,'3','2','2024-11-01 13:51:12'),(231,100,'7','2','2024-11-01 14:11:05'),(232,103,'7','2','2024-11-01 14:11:30'),(233,102,'7','2','2024-11-01 14:11:49'),(234,105,'7','2','2024-11-01 14:12:08'),(235,99,'7','2','2024-11-01 14:12:27'),(236,110,'7','2','2024-11-01 14:14:02'),(237,109,'7','2','2024-11-01 14:14:20'),(238,111,'7','2','2024-11-01 14:14:45'),(239,619,'7','6','2024-11-01 15:19:31'),(240,602,'7','6','2024-11-01 15:38:06'),(241,273,'2','6','2024-11-01 15:39:22'),(242,284,'2','6','2024-11-01 15:39:35'),(243,278,'2','6','2024-11-01 15:51:21'),(244,280,'2','6','2024-11-01 16:03:29'),(245,283,'2','6','2024-11-01 16:21:27'),(246,288,'2','6','2024-11-01 19:30:55'),(247,287,'2','6','2024-11-01 20:26:06'),(248,285,'2','6','2024-11-01 20:51:09'),(249,294,'2','6','2024-11-04 11:48:36'),(250,295,'2','6','2024-11-04 12:11:10'),(251,293,'2','6','2024-11-04 12:28:14'),(252,272,'3','6','2024-11-04 12:58:23'),(253,216,'4','6','2024-11-04 13:13:23'),(254,215,'4','6','2024-11-04 13:13:28'),(255,225,'2','6','2024-11-04 13:13:38'),(256,237,'1','6','2024-11-04 13:14:18'),(257,180,'1','2','2024-11-04 13:17:28'),(258,181,'1','3','2024-11-04 13:17:37'),(259,182,'1','3','2024-11-04 13:17:48'),(260,183,'2','3','2024-11-04 13:17:54'),(261,184,'2','3','2024-11-04 13:18:00'),(262,185,'2','3','2024-11-04 13:18:04'),(263,186,'2','3','2024-11-04 13:18:09'),(264,291,'2','6','2024-11-04 13:48:07'),(265,345,'7','2','2024-11-04 16:42:44'),(266,350,'7','2','2024-11-04 16:42:52'),(267,282,'2','6','2024-11-04 21:07:12'),(268,339,'7','2','2024-11-05 01:36:53');
/*!40000 ALTER TABLE `log_followup` ENABLE KEYS */;
UNLOCK TABLES;

--
-- Table structure for table `meta_colaborador`
--

DROP TABLE IF EXISTS `meta_colaborador`;
/*!40101 SET @saved_cs_client     = @@character_set_client */;
/*!50503 SET character_set_client = utf8mb4 */;
CREATE TABLE `meta_colaborador` (
  `idmeta_colaborad` int(11) NOT NULL AUTO_INCREMENT,
  `colaborador_id` int(11) DEFAULT NULL,
  `ano` int(4) DEFAULT NULL,
  `meta_imagens` int(11) DEFAULT NULL,
  `meta_animacoes` int(11) DEFAULT NULL,
  PRIMARY KEY (`idmeta_colaborad`),
  KEY `colaborador_id` (`colaborador_id`),
  CONSTRAINT `meta_colaborador_ibfk_1` FOREIGN KEY (`colaborador_id`) REFERENCES `colaborador` (`idcolaborador`)
) ENGINE=InnoDB DEFAULT CHARSET=utf8mb4 COLLATE=utf8mb4_unicode_ci;
/*!40101 SET character_set_client = @saved_cs_client */;

--
-- Dumping data for table `meta_colaborador`
--

LOCK TABLES `meta_colaborador` WRITE;
/*!40000 ALTER TABLE `meta_colaborador` DISABLE KEYS */;
/*!40000 ALTER TABLE `meta_colaborador` ENABLE KEYS */;
UNLOCK TABLES;

--
-- Table structure for table `meta_funcao`
--

DROP TABLE IF EXISTS `meta_funcao`;
/*!40101 SET @saved_cs_client     = @@character_set_client */;
/*!50503 SET character_set_client = utf8mb4 */;
CREATE TABLE `meta_funcao` (
  `idmeta_funcao` int(11) NOT NULL AUTO_INCREMENT,
  `funcao_id` int(11) DEFAULT NULL,
  `ano` int(4) DEFAULT NULL,
  `meta_imagens` int(11) DEFAULT NULL,
  `meta_animacoes` int(11) DEFAULT NULL,
  PRIMARY KEY (`idmeta_funcao`),
  KEY `funcao_id` (`funcao_id`),
  CONSTRAINT `meta_funcao_ibfk_1` FOREIGN KEY (`funcao_id`) REFERENCES `funcao` (`idfuncao`)
) ENGINE=InnoDB AUTO_INCREMENT=7 DEFAULT CHARSET=utf8mb4 COLLATE=utf8mb4_unicode_ci;
/*!40101 SET character_set_client = @saved_cs_client */;

--
-- Dumping data for table `meta_funcao`
--

LOCK TABLES `meta_funcao` WRITE;
/*!40000 ALTER TABLE `meta_funcao` DISABLE KEYS */;
INSERT INTO `meta_funcao` VALUES (1,1,2024,150,150),(2,2,2024,270,270),(3,3,2024,300,300),(4,4,2024,300,300),(5,5,2024,350,350),(6,7,2024,110,30);
/*!40000 ALTER TABLE `meta_funcao` ENABLE KEYS */;
UNLOCK TABLES;

--
-- Table structure for table `meta_geral`
--

DROP TABLE IF EXISTS `meta_geral`;
/*!40101 SET @saved_cs_client     = @@character_set_client */;
/*!50503 SET character_set_client = utf8mb4 */;
CREATE TABLE `meta_geral` (
  `idmeta_geral` int(11) NOT NULL AUTO_INCREMENT,
  `meta_total` int(11) DEFAULT NULL,
  `progresso_atual` int(11) DEFAULT 0,
  `data_inicial` date DEFAULT NULL,
  `data_final` date DEFAULT NULL,
  PRIMARY KEY (`idmeta_geral`)
) ENGINE=InnoDB DEFAULT CHARSET=utf8mb4 COLLATE=utf8mb4_unicode_ci;
/*!40101 SET character_set_client = @saved_cs_client */;

--
-- Dumping data for table `meta_geral`
--

LOCK TABLES `meta_geral` WRITE;
/*!40000 ALTER TABLE `meta_geral` DISABLE KEYS */;
/*!40000 ALTER TABLE `meta_geral` ENABLE KEYS */;
UNLOCK TABLES;

--
-- Table structure for table `notificacoes`
--

DROP TABLE IF EXISTS `notificacoes`;
/*!40101 SET @saved_cs_client     = @@character_set_client */;
/*!50503 SET character_set_client = utf8mb4 */;
CREATE TABLE `notificacoes` (
  `id` int(11) NOT NULL AUTO_INCREMENT,
  `mensagem` text COLLATE utf8mb4_unicode_ci NOT NULL,
  `data_criacao` timestamp NOT NULL DEFAULT current_timestamp(),
  `tipo_notificacao` varchar(10) COLLATE utf8mb4_unicode_ci NOT NULL,
  `obra_id` int(11) DEFAULT NULL,
  PRIMARY KEY (`id`),
  KEY `obra_id` (`obra_id`),
  CONSTRAINT `notificacoes_ibfk_1` FOREIGN KEY (`obra_id`) REFERENCES `obra` (`idobra`)
) ENGINE=InnoDB AUTO_INCREMENT=282 DEFAULT CHARSET=utf8mb4 COLLATE=utf8mb4_unicode_ci;
/*!40101 SET character_set_client = @saved_cs_client */;

--
-- Dumping data for table `notificacoes`
--

LOCK TABLES `notificacoes` WRITE;
/*!40000 ALTER TABLE `notificacoes` DISABLE KEYS */;
INSERT INTO `notificacoes` VALUES (2,'Status atualizado para a imagem 1 na obra 1','2024-10-04 16:33:19','pos',NULL),(3,'Status atualizado para a imagem \'Imagem não encontrada\' na obra \'Obra não encontrada\' na data 2024-10-04','2024-10-04 18:02:11','pos',NULL),(4,'Status atualizado para a imagem \'Imagem não encontrada\' na obra \'Obra não encontrada\' na data 2024-10-04 20:03','2024-10-04 18:04:04','pos',NULL),(5,'Status atualizado para a imagem \'Imagem não encontrada\' na obra \'Obra não encontrada\' na data 2024-10-04 15:05','2024-10-04 18:05:41','pos',NULL),(6,'Status atualizado para a imagem \'1. MSA_SQU Fotomontagem aérea com inserção do empreendimento em terreno real ângulo 1\' na obra \'SQU\' na data 2024-10-04 15:05','2024-10-04 18:06:17','pos',1),(7,'Status não começou para a imagem \'1. MSA_SQU Fotomontagem aérea com inserção do empreendimento em terreno real ângulo 1\' na obra \'SQU\' na data 2024-10-04 15:07','2024-10-04 18:07:42','pos',1),(8,'Status não começou para a imagem 49 na obra 3 na data 2024-10-04','2024-10-04 18:11:58','pos',NULL),(9,'Status atualizado para a imagem \'3. INO_TAB Fachada lateral esquerda (terreno é de esquina)\' na obra \'TAB\' na data 2024-10-04 16:02','2024-10-04 19:02:54','pos',1),(10,'Status atualizado para a imagem \'19. RDO_VIL Quiosque+quadra\' na obra \'VIL\' na data 2024-10-04 16:29','2024-10-04 19:29:07','pos',1),(11,'Status atualizado para a imagem \'18. RDO_VIL Market\' na obra \'VIL\' na data 2024-10-04 16:55','2024-10-04 19:55:11','pos',3),(12,'Status não começou para a imagem \'17. RDO_VIL Academia\' na obra \'VIL\' na data 2024-10-04 17:16','2024-10-04 20:16:26','pos',3),(13,'Status atualizado para a imagem \'15. RDO_VIL Piscina aquecida\' na obra \'VIL\' na data 2024-10-04 18:04','2024-10-04 21:04:09','pos',3),(14,'Status atualizado para a imagem \'3. PHA_NET Fotomontagem foco 20\' na obra \'NET\' na data 2024-10-04 19:54','2024-10-04 22:54:19','pos',4),(15,'Status atualizado para a imagem \'17. RDO_VIL Academia\' na obra \'VIL\' na data 2024-10-07 09:15','2024-10-07 12:15:49','pos',3),(16,'Status atualizado para a imagem \'19. DOM_MOR Apto vista suite - L03 - TORRE B\' na obra \'MOR\' na data 2024-10-07 14:02','2024-10-07 17:02:40','pos',8),(17,'Status não começou para a imagem \'2. INO_TAB Fachada diagonal vindo do mar\' na obra \'TAB\' na data 2024-10-07 15:35','2024-10-07 18:35:37','pos',13),(18,'Status não começou para a imagem \'20. INO_TAB Sacada com vista 1 – apartamentos da frente - explorando vista mar\' na obra \'TAB\' na data 2024-10-07 15:36','2024-10-07 18:36:26','pos',13),(19,'Status não começou para a imagem \'1. INO_TAB Fotomontagem com empreendimento no terreno real\' na obra \'TAB\' na data 2024-10-07 15:37','2024-10-07 18:37:03','pos',13),(20,'Status não começou para a imagem \'1. INO_TAB Fotomontagem com empreendimento no terreno real\' na obra \'TAB\' na data 2024-10-07 15:37','2024-10-07 18:37:45','pos',13),(21,'Status não começou para a imagem \'1. INO_TAB Fotomontagem com empreendimento no terreno real\' na obra \'TAB\' na data 2024-10-07 15:39','2024-10-07 18:39:10','pos',13),(22,'Status não começou para a imagem \'14. INO_TAB Hall de entrada\' na obra \'TAB\' na data 2024-10-07 15:41','2024-10-07 18:41:51','pos',13),(23,'Status atualizado para a imagem \'2. INO_TAB Fachada diagonal vindo do mar\' na obra \'TAB\' na data 2024-10-07 16:00','2024-10-07 19:00:07','pos',13),(24,'Status atualizado para a imagem \'14. INO_TAB Hall de entrada\' na obra \'TAB\' na data 2024-10-07 16:34','2024-10-07 19:34:35','pos',13),(25,'Status não começou para a imagem \'14. INO_TAB Hall de entrada\' na obra \'TAB\' na data 2024-10-07 16:39','2024-10-07 19:39:29','pos',13),(26,'Status atualizado para a imagem \'14. INO_TAB Hall de entrada\' na obra \'TAB\' na data 2024-10-07 17:00','2024-10-07 20:00:46','pos',13),(27,'Status não começou para a imagem \'20. INO_TAB Sacada com vista 1 – apartamentos da frente - explorando vista mar\' na obra \'TAB\' na data 2024-10-07 17:00','2024-10-07 20:00:56','pos',13),(28,'Status atualizado para a imagem \'20. INO_TAB Sacada com vista 1 – apartamentos da frente - explorando vista mar\' na obra \'TAB\' na data 2024-10-07 17:01','2024-10-07 20:01:03','pos',13),(29,'Status atualizado para a imagem \'13. INO_TAB Playground com terraço de lazer\' na obra \'TAB\' na data 2024-10-07 17:46','2024-10-07 20:46:27','pos',13),(30,'Status atualizado para a imagem \'19. DOM_MOR Apto vista suite - L03 - TORRE B\' na obra \'MOR\' na data 2024-10-08 10:57','2024-10-08 13:57:47','pos',8),(31,'Status não começou para a imagem \'23. DOM_MOR Detalhe/conceito vista mar da suíte / cortina\' na obra \'MOR\' na data 2024-10-08 13:01','2024-10-08 16:01:07','pos',8),(32,'Status atualizado para a imagem \'23. DOM_MOR Detalhe/conceito vista mar da suíte / cortina\' na obra \'MOR\' na data 2024-10-08 17:30','2024-10-08 20:30:22','pos',8),(33,'Status não começou para a imagem \'11. HSA_WIN  Espaço poker\' na obra \'WIN\' na data 2024-10-10 13:07','2024-10-10 16:07:17','pos',6),(34,'Status não começou para a imagem \'1. HSA_WIN Fotomontagem aérea com inserção da torre em terreno real\' na obra \'WIN\' na data 2024-10-10 14:42','2024-10-10 17:42:15','pos',6),(35,'Status não começou para a imagem \'11. HSA_WIN  Espaço poker\' na obra \'WIN\' na data 2024-10-10 14:45','2024-10-10 17:45:08','pos',6),(36,'Status não começou para a imagem \'10. HSA_WIN Sala de jogos\' na obra \'WIN\' na data 2024-10-10 14:45','2024-10-10 17:45:37','pos',6),(37,'Status atualizado para a imagem \'11. HSA_WIN  Espaço poker\' na obra \'WIN\' na data 2024-10-10 16:21','2024-10-10 19:21:00','pos',6),(38,'Status atualizado para a imagem \'10. HSA_WIN Sala de jogos\' na obra \'WIN\' na data 2024-10-10 16:40','2024-10-10 19:40:34','pos',6),(39,'Status não começou para a imagem \'6. FG_TRI Fachada no angulo do observador de baixo - Sunset\' na obra \'TRI\' na data 2024-10-11 09:32','2024-10-11 12:32:34','pos',18),(40,'Status não começou para a imagem \'2. FG_TRI_Fotomontagem_RSVI7835\r\n\' na obra \'TRI\' na data 2024-10-11 12:19','2024-10-11 15:19:04','pos',16),(41,'Status não começou para a imagem \'3. FG_TRI_Fotomontagem_RSVI8085\r\n\' na obra \'TRI\' na data 2024-10-11 12:19','2024-10-11 15:19:49','pos',16),(42,'Status não começou para a imagem \'1. FG_TRI Fachada no angulo do observador de baixo - Diurna\' na obra \'TRI\' na data 2024-10-11 12:20','2024-10-11 15:20:21','pos',18),(43,'Status atualizado para a imagem \'6. FG_TRI Fachada no angulo do observador de baixo - Sunset\' na obra \'TRI\' na data 2024-10-11 13:58','2024-10-11 16:58:24','pos',18),(44,'Status não começou para a imagem \'23. DOM_MOR Detalhe/conceito vista mar da suíte / cortina\' na obra \'MOR\' na data 2024-10-11 14:57','2024-10-11 17:57:37','pos',8),(45,'Status não começou para a imagem \'23. DOM_MOR Detalhe/conceito vista mar da suíte / cortina\' na obra \'MOR\' na data 2024-10-11 14:58','2024-10-11 17:58:53','pos',8),(46,'Status não começou para a imagem \'3. DOM_MOR Externa Fundos com acesso rua\' na obra \'MOR\' na data 2024-10-11 15:09','2024-10-11 18:09:22','pos',8),(47,'Status não começou para a imagem \'2. DOM_MOR Externa Lateral com piscina\' na obra \'MOR\' na data 2024-10-11 16:03','2024-10-11 19:03:14','pos',8),(48,'Status atualizado para a imagem \'1. FG_TRI Fachada no angulo do observador de baixo - Diurna\' na obra \'TRI\' na data 2024-10-11 16:06','2024-10-11 19:06:44','pos',18),(49,'Status atualizado para a imagem \'2. FG_TRI_Fotomontagem_RSVI7835\r\n\' na obra \'TRI\' na data 2024-10-11 17:23','2024-10-11 20:23:45','pos',16),(50,'Status atualizado para a imagem \'3. FG_TRI_Fotomontagem_RSVI8085\r\n\' na obra \'TRI\' na data 2024-10-11 18:02','2024-10-11 21:02:04','pos',16),(51,'Status não começou para a imagem \'23. DOM_MOR Detalhe/conceito vista mar da suíte / cortina\' na obra \'MOR\' na data 2024-10-14 10:25','2024-10-14 13:25:15','pos',8),(52,'Status atualizado para a imagem \'23. DOM_MOR Detalhe/conceito vista mar da suíte / cortina\' na obra \'MOR\' na data 2024-10-14 10:25','2024-10-14 13:25:45','pos',8),(53,'Status não começou para a imagem \'13. HSA_WIN Hall de entrada\' na obra \'WIN\' na data 2024-10-14 11:12','2024-10-14 14:12:33','pos',6),(54,'Status atualizado para a imagem \'2. DOM_MOR Externa Lateral com piscina\' na obra \'MOR\' na data 2024-10-14 11:38','2024-10-14 14:38:58','pos',8),(55,'Status atualizado para a imagem \'3. DOM_MOR Externa Fundos com acesso rua\' na obra \'MOR\' na data 2024-10-14 12:26','2024-10-14 15:26:05','pos',8),(56,'Status atualizado para a imagem \'13. HSA_WIN Hall de entrada\' na obra \'WIN\' na data 2024-10-14 12:43','2024-10-14 15:43:19','pos',6),(57,'Status não começou para a imagem \'18. PHA_NET Salão festas\' na obra \'NET\' na data 2024-10-14 18:22','2024-10-14 21:22:32','pos',4),(58,'Status não começou para a imagem \'5. PHA_NET Embasamento frontal\' na obra \'NET\' na data 2024-10-14 18:23','2024-10-14 21:23:45','pos',4),(59,'Status não começou para a imagem \'12. PHA_NET Piscina adulto\' na obra \'NET\' na data 2024-10-14 19:57','2024-10-14 22:57:23','pos',4),(60,'Status não começou para a imagem \'16. PHA_NET Academia\' na obra \'NET\' na data 2024-10-14 21:39','2024-10-15 00:39:10','pos',4),(61,'Status não começou para a imagem \'5. PHA_NET Embasamento frontal\' na obra \'NET\' na data 2024-10-15 08:21','2024-10-15 11:21:32','pos',4),(62,'Status não começou para a imagem \'6. PHA_NET Fachada diurna\' na obra \'NET\' na data 2024-10-15 08:22','2024-10-15 11:22:42','pos',4),(63,'Status não começou para a imagem \'9. PHA_NET Boulevard 2\' na obra \'NET\' na data 2024-10-15 08:23','2024-10-15 11:23:12','pos',4),(64,'Status não começou para a imagem \'6. PHA_NET Fachada diurna\' na obra \'NET\' na data 2024-10-15 08:23','2024-10-15 11:23:22','pos',4),(65,'Status não começou para a imagem \'9. PHA_NET Boulevard 2\' na obra \'NET\' na data 2024-10-15 08:23','2024-10-15 11:23:26','pos',4),(66,'Status não começou para a imagem \'9. PHA_NET Boulevard 2\' na obra \'NET\' na data 2024-10-15 08:24','2024-10-15 11:24:16','pos',4),(67,'Status não começou para a imagem \'6. PHA_NET Fachada diurna\' na obra \'NET\' na data 2024-10-15 08:25','2024-10-15 11:25:19','pos',4),(68,'Status não começou para a imagem \'5. PHA_NET Embasamento frontal\' na obra \'NET\' na data 2024-10-15 08:26','2024-10-15 11:26:23','pos',4),(69,'Status atualizado para a imagem \'16. PHA_NET Academia\' na obra \'NET\' na data 2024-10-15 08:44','2024-10-15 11:44:56','pos',4),(70,'Status atualizado para a imagem \'5. PHA_NET Embasamento frontal\' na obra \'NET\' na data 2024-10-15 09:43','2024-10-15 12:43:05','pos',4),(71,'Status atualizado para a imagem \'6. PHA_NET Fachada diurna\' na obra \'NET\' na data 2024-10-15 10:48','2024-10-15 13:48:29','pos',4),(72,'Status não começou para a imagem \'8. INO_TAB Salão Gourmet frente\' na obra \'TAB\' na data 2024-10-15 11:07','2024-10-15 14:07:40','pos',13),(73,'Status atualizado para a imagem \'9. PHA_NET Boulevard 2\' na obra \'NET\' na data 2024-10-15 11:31','2024-10-15 14:31:15','pos',4),(74,'Status não começou para a imagem \'1. PHA_NET Fotomontagem 1\' na obra \'NET\' na data 2024-10-15 11:41','2024-10-15 14:41:43','pos',4),(75,'Status atualizado para a imagem \'12. PHA_NET Piscina adulto\' na obra \'NET\' na data 2024-10-15 12:04','2024-10-15 15:04:22','pos',4),(76,'Status atualizado para a imagem \'18. PHA_NET Salão festas\' na obra \'NET\' na data 2024-10-15 12:04','2024-10-15 15:04:56','pos',4),(77,'Status atualizado para a imagem \'1. PHA_NET Fotomontagem 1\' na obra \'NET\' na data 2024-10-15 13:46','2024-10-15 16:46:47','pos',4),(78,'Status atualizado para a imagem \'8. INO_TAB Salão Gourmet frente\' na obra \'TAB\' na data 2024-10-15 13:55','2024-10-15 16:55:05','pos',13),(79,'Status não começou para a imagem \'40. PHA_NET Embasamento extra\' na obra \'NET\' na data 2024-10-15 14:02','2024-10-15 17:02:15','pos',4),(80,'Status não começou para a imagem \'40. PHA_NET Embasamento extra\' na obra \'NET\' na data 2024-10-15 14:02','2024-10-15 17:02:36','pos',4),(81,'Status não começou para a imagem \'7. HSA_WIN Gourmet da piscina\' na obra \'WIN\' na data 2024-10-15 14:49','2024-10-15 17:49:32','pos',6),(82,'Status não começou para a imagem \'8. PHA_NET Boulevard 1\' na obra \'NET\' na data 2024-10-16 08:07','2024-10-16 11:07:48','pos',4),(83,'Status não começou para a imagem \'8. PHA_NET Boulevard 1\' na obra \'NET\' na data 2024-10-16 08:08','2024-10-16 11:08:02','pos',4),(84,'Status não começou para a imagem \'8. PHA_NET Boulevard 1\' na obra \'NET\' na data 2024-10-16 08:50','2024-10-16 11:50:37','pos',4),(85,'Status não começou para a imagem \'8. PHA_NET Boulevard 1\' na obra \'NET\' na data 2024-10-16 08:50','2024-10-16 11:50:52','pos',4),(86,'Status atualizado para a imagem \'9. PHA_NET Boulevard 2\' na obra \'NET\' na data 2024-10-16 10:42','2024-10-16 13:42:58','pos',4),(87,'Status não começou para a imagem \'2. HSA_WIN Fachada diurna no angulo do observador (portfólio)\' na obra \'WIN\' na data 2024-10-16 11:17','2024-10-16 14:17:34','pos',6),(88,'Status não começou para a imagem \'2. HSA_WIN Fachada diurna no angulo do observador (portfólio)\' na obra \'WIN\' na data 2024-10-16 11:17','2024-10-16 14:17:46','pos',6),(89,'Status atualizado para a imagem \'8. PHA_NET Boulevard 1\' na obra \'NET\' na data 2024-10-16 11:23','2024-10-16 14:23:29','pos',4),(90,'Status não começou para a imagem \'3. HSA_WIN Fachada noturna\' na obra \'WIN\' na data 2024-10-16 11:27','2024-10-16 14:27:51','pos',6),(91,'Status atualizado para a imagem \'40. PHA_NET Embasamento extra\' na obra \'NET\' na data 2024-10-16 12:12','2024-10-16 15:12:45','pos',4),(92,'Status atualizado para a imagem \'7. HSA_WIN Gourmet da piscina\' na obra \'WIN\' na data 2024-10-16 13:49','2024-10-16 16:49:44','pos',6),(93,'Status não começou para a imagem \'3. PHA_NET Fotomontagem foco 20\' na obra \'NET\' na data 2024-10-17 05:39','2024-10-17 08:39:19','pos',4),(94,'Status atualizado para a imagem \'3. PHA_NET Fotomontagem foco 20\' na obra \'NET\' na data 2024-10-17 09:06','2024-10-17 12:06:59','pos',4),(95,'Status atualizado para a imagem \'3. HSA_WIN Fachada noturna\' na obra \'WIN\' na data 2024-10-17 10:21','2024-10-17 13:21:55','pos',6),(96,'Status atualizado para a imagem \'2. HSA_WIN Fachada diurna no angulo do observador (portfólio)\' na obra \'WIN\' na data 2024-10-17 11:17','2024-10-17 14:17:50','pos',6),(97,'Status não começou para a imagem \'23. DOM_MOR Detalhe/conceito vista mar da suíte / cortina\' na obra \'MOR\' na data 2024-10-21 10:16','2024-10-21 13:16:10','pos',8),(98,'Status não começou para a imagem \'41. PHA_NET Fotomontagem noturna\' na obra \'NET\' na data 2024-10-22 08:05','2024-10-22 11:06:00','pos',4),(99,'Status atualizado para a imagem \'23. DOM_MOR Detalhe/conceito vista mar da suíte / cortina\' na obra \'MOR\' na data 2024-10-22 10:15','2024-10-22 13:15:35','pos',8),(100,'Status não começou para a imagem \'2. DOM_MOR Externa Lateral com piscina\' na obra \'MOR\' na data 2024-10-22 10:51','2024-10-22 13:51:05','pos',8),(101,'Status atualizado para a imagem \'41. PHA_NET Fotomontagem noturna\' na obra \'NET\' na data 2024-10-22 11:26','2024-10-22 14:26:56','pos',4),(102,'Status atualizado para a imagem \'2. DOM_MOR Externa Lateral com piscina\' na obra \'MOR\' na data 2024-10-22 12:29','2024-10-22 15:29:16','pos',8),(103,'Status não começou para a imagem \'9. HSA_WIN Salão de festas\' na obra \'WIN\' na data 2024-10-22 15:21','2024-10-22 18:21:36','pos',6),(104,'Status não começou para a imagem \'12. HSA_WIN Espaço kids\' na obra \'WIN\' na data 2024-10-22 16:07','2024-10-22 19:07:37','pos',6),(105,'Status não começou para a imagem \'5. PHA_NET Embasamento frontal\' na obra \'NET\' na data 2024-10-22 17:11','2024-10-22 20:11:32','pos',4),(106,'Status não começou para a imagem \'12. DOM_MOR Interno Piscina aquecida\' na obra \'MOR\' na data 2024-10-23 10:23','2024-10-23 13:23:42','pos',8),(107,'Status atualizado para a imagem \'12. DOM_MOR Interno Piscina aquecida\' na obra \'MOR\' na data 2024-10-23 13:09','2024-10-23 16:09:28','pos',8),(108,'Status atualizado para a imagem \'5. PHA_NET Embasamento frontal\' na obra \'NET\' na data 2024-10-23 13:42','2024-10-23 16:42:31','pos',4),(109,'Status atualizado para a imagem \'9. HSA_WIN Salão de festas\' na obra \'WIN\' na data 2024-10-23 13:43','2024-10-23 16:43:33','pos',6),(110,'Status atualizado para a imagem \'12. HSA_WIN Espaço kids\' na obra \'WIN\' na data 2024-10-23 14:07','2024-10-23 17:07:38','pos',6),(111,'Status não começou para a imagem \'18. HSA_WIN Living do apartamento tipo 1 - Ângulo 2\' na obra \'WIN\' na data 2024-10-23 15:24','2024-10-23 18:24:44','pos',6),(112,'Status atualizado para a imagem \'18. HSA_WIN Living do apartamento tipo 1 - Ângulo 2\' na obra \'WIN\' na data 2024-10-23 17:32','2024-10-23 20:32:08','pos',6),(113,'Status não começou para a imagem \'17. HSA_WIN Living do apartamento tipo 1 - Geral\' na obra \'WIN\' na data 2024-10-23 20:10','2024-10-23 23:10:03','pos',6),(114,'Status atualizado para a imagem \'17. HSA_WIN Living do apartamento tipo 1 - Geral\' na obra \'WIN\' na data 2024-10-24 09:36','2024-10-24 12:36:46','pos',6),(115,'Status não começou para a imagem \'15. PHA_NET SPA/Sauna\' na obra \'NET\' na data 2024-10-24 09:51','2024-10-24 12:51:46','pos',4),(116,'Status não começou para a imagem \'21. PHA_NET Lâmina água\' na obra \'NET\' na data 2024-10-24 11:20','2024-10-24 14:20:58','pos',4),(117,'Status não começou para a imagem \'25. PHA_NET Coworking\' na obra \'NET\' na data 2024-10-24 12:27','2024-10-24 15:27:12','pos',4),(126,'Prazo para Entrega tarefa na obra: UPP, com prazo até 2024-10-30.','2024-10-24 16:53:05','entrega',20),(127,'Status não começou para a imagem \'14. MSA_SQU Suíte do apartamento tipo (unidade à definir)\' na obra \'SQU\' na data 2024-10-24 13:58','2024-10-24 16:58:28','pos',1),(129,'Status atualizado para a imagem \'25. PHA_NET Coworking\' na obra \'NET\' na data 2024-10-24 14:33','2024-10-24 17:33:02','pos',4),(130,'Status atualizado para a imagem \'21. PHA_NET Lâmina água\' na obra \'NET\' na data 2024-10-24 15:26','2024-10-24 18:26:57','pos',4),(131,'Status não começou para a imagem \'23. PHA_NET Playground\' na obra \'NET\' na data 2024-10-24 15:51','2024-10-24 18:51:28','pos',4),(132,'Status não começou para a imagem \'17. PHA_NET Brinquedoteca\' na obra \'NET\' na data 2024-10-24 16:32','2024-10-24 19:32:04','pos',4),(133,'Status não começou para a imagem \'19. PHA_NET Gourmet\' na obra \'NET\' na data 2024-10-24 16:59','2024-10-24 19:59:52','pos',4),(134,'Status não começou para a imagem \'31. PHA_NET Living apto K fechada\' na obra \'NET\' na data 2024-10-24 17:27','2024-10-24 20:27:03','pos',4),(135,'Status atualizado para a imagem \'15. PHA_NET SPA/Sauna\' na obra \'NET\' na data 2024-10-24 17:33','2024-10-24 20:33:47','pos',4),(136,'Status não começou para a imagem \'32. PHA_NET Living apto F aberta\' na obra \'NET\' na data 2024-10-24 17:57','2024-10-24 20:57:56','pos',4),(137,'Status não começou para a imagem \'2. PHA_NET Fotomontagem 2\' na obra \'NET\' na data 2024-10-25 06:26','2024-10-25 09:26:58','pos',4),(138,'Status atualizado para a imagem \'14. MSA_SQU Suíte do apartamento tipo (unidade à definir)\' na obra \'SQU\' na data 2024-10-25 08:54','2024-10-25 11:54:56','pos',1),(139,'Status não começou para a imagem \'19. PHA_NET Gourmet\' na obra \'NET\' na data 2024-10-25 10:26','2024-10-25 13:26:02','pos',NULL),(140,'Status atualizado para a imagem \'2. PHA_NET Fotomontagem 2\' na obra \'NET\' na data 2024-10-25 10:40','2024-10-25 13:40:02','pos',NULL),(141,'Status não começou para a imagem \'13. PHA_NET Área deck\' na obra \'NET\' na data 2024-10-25 11:24','2024-10-25 14:24:59','pos',NULL),(142,'Status não começou para a imagem \'20. PHA_NET Lounge gourmet\' na obra \'NET\' na data 2024-10-25 12:27','2024-10-25 15:27:45','pos',NULL),(143,'Status atualizado para a imagem \'19. PHA_NET Gourmet\' na obra \'NET\' na data 2024-10-25 12:29','2024-10-25 15:29:31','pos',NULL),(144,'Status não começou para a imagem \'22. PHA_NET Area fogo\' na obra \'NET\' na data 2024-10-25 12:34','2024-10-25 15:34:23','pos',NULL),(145,'Status não começou para a imagem \'22. PHA_NET Area fogo\' na obra \'NET\' na data 2024-10-25 12:35','2024-10-25 15:35:36','pos',NULL),(146,'Status não começou para a imagem \'4. PHA_NET Fachada observador\' na obra \'NET\' na data 2024-10-25 12:36','2024-10-25 15:36:13','pos',NULL),(147,'Status não começou para a imagem \'34. PHA_NET Jardim apto J\' na obra \'NET\' na data 2024-10-25 14:23','2024-10-25 17:23:51','pos',NULL),(148,'Status não começou para a imagem \'39. PHA_NET Living apto Q\' na obra \'NET\' na data 2024-10-25 15:22','2024-10-25 18:22:44','pos',NULL),(149,'Status não começou para a imagem \'7. PHA_NET Fachada angular noturna\' na obra \'NET\' na data 2024-10-25 15:28','2024-10-25 18:28:42','pos',NULL),(150,'Status não começou para a imagem \'42. PHA_NET Embasamento extra 2\' na obra \'NET\' na data 2024-10-25 15:30','2024-10-25 18:30:38','pos',NULL),(151,'Status atualizado para a imagem \'23. PHA_NET Playground\' na obra \'NET\' na data 2024-10-25 15:35','2024-10-25 18:35:49','pos',NULL),(152,'Status atualizado para a imagem \'17. PHA_NET Brinquedoteca\' na obra \'NET\' na data 2024-10-25 16:01','2024-10-25 19:01:42','pos',NULL),(153,'Status não começou para a imagem \'27. PHA_NET Sala de jogos\' na obra \'NET\' na data 2024-10-25 16:42','2024-10-25 19:42:09','pos',NULL),(154,'Status não começou para a imagem \'24. PHA_NET Lounge externo\' na obra \'NET\' na data 2024-10-25 16:57','2024-10-25 19:57:25','pos',NULL),(155,'Status atualizado para a imagem \'31. PHA_NET Living apto K fechada\' na obra \'NET\' na data 2024-10-25 17:21','2024-10-25 20:21:51','pos',NULL),(156,'Status atualizado para a imagem \'32. PHA_NET Living apto F aberta\' na obra \'NET\' na data 2024-10-25 18:07','2024-10-25 21:07:20','pos',NULL),(157,'Status atualizado para a imagem \'42. PHA_NET Embasamento extra 2\' na obra \'NET\' na data 2024-10-25 19:46','2024-10-25 22:46:59','pos',NULL),(158,'Status atualizado para a imagem \'27. PHA_NET Sala de jogos\' na obra \'NET\' na data 2024-10-26 15:57','2024-10-26 18:57:03','pos',NULL),(159,'Status atualizado para a imagem \'20. PHA_NET Lounge gourmet\' na obra \'NET\' na data 2024-10-26 17:56','2024-10-26 20:56:17','pos',NULL),(160,'Status atualizado para a imagem \'24. PHA_NET Lounge externo\' na obra \'NET\' na data 2024-10-26 19:16','2024-10-26 22:16:23','pos',NULL),(161,'Status atualizado para a imagem \'4. PHA_NET Fachada observador\' na obra \'NET\' na data 2024-10-27 14:02','2024-10-27 17:02:11','pos',NULL),(162,'Status atualizado para a imagem \'7. PHA_NET Fachada angular noturna\' na obra \'NET\' na data 2024-10-27 21:21','2024-10-28 00:21:52','pos',NULL),(163,'Status atualizado para a imagem \'39. PHA_NET Living apto Q\' na obra \'NET\' na data 2024-10-27 21:52','2024-10-28 00:52:51','pos',NULL),(164,'Status não começou para a imagem \'22. PHA_NET Area fogo\' na obra \'NET\' na data 2024-10-28 07:04','2024-10-28 10:04:16','pos',NULL),(165,'Status atualizado para a imagem \'13. PHA_NET Área deck\' na obra \'NET\' na data 2024-10-28 08:44','2024-10-28 11:44:07','pos',NULL),(166,'Status atualizado para a imagem \'34. PHA_NET Jardim apto J\' na obra \'NET\' na data 2024-10-28 09:15','2024-10-28 12:15:54','pos',NULL),(167,'Status atualizado para a imagem \'22. PHA_NET Area fogo\' na obra \'NET\' na data 2024-10-28 10:03','2024-10-28 13:03:23','pos',NULL),(168,'Status atualizado para a imagem \'26. PHA_NET Wine bar\' na obra \'NET\' na data 2024-10-28 11:09','2024-10-28 14:09:01','pos',NULL),(169,'Status não começou para a imagem \'36. PHA_NET Living apto G\' na obra \'NET\' na data 2024-10-28 11:32','2024-10-28 14:32:39','pos',NULL),(170,'Status não começou para a imagem \'11. PHA_NET Hall entrada + mini market\' na obra \'NET\' na data 2024-10-28 14:47','2024-10-28 17:47:17','pos',NULL),(171,'Status não começou para a imagem \'11. PHA_NET Hall entrada + mini market\' na obra \'NET\' na data 2024-10-28 14:50','2024-10-28 17:50:33','pos',NULL),(172,'Status não começou para a imagem \'26. PHA_NET Wine bar\' na obra \'NET\' na data 2024-10-28 14:53','2024-10-28 17:53:32','pos',NULL),(173,'Status não começou para a imagem \'10. PHA_NET Boulevard Noturno\' na obra \'NET\' na data 2024-10-28 17:29','2024-10-28 20:29:43','pos',NULL),(174,'Status não começou para a imagem \'10. PHA_NET Boulevard Noturno\' na obra \'NET\' na data 2024-10-28 17:29','2024-10-28 20:29:56','pos',NULL),(175,'Status atualizado para a imagem \'36. PHA_NET Living apto G\' na obra \'NET\' na data 2024-10-28 17:33','2024-10-28 20:33:10','pos',NULL),(176,'Status atualizado para a imagem \'26. PHA_NET Wine bar\' na obra \'NET\' na data 2024-10-28 18:19','2024-10-28 21:19:00','pos',NULL),(177,'Status atualizado para a imagem \'11. PHA_NET Hall entrada + mini market\' na obra \'NET\' na data 2024-10-28 18:57','2024-10-28 21:57:27','pos',NULL),(178,'Status atualizado para a imagem \'10. PHA_NET Boulevard Noturno\' na obra \'NET\' na data 2024-10-28 21:52','2024-10-29 00:52:54','pos',NULL),(179,'Prazo para Primeira Entrega na obra: WIN, com prazo até 2024-11-22.','2024-10-29 13:08:09','entrega',NULL),(184,'Prazo para Primeira Entrega na obra: LOU, com prazo até 2024-12-20.','2024-10-29 13:24:59','entrega',NULL),(185,'Prazo para Entrega tarefa na obra: TIV, com prazo até 2024-11-04.','2024-10-29 13:29:19','entrega',NULL),(187,'Status não começou para a imagem \'26. DOM_MOR PLANTA HUMANIZADA DO PAVIMENTO SUBSOLO\' na obra \'MOR\' na data 2024-10-29 11:43','2024-10-29 14:43:41','pos',NULL),(188,'Status não começou para a imagem \'2. DOM_MOR Externa Lateral com piscina\' na obra \'MOR\' na data 2024-10-29 11:45','2024-10-29 14:45:15','pos',NULL),(189,'Status não começou para a imagem \'3. DOM_MOR Externa Fundos com acesso rua\' na obra \'MOR\' na data 2024-10-29 11:49','2024-10-29 14:49:35','pos',NULL),(190,'Status não começou para a imagem \'19. HSA_WIN Suíte do apartamento tipo 1\' na obra \'WIN\' na data 2024-10-29 15:01','2024-10-29 18:01:39','pos',NULL),(191,'Status não começou para a imagem \'3. DOM_MOR Externa Fundos com acesso rua\' na obra \'MOR\' na data 2024-10-29 16:08','2024-10-29 19:08:24','pos',NULL),(192,'Prazo para Primeira Entrega na obra: ELY, com prazo até 2024-12-20.','2024-10-29 19:08:40','entrega',27),(193,'Status não começou para a imagem \'2. DOM_MOR Externa Lateral com piscina\' na obra \'MOR\' na data 2024-10-29 16:11','2024-10-29 19:11:14','pos',NULL),(194,'Prazo para Primeira Entrega na obra: 236, com prazo até 2024-10-29.','2024-10-29 19:15:23','entrega',11),(195,'Prazo para Entrega Final na obra: AMO, com prazo até 2024-10-29.','2024-10-29 19:16:49','entrega',7),(196,'Prazo para Primeira Entrega na obra: 236, com prazo até 2024-10-29.','2024-10-29 19:34:43','entrega',11),(197,'Prazo para Primeira Entrega na obra: 236, com prazo até 2024-10-29.','2024-10-29 19:38:46','entrega',11),(198,'Prazo para Primeira Entrega na obra: ELI, com prazo até 2024-10-29.','2024-10-29 19:39:12','entrega',15),(199,'Prazo para Entrega tarefa na obra: EKO, com prazo até 2024-10-29.','2024-10-29 19:44:40','entrega',17),(200,'Prazo para Entrega parcial na obra: ELI, com prazo até 2024-10-29.','2024-10-29 19:46:52','entrega',25),(201,'Prazo para Entrega antecipada na obra: DUB, com prazo até 2024-10-29.','2024-10-29 19:47:11','entrega',30),(202,'Prazo para Alteração na obra: COL, com prazo até 2024-10-29.','2024-10-29 19:47:53','entrega',23),(203,'Prazo para Alteração na obra: MIL, com prazo até 2024-10-29.','2024-10-29 19:48:27','entrega',22),(204,'Prazo para Alteração na obra: AMO, com prazo até 2024-10-29.','2024-10-29 19:49:08','entrega',7),(205,'Status atualizado para a imagem \'3. DOM_MOR Externa Fundos com acesso rua\' na obra \'MOR\' na data 2024-10-30 10:14','2024-10-30 13:14:40','pos',NULL),(206,'Status atualizado para a imagem \'2. DOM_MOR Externa Lateral com piscina\' na obra \'MOR\' na data 2024-10-30 10:48','2024-10-30 13:48:59','pos',NULL),(207,'Status atualizado para a imagem \'19. HSA_WIN Suíte do apartamento tipo 1\' na obra \'WIN\' na data 2024-10-30 11:14','2024-10-30 14:14:00','pos',NULL),(208,'Status não começou para a imagem \'1.DAN_UPP Fachada focada em uma torre\' na obra \'UPP\' na data 2024-10-30 16:39','2024-10-30 19:39:21','pos',NULL),(209,'Status não começou para a imagem \'2.DAN_UPP Fachada ângulo a decidir\' na obra \'UPP\' na data 2024-10-30 16:41','2024-10-30 19:41:43','pos',NULL),(210,'Status atualizado para a imagem \'1.DAN_UPP Fachada focada em uma torre\' na obra \'UPP\' na data 2024-10-31 10:07','2024-10-31 13:07:57','pos',NULL),(211,'Status atualizado para a imagem \'1.DAN_UPP Fachada focada em uma torre\' na obra \'UPP\' na data 2024-10-31 10:08','2024-10-31 13:08:28','pos',NULL),(212,'Status não começou para a imagem \'3. EDI_ONE Restaurante interna\' na obra \'ONE\' na data 2024-10-31 10:17','2024-10-31 13:17:59','pos',NULL),(213,'Status atualizado para a imagem \'2.DAN_UPP Fachada ângulo a decidir\' na obra \'UPP\' na data 2024-10-31 11:00','2024-10-31 14:00:55','pos',NULL),(214,'Status não começou para a imagem \'12. DOM_MOR Interno Piscina aquecida\' na obra \'MOR\' na data 2024-10-31 11:33','2024-10-31 14:33:35','pos',NULL),(215,'Status não começou para a imagem \'24. DOM_MOR Detalhe/conceito piscina aquecida\' na obra \'MOR\' na data 2024-10-31 11:34','2024-10-31 14:34:34','pos',NULL),(216,'Status atualizado para a imagem \'3. EDI_ONE Restaurante interna\' na obra \'ONE\' na data 2024-10-31 12:59','2024-10-31 15:59:08','pos',NULL),(217,'Status não começou para a imagem \'4. Fotomontagem_01\' na obra \'ONE\' na data 2024-10-31 13:00','2024-10-31 16:00:52','pos',NULL),(218,'Status atualizado para a imagem \'12. DOM_MOR Interno Piscina aquecida\' na obra \'MOR\' na data 2024-10-31 13:48','2024-10-31 16:48:10','pos',NULL),(219,'Status atualizado para a imagem \'24. DOM_MOR Detalhe/conceito piscina aquecida\' na obra \'MOR\' na data 2024-10-31 14:42','2024-10-31 17:42:34','pos',NULL),(220,'Status não começou para a imagem \'7.DAN_UPP Piscina\' na obra \'UPP\' na data 2024-10-31 14:55','2024-10-31 17:55:58','pos',NULL),(221,'Status atualizado para a imagem \'4. Fotomontagem_01\' na obra \'ONE\' na data 2024-10-31 15:04','2024-10-31 18:04:20','pos',NULL),(222,'Prazo para Entrega parcial na obra: SPA, com prazo até 2024-10-31.','2024-10-31 18:45:15','entrega',26),(224,'Prazo para Primeira Entrega na obra: COL, com prazo até 2024-11-06.','2024-10-31 19:42:45','entrega',23),(225,'Status não começou para a imagem \'11.DAN_UPP Arena Gamer - Torre A\' na obra \'UPP\' na data 2024-10-31 18:32','2024-10-31 21:32:49','pos',NULL),(226,'Status atualizado para a imagem \'7.DAN_UPP Piscina\' na obra \'UPP\' na data 2024-10-31 22:09','2024-11-01 01:09:43','pos',NULL),(227,'Status atualizado para a imagem \'11.DAN_UPP Arena Gamer - Torre A\' na obra \'UPP\' na data 2024-10-31 22:29','2024-11-01 01:29:01','pos',NULL),(228,'Status não começou para a imagem \'5. MSA_LIN Hall de entrada\' na obra \'LIN\' na data 2024-11-01 00:05','2024-11-01 03:05:29','pos',NULL),(229,'Status não começou para a imagem \'6. MSA_LIN Quadra poliesportiva\' na obra \'LIN\' na data 2024-11-01 00:06','2024-11-01 03:06:08','pos',NULL),(230,'Status não começou para a imagem \'9. MSA_LIN Coworking (Terraço antigo)\' na obra \'LIN\' na data 2024-11-01 00:10','2024-11-01 03:10:54','pos',NULL),(231,'Status não começou para a imagem \'4. MSA_LIN Embasamento mostrando área comercial\' na obra \'LIN\' na data 2024-11-01 00:15','2024-11-01 03:15:31','pos',NULL),(232,'Status não começou para a imagem \'10. MSA_LIN Espaço funcional\' na obra \'LIN\' na data 2024-11-01 00:47','2024-11-01 03:47:38','pos',NULL),(233,'Status não começou para a imagem \'12. MSA_LIN Academia\' na obra \'LIN\' na data 2024-11-01 01:01','2024-11-01 04:01:28','pos',NULL),(234,'Status não começou para a imagem \'13. MSA_LIN Boate (Espaço gourmet antigo)\' na obra \'LIN\' na data 2024-11-01 06:41','2024-11-01 09:41:19','pos',NULL),(235,'Status não começou para a imagem \'11. MSA_LIN PUB / Sala de jogos\' na obra \'LIN\' na data 2024-11-01 06:46','2024-11-01 09:46:32','pos',NULL),(236,'Status não começou para a imagem \'14. MSA_LIN Salão de festas\' na obra \'LIN\' na data 2024-11-01 06:51','2024-11-01 09:51:23','pos',NULL),(237,'Status não começou para a imagem \'15. MSA_LIN Market place\' na obra \'LIN\' na data 2024-11-01 07:04','2024-11-01 10:04:13','pos',NULL),(238,'Status não começou para a imagem \'17. MSA_LIN Piscinas ângulo 1\' na obra \'LIN\' na data 2024-11-01 08:41','2024-11-01 11:41:52','pos',NULL),(239,'Status não começou para a imagem \'16. MSA_LIN Brinquedoteca\' na obra \'LIN\' na data 2024-11-01 08:42','2024-11-01 11:42:40','pos',NULL),(240,'Status não começou para a imagem \'18. MSA_LIN Piscinas ângulo 2\' na obra \'LIN\' na data 2024-11-01 09:34','2024-11-01 12:34:07','pos',NULL),(241,'Status não começou para a imagem \'19. MSA_LIN Quiosque das piscinas\' na obra \'LIN\' na data 2024-11-01 09:40','2024-11-01 12:40:48','pos',NULL),(242,'Status atualizado para a imagem \'4. MSA_LIN Embasamento mostrando área comercial\' na obra \'LIN\' na data 2024-11-01 10:16','2024-11-01 13:16:27','pos',NULL),(243,'Status atualizado para a imagem \'15. MSA_LIN Market place\' na obra \'LIN\' na data 2024-11-01 12:35','2024-11-01 15:35:14','pos',NULL),(244,'Status atualizado para a imagem \'9. MSA_LIN Coworking (Terraço antigo)\' na obra \'LIN\' na data 2024-11-01 12:51','2024-11-01 15:51:08','pos',NULL),(245,'Status atualizado para a imagem \'11. MSA_LIN PUB / Sala de jogos\' na obra \'LIN\' na data 2024-11-01 13:03','2024-11-01 16:03:19','pos',NULL),(246,'Status atualizado para a imagem \'14. MSA_LIN Salão de festas\' na obra \'LIN\' na data 2024-11-01 13:21','2024-11-01 16:21:14','pos',NULL),(247,'Status não começou para a imagem \'20. MSA_LIN Living do apartamento tipo 1 ou 2\' na obra \'LIN\' na data 2024-11-01 15:55','2024-11-01 18:55:07','pos',NULL),(248,'Status não começou para a imagem \'21. MSA_LIN Sacada com vista real do apartamento tipo 1 ou 2\' na obra \'LIN\' na data 2024-11-01 16:06','2024-11-01 19:06:00','pos',NULL),(249,'Status atualizado para a imagem \'21. MSA_LIN Sacada com vista real do apartamento tipo 1 ou 2\' na obra \'LIN\' na data 2024-11-01 16:28','2024-11-01 19:28:29','pos',NULL),(250,'Status não começou para a imagem \'21. MSA_LIN Sacada com vista real do apartamento tipo 1 ou 2\' na obra \'LIN\' na data 2024-11-01 16:29','2024-11-01 19:29:11','pos',NULL),(251,'Status atualizado para a imagem \'19. MSA_LIN Quiosque das piscinas\' na obra \'LIN\' na data 2024-11-01 16:31','2024-11-01 19:31:00','pos',NULL),(252,'Status atualizado para a imagem \'18. MSA_LIN Piscinas ângulo 2\' na obra \'LIN\' na data 2024-11-01 17:25','2024-11-01 20:25:44','pos',NULL),(253,'Status atualizado para a imagem \'16. MSA_LIN Brinquedoteca\' na obra \'LIN\' na data 2024-11-01 17:50','2024-11-01 20:50:57','pos',NULL),(254,'Status não começou para a imagem \'22. MSA_LIN Suíte do apartamento tipo 1 ou 2\' na obra \'LIN\' na data 2024-11-01 17:50','2024-11-01 20:50:57','pos',NULL),(255,'Status não começou para a imagem \'22. MSA_LIN Suíte do apartamento tipo 1 ou 2\' na obra \'LIN\' na data 2024-11-01 18:02','2024-11-01 21:02:12','pos',NULL),(256,'Status não começou para a imagem \'23. MSA_LIN Living do apartamento tipo 3 ou 4\' na obra \'LIN\' na data 2024-11-01 18:04','2024-11-01 21:04:43','pos',NULL),(257,'Status não começou para a imagem \'3. MSA_LIN Fachada no ângulo do observador\' na obra \'LIN\' na data 2024-11-01 18:10','2024-11-01 21:10:49','pos',NULL),(258,'Status não começou para a imagem \'24. MSA_LIN Suíte do apartamento tipo 3 ou 4\' na obra \'LIN\' na data 2024-11-01 18:16','2024-11-01 21:16:46','pos',NULL),(259,'Status não começou para a imagem \'26. MSA_LIN Sacada com vista real do apartamento tipo 4\' na obra \'LIN\' na data 2024-11-01 21:02','2024-11-02 00:02:27','pos',NULL),(260,'Status não começou para a imagem \'25. MSA_LIN Sacada com vista real do apartamento tipo 3\' na obra \'LIN\' na data 2024-11-01 21:11','2024-11-02 00:11:29','pos',NULL),(261,'Status não começou para a imagem \'19. MSA_LIN Quiosque das piscinas\' na obra \'LIN\' na data 2024-11-04 06:29','2024-11-04 09:29:28','pos',NULL),(262,'Status atualizado para a imagem \'19. MSA_LIN Quiosque das piscinas\' na obra \'LIN\' na data 2024-11-04 08:15','2024-11-04 11:15:44','pos',NULL),(263,'Status atualizado para a imagem \'25. MSA_LIN Sacada com vista real do apartamento tipo 3\' na obra \'LIN\' na data 2024-11-04 08:48','2024-11-04 11:48:20','pos',NULL),(264,'Status atualizado para a imagem \'26. MSA_LIN Sacada com vista real do apartamento tipo 4\' na obra \'LIN\' na data 2024-11-04 09:11','2024-11-04 12:11:00','pos',NULL),(265,'Status atualizado para a imagem \'24. MSA_LIN Suíte do apartamento tipo 3 ou 4\' na obra \'LIN\' na data 2024-11-04 09:28','2024-11-04 12:28:00','pos',NULL),(266,'Status atualizado para a imagem \'3. MSA_LIN Fachada no ângulo do observador\' na obra \'LIN\' na data 2024-11-04 09:58','2024-11-04 12:58:11','pos',NULL),(267,'Status atualizado para a imagem \'22. MSA_LIN Suíte do apartamento tipo 1 ou 2\' na obra \'LIN\' na data 2024-11-04 10:47','2024-11-04 13:47:51','pos',NULL),(268,'Status não começou para a imagem \'23. MSA_LIN Living do apartamento tipo 3 ou 4\' na obra \'LIN\' na data 2024-11-04 12:22','2024-11-04 15:22:48','pos',NULL),(269,'Status não começou para a imagem \'21. MSA_LIN Sacada com vista real do apartamento tipo 1 ou 2\' na obra \'LIN\' na data 2024-11-04 12:24','2024-11-04 15:24:04','pos',NULL),(270,'Status não começou para a imagem \'21.DAN_UPP Brinquedoteca - Torre C\' na obra \'UPP\' na data 2024-11-04 13:33','2024-11-04 16:33:42','pos',NULL),(271,'Status atualizado para a imagem \'21.DAN_UPP Brinquedoteca - Torre C\' na obra \'UPP\' na data 2024-11-04 16:02','2024-11-04 19:02:26','pos',NULL),(272,'Status não começou para a imagem \'16.DAN_UPP Espaço Yoga - Torre B\' na obra \'UPP\' na data 2024-11-04 16:14','2024-11-04 19:14:33','pos',NULL),(273,'Status não começou para a imagem \'16.DAN_UPP Espaço Yoga - Torre B\' na obra \'UPP\' na data 2024-11-04 16:15','2024-11-04 19:15:02','pos',NULL),(274,'Status atualizado para a imagem \'16.DAN_UPP Espaço Yoga - Torre B\' na obra \'UPP\' na data 2024-11-04 16:42','2024-11-04 19:42:59','pos',NULL),(275,'Status atualizado para a imagem \'23. MSA_LIN Living do apartamento tipo 3 ou 4\' na obra \'LIN\' na data 2024-11-04 17:20','2024-11-04 20:20:56','pos',NULL),(276,'Status atualizado para a imagem \'21. MSA_LIN Sacada com vista real do apartamento tipo 1 ou 2\' na obra \'LIN\' na data 2024-11-04 17:41','2024-11-04 20:41:49','pos',NULL),(277,'Status atualizado para a imagem \'13. MSA_LIN Boate (Espaço gourmet antigo)\' na obra \'LIN\' na data 2024-11-04 18:06','2024-11-04 21:06:59','pos',NULL),(278,'Status não começou para a imagem \'10.DAN_UPP Salão de festas adulto - torre A\' na obra \'UPP\' na data 2024-11-04 22:35','2024-11-05 01:35:08','pos',NULL),(279,'Status não começou para a imagem \'16.DAN_UPP Espaço Yoga - Torre B\' na obra \'UPP\' na data 2024-11-04 22:35','2024-11-05 01:35:17','pos',NULL),(280,'Status atualizado para a imagem \'16.DAN_UPP Espaço Yoga - Torre B\' na obra \'UPP\' na data 2024-11-05 09:29','2024-11-05 12:29:15','pos',NULL),(281,'Status atualizado para a imagem \'20. MSA_LIN Living do apartamento tipo 1 ou 2\' na obra \'LIN\' na data 2024-11-05 09:56','2024-11-05 12:56:49','pos',NULL);
/*!40000 ALTER TABLE `notificacoes` ENABLE KEYS */;
UNLOCK TABLES;

--
-- Table structure for table `notificacoes_usuarios`
--

DROP TABLE IF EXISTS `notificacoes_usuarios`;
/*!40101 SET @saved_cs_client     = @@character_set_client */;
/*!50503 SET character_set_client = utf8mb4 */;
CREATE TABLE `notificacoes_usuarios` (
  `id` int(11) NOT NULL AUTO_INCREMENT,
  `usuario_id` int(11) NOT NULL,
  `notificacao_id` int(11) NOT NULL,
  `lida` tinyint(1) DEFAULT 0,
  PRIMARY KEY (`id`),
  KEY `usuario_id` (`usuario_id`),
  KEY `notificacao_id` (`notificacao_id`),
  CONSTRAINT `notificacoes_usuarios_ibfk_1` FOREIGN KEY (`usuario_id`) REFERENCES `usuario` (`idusuario`),
  CONSTRAINT `notificacoes_usuarios_ibfk_2` FOREIGN KEY (`notificacao_id`) REFERENCES `notificacoes` (`id`)
) ENGINE=InnoDB AUTO_INCREMENT=544 DEFAULT CHARSET=utf8mb4 COLLATE=utf8mb4_unicode_ci;
/*!40101 SET character_set_client = @saved_cs_client */;

--
-- Dumping data for table `notificacoes_usuarios`
--

LOCK TABLES `notificacoes_usuarios` WRITE;
/*!40000 ALTER TABLE `notificacoes_usuarios` DISABLE KEYS */;
INSERT INTO `notificacoes_usuarios` VALUES (1,1,2,1),(2,2,2,1),(3,1,3,1),(4,2,3,1),(5,1,4,1),(6,2,4,1),(7,1,5,1),(8,2,5,1),(9,1,6,1),(10,2,6,1),(11,1,7,1),(12,2,7,1),(13,1,8,1),(14,2,8,1),(15,1,9,1),(16,2,9,1),(17,1,10,1),(18,2,10,1),(19,1,11,1),(20,2,11,1),(21,1,12,1),(22,2,12,1),(23,1,13,1),(24,2,13,1),(25,1,14,1),(26,2,14,1),(27,1,15,1),(28,2,15,1),(29,1,16,1),(30,2,16,1),(31,1,17,1),(32,2,17,1),(33,1,18,1),(34,2,18,1),(35,1,19,1),(36,2,19,1),(37,1,20,1),(38,2,20,1),(39,1,21,1),(40,2,21,1),(41,1,22,1),(42,2,22,1),(43,1,23,1),(44,2,23,1),(45,1,24,1),(46,2,24,1),(47,1,25,1),(48,2,25,1),(49,1,26,1),(50,2,26,1),(51,1,27,1),(52,2,27,1),(53,1,28,1),(54,2,28,1),(55,1,29,1),(56,2,29,1),(57,1,30,1),(58,2,30,1),(59,1,31,1),(60,2,31,1),(61,1,32,1),(62,2,32,1),(63,1,33,1),(64,2,33,1),(65,1,34,1),(66,2,34,1),(67,1,35,1),(68,2,35,1),(69,1,36,1),(70,2,36,1),(71,1,37,1),(72,2,37,1),(73,1,38,1),(74,2,38,1),(75,1,39,1),(76,2,39,1),(77,1,40,1),(78,2,40,1),(79,1,41,1),(80,2,41,1),(81,1,42,1),(82,2,42,1),(83,1,43,1),(84,2,43,1),(85,1,44,1),(86,2,44,1),(87,1,45,1),(88,2,45,1),(89,1,46,1),(90,2,46,1),(91,1,47,1),(92,2,47,1),(93,1,48,1),(94,2,48,1),(95,1,49,1),(96,2,49,1),(97,1,50,1),(98,2,50,1),(99,1,51,1),(100,2,51,1),(101,1,52,1),(102,2,52,1),(103,1,53,1),(104,2,53,1),(105,1,54,1),(106,2,54,1),(107,1,55,1),(108,2,55,1),(109,1,56,1),(110,2,56,1),(111,1,57,1),(112,2,57,1),(113,1,58,1),(114,2,58,1),(115,1,59,1),(116,2,59,1),(117,1,60,1),(118,2,60,1),(119,1,61,1),(120,2,61,1),(121,1,62,1),(122,2,62,1),(123,1,63,1),(124,2,63,1),(125,1,64,1),(126,2,64,1),(127,1,65,1),(128,2,65,1),(129,1,66,1),(130,2,66,1),(131,1,67,1),(132,2,67,1),(133,1,68,1),(134,2,68,1),(135,1,69,1),(136,2,69,1),(137,1,70,1),(138,2,70,1),(139,1,71,1),(140,2,71,1),(141,1,72,1),(142,2,72,1),(143,1,73,1),(144,2,73,1),(145,1,74,1),(146,2,74,1),(147,1,75,1),(148,2,75,1),(149,1,76,1),(150,2,76,1),(151,1,77,1),(152,2,77,1),(153,1,78,1),(154,2,78,1),(155,1,79,1),(156,2,79,1),(157,1,80,1),(158,2,80,1),(159,1,81,1),(160,2,81,1),(161,1,82,1),(162,2,82,1),(163,1,83,1),(164,2,83,1),(165,1,84,1),(166,2,84,1),(167,1,85,1),(168,2,85,1),(169,1,86,1),(170,2,86,1),(171,1,87,1),(172,2,87,1),(173,1,88,1),(174,2,88,1),(175,1,89,1),(176,2,89,1),(177,1,90,1),(178,2,90,1),(179,1,91,1),(180,2,91,1),(181,1,92,1),(182,2,92,1),(183,1,93,1),(184,2,93,1),(185,1,94,1),(186,2,94,1),(187,1,95,1),(188,2,95,1),(189,1,96,1),(190,2,96,1),(191,1,97,1),(192,2,97,1),(193,1,98,1),(194,2,98,1),(195,1,99,1),(196,2,99,1),(197,1,100,1),(198,2,100,1),(199,1,101,1),(200,2,101,1),(201,1,102,1),(202,2,102,1),(203,1,103,1),(204,2,103,1),(205,1,104,1),(206,2,104,1),(207,1,105,1),(208,2,105,1),(209,1,106,1),(210,2,106,1),(211,1,107,1),(212,2,107,1),(213,1,108,1),(214,2,108,1),(215,1,109,1),(216,2,109,1),(217,1,110,1),(218,2,110,1),(219,1,111,1),(220,2,111,1),(221,1,112,1),(222,2,112,1),(223,1,113,1),(224,2,113,1),(225,1,114,1),(226,2,114,1),(227,1,115,1),(228,2,115,1),(229,1,116,1),(230,2,116,1),(231,1,117,1),(232,2,117,1),(245,2,126,1),(246,9,126,0),(247,1,126,0),(248,1,127,0),(249,2,127,1),(251,1,129,0),(252,2,129,1),(253,1,130,0),(254,2,130,1),(255,1,131,0),(256,2,131,1),(257,1,132,0),(258,2,132,1),(259,1,133,0),(260,2,133,1),(261,1,134,0),(262,2,134,1),(263,1,135,0),(264,2,135,1),(265,1,136,0),(266,2,136,1),(267,1,137,0),(268,2,137,1),(269,1,138,0),(270,2,138,1),(271,1,139,0),(272,2,139,1),(273,1,140,0),(274,2,140,1),(275,1,141,0),(276,2,141,1),(277,1,142,0),(278,2,142,1),(279,1,143,0),(280,2,143,1),(281,1,144,0),(282,2,144,1),(283,1,145,0),(284,2,145,1),(285,1,146,0),(286,2,146,1),(287,1,147,0),(288,2,147,1),(289,1,148,0),(290,2,148,1),(291,1,149,0),(292,2,149,1),(293,1,150,0),(294,2,150,1),(295,1,151,0),(296,2,151,1),(297,1,152,0),(298,2,152,1),(299,1,153,0),(300,2,153,1),(301,1,154,0),(302,2,154,1),(303,1,155,0),(304,2,155,1),(305,1,156,0),(306,2,156,1),(307,1,157,0),(308,2,157,1),(309,1,158,0),(310,2,158,1),(311,1,159,0),(312,2,159,1),(313,1,160,0),(314,2,160,1),(315,1,161,0),(316,2,161,1),(317,1,162,0),(318,2,162,1),(319,1,163,0),(320,2,163,1),(321,1,164,0),(322,2,164,1),(323,1,165,0),(324,2,165,1),(325,1,166,0),(326,2,166,1),(327,1,167,0),(328,2,167,1),(329,1,168,0),(330,2,168,1),(331,1,169,0),(332,2,169,1),(333,1,170,0),(334,2,170,1),(335,1,171,0),(336,2,171,1),(337,1,172,0),(338,2,172,1),(339,1,173,0),(340,2,173,1),(341,1,174,0),(342,2,174,1),(343,1,175,0),(344,2,175,1),(345,1,176,0),(346,2,176,1),(347,1,177,0),(348,2,177,1),(349,1,178,0),(350,2,178,1),(351,2,179,1),(352,9,179,0),(353,1,179,0),(356,2,184,1),(357,3,184,0),(358,9,184,0),(359,1,184,0),(360,14,185,0),(361,1,185,0),(364,1,187,0),(365,2,187,1),(366,1,188,0),(367,2,188,1),(368,1,189,0),(369,2,189,1),(370,1,190,0),(371,2,190,1),(372,1,191,0),(373,2,191,1),(374,2,192,1),(375,9,192,0),(376,1,192,0),(377,1,193,0),(378,2,193,1),(379,1,194,0),(380,1,195,0),(381,1,196,0),(382,1,197,0),(383,1,198,0),(384,1,199,0),(385,1,200,0),(386,1,201,0),(387,1,202,0),(388,1,203,0),(389,1,204,0),(390,1,205,0),(391,2,205,1),(392,1,206,0),(393,2,206,1),(394,1,207,0),(395,2,207,1),(396,1,208,0),(397,2,208,1),(398,1,209,0),(399,2,209,1),(400,1,210,0),(401,2,210,1),(402,1,211,0),(403,2,211,1),(404,1,212,0),(405,2,212,1),(406,1,213,0),(407,2,213,1),(408,1,214,0),(409,2,214,1),(410,1,215,0),(411,2,215,1),(412,1,216,0),(413,2,216,1),(414,1,217,0),(415,2,217,1),(416,1,218,0),(417,2,218,1),(418,1,219,0),(419,2,219,1),(420,1,220,0),(421,2,220,1),(422,1,221,0),(423,2,221,1),(424,2,222,1),(425,1,222,0),(427,2,224,1),(428,9,224,0),(429,1,224,0),(430,1,225,0),(431,2,225,1),(432,1,226,0),(433,2,226,1),(434,1,227,0),(435,2,227,1),(436,1,228,0),(437,2,228,1),(438,1,229,0),(439,2,229,1),(440,1,230,0),(441,2,230,1),(442,1,231,0),(443,2,231,1),(444,1,232,0),(445,2,232,1),(446,1,233,0),(447,2,233,1),(448,1,234,0),(449,2,234,1),(450,1,235,0),(451,2,235,1),(452,1,236,0),(453,2,236,1),(454,1,237,0),(455,2,237,1),(456,1,238,0),(457,2,238,1),(458,1,239,0),(459,2,239,1),(460,1,240,0),(461,2,240,1),(462,1,241,0),(463,2,241,1),(464,1,242,0),(465,2,242,1),(466,1,243,0),(467,2,243,1),(468,1,244,0),(469,2,244,1),(470,1,245,0),(471,2,245,1),(472,1,246,0),(473,2,246,1),(474,1,247,0),(475,2,247,1),(476,1,248,0),(477,2,248,1),(478,1,249,0),(479,2,249,1),(480,1,250,0),(481,2,250,1),(482,1,251,0),(483,2,251,1),(484,1,252,0),(485,2,252,1),(486,1,253,0),(487,2,253,1),(488,1,254,0),(489,2,254,1),(490,1,255,0),(491,2,255,1),(492,1,256,0),(493,2,256,1),(494,1,257,0),(495,2,257,1),(496,1,258,0),(497,2,258,1),(498,1,259,0),(499,2,259,1),(500,1,260,0),(501,2,260,1),(502,1,261,0),(503,2,261,1),(504,1,262,0),(505,2,262,1),(506,1,263,0),(507,2,263,1),(508,1,264,0),(509,2,264,1),(510,1,265,0),(511,2,265,1),(512,1,266,0),(513,2,266,1),(514,1,267,0),(515,2,267,1),(516,1,268,0),(517,2,268,1),(518,1,269,0),(519,2,269,1),(520,1,270,0),(521,2,270,1),(522,1,271,0),(523,2,271,0),(524,1,272,0),(525,2,272,0),(526,1,273,0),(527,2,273,0),(528,1,274,0),(529,2,274,0),(530,1,275,0),(531,2,275,0),(532,1,276,0),(533,2,276,0),(534,1,277,0),(535,2,277,0),(536,1,278,0),(537,2,278,0),(538,1,279,0),(539,2,279,0),(540,1,280,0),(541,2,280,0),(542,1,281,0),(543,2,281,0);
/*!40000 ALTER TABLE `notificacoes_usuarios` ENABLE KEYS */;
UNLOCK TABLES;

--
-- Table structure for table `obra`
--

DROP TABLE IF EXISTS `obra`;
/*!40101 SET @saved_cs_client     = @@character_set_client */;
/*!50503 SET character_set_client = utf8mb4 */;
CREATE TABLE `obra` (
  `idobra` int(11) NOT NULL AUTO_INCREMENT,
  `nome_obra` varchar(45) NOT NULL,
  `status_obra` tinyint(1) NOT NULL,
  PRIMARY KEY (`idobra`)
) ENGINE=InnoDB AUTO_INCREMENT=31 DEFAULT CHARSET=latin1;
/*!40101 SET character_set_client = @saved_cs_client */;

--
-- Dumping data for table `obra`
--

LOCK TABLES `obra` WRITE;
/*!40000 ALTER TABLE `obra` DISABLE KEYS */;
INSERT INTO `obra` VALUES (1,'SQU',1),(3,'VIL',1),(4,'NET',0),(5,'CAS',0),(6,'WIN',0),(7,'AMO',1),(8,'MOR',0),(9,'JATO',0),(10,'YACHT',0),(11,'236',0),(12,'LIN',0),(13,'TAB',1),(14,'ONE',0),(15,'ELI',1),(16,'MON',0),(17,'EKO',0),(18,'TRI',0),(19,'ITA',1),(20,'UPP',0),(21,'SUR',0),(22,'MIL',0),(23,'COL',0),(24,'TIV',0),(25,'ELI',1),(26,'SPA',0),(27,'ELY',0),(28,'LOU',0),(29,'SEN',0),(30,'DUB',0);
/*!40000 ALTER TABLE `obra` ENABLE KEYS */;
UNLOCK TABLES;

--
-- Table structure for table `obra_prazo`
--

DROP TABLE IF EXISTS `obra_prazo`;
/*!40101 SET @saved_cs_client     = @@character_set_client */;
/*!50503 SET character_set_client = utf8mb4 */;
CREATE TABLE `obra_prazo` (
  `idobra_prazo` int(11) NOT NULL AUTO_INCREMENT,
  `obra_id` int(11) NOT NULL,
  `prazo` date NOT NULL,
  `assunto_entrega` varchar(255) COLLATE utf8mb4_unicode_ci NOT NULL,
  `tipo_entrega` varchar(255) COLLATE utf8mb4_unicode_ci NOT NULL,
  `notificacoes_id` int(11) DEFAULT NULL,
  PRIMARY KEY (`idobra_prazo`),
  KEY `obra_id` (`obra_id`),
  KEY `notificacoes_id` (`notificacoes_id`),
  CONSTRAINT `obra_prazo_ibfk_1` FOREIGN KEY (`obra_id`) REFERENCES `obra` (`idobra`),
  CONSTRAINT `obra_prazo_ibfk_2` FOREIGN KEY (`notificacoes_id`) REFERENCES `notificacoes` (`id`)
) ENGINE=InnoDB AUTO_INCREMENT=82 DEFAULT CHARSET=utf8mb4 COLLATE=utf8mb4_unicode_ci;
/*!40101 SET character_set_client = @saved_cs_client */;

--
-- Dumping data for table `obra_prazo`
--

LOCK TABLES `obra_prazo` WRITE;
/*!40000 ALTER TABLE `obra_prazo` DISABLE KEYS */;
INSERT INTO `obra_prazo` VALUES (5,4,'2024-10-16','Entrega parcial - Imagens Outdoors - 3 Imagens fachada Alta','Entrega parcial',NULL),(6,21,'2024-10-31','Entrega Parcial das Fachadas - Com ressalva das fotomontagens','Entrega parcial',NULL),(7,16,'2024-12-18','Entrega Completa - R00','Primeira entrega',NULL),(8,20,'2024-11-04','Entrega Pacote Antecipado','Entrega antecipada',NULL),(9,13,'2024-10-17','Entrega Pacote EF','Entrega final',NULL),(10,20,'2024-10-25','Entrega Toon - Fachadas','Entrega parcial',NULL),(11,1,'2024-10-23','Entrega das Imagens Restantes - Planta e Suite','Entrega final\r\n',NULL),(15,4,'2024-10-23','Embasamento alterado - EF Region','Entrega parcial ',NULL),(16,14,'2024-10-23','Entrega EF - Imagens alteradas e PH','Entrega final',NULL),(17,8,'2024-10-23','Entrega prévia - Combate','Primeira entrega',NULL),(18,5,'2024-11-08','Entrega R00','Primeira entrega',NULL),(22,12,'2024-11-01','Entrega Alterações R01','Alteração',NULL),(23,22,'2024-12-16','Entrega R00','Primeira entrega',NULL),(31,4,'2024-10-29','Entrega Alterações Completa','Alteração',NULL),(32,20,'2024-10-24','Entrega Modelagem Técnica - Luiz','Entrega tarefa',NULL),(33,29,'2024-11-26','Entrega R00','Primeira entrega',NULL),(48,20,'2024-10-30','Entrega Caderno','Entrega tarefa',126),(50,4,'2024-11-07','Entrega de imagem com alteração','Alteração',NULL),(51,6,'2024-11-22','Entrega R00','Primeira Entrega',179),(54,28,'2024-12-20','Entrega R00','Primeira Entrega',184),(55,24,'2024-11-04','CAP_TIV - Entrega Modelagem','Entrega tarefa',185),(57,27,'2024-12-20','Entrega R00','Primeira Entrega',NULL),(69,11,'2024-11-13','Entrega de imagem com alteração','Alteração',NULL),(70,11,'2024-11-13','Entrega de imagem com alteração','Alteração',NULL),(71,11,'2024-11-13','Entrega de imagem com alteração','Alteração',NULL),(72,11,'2024-11-13','Entrega de imagem com alteração','Alteração',NULL),(73,26,'2024-10-31','Entrega P00','Entrega parcial',222),(75,23,'2024-11-06','Entrega R00','Primeira Entrega',224),(76,8,'2024-09-17','Entrega de imagem com alteração','Alteração',NULL),(77,8,'2024-09-17','Entrega de imagem com alteração','Alteração',NULL),(78,8,'2024-09-17','Entrega de imagem com alteração','Alteração',NULL),(79,8,'2024-09-17','Entrega de imagem com alteração','Alteração',NULL),(80,8,'2024-09-17','Entrega de imagem com alteração','Alteração',NULL),(81,8,'2024-09-17','Entrega de imagem com alteração','Alteração',NULL);
/*!40000 ALTER TABLE `obra_prazo` ENABLE KEYS */;
UNLOCK TABLES;

--
-- Table structure for table `pos`
--

DROP TABLE IF EXISTS `pos`;
/*!40101 SET @saved_cs_client     = @@character_set_client */;
/*!50503 SET character_set_client = utf8mb4 */;
CREATE TABLE `pos` (
  `idpos` int(11) NOT NULL AUTO_INCREMENT,
  `animacao_id` int(11) DEFAULT NULL,
  `status` varchar(50) COLLATE utf8mb4_unicode_ci DEFAULT NULL,
  `prazo` varchar(50) COLLATE utf8mb4_unicode_ci DEFAULT NULL,
  PRIMARY KEY (`idpos`),
  KEY `animacao_id` (`animacao_id`),
  CONSTRAINT `pos_ibfk_1` FOREIGN KEY (`animacao_id`) REFERENCES `animacao` (`idanimacao`)
) ENGINE=InnoDB AUTO_INCREMENT=32 DEFAULT CHARSET=utf8mb4 COLLATE=utf8mb4_unicode_ci;
/*!40101 SET character_set_client = @saved_cs_client */;

--
-- Dumping data for table `pos`
--

LOCK TABLES `pos` WRITE;
/*!40000 ALTER TABLE `pos` DISABLE KEYS */;
INSERT INTO `pos` VALUES (12,17,'Finalizado','2024-10-09'),(13,18,'Finalizado','2024-10-09'),(14,19,'Finalizado','2024-10-09'),(15,20,'Finalizado','2024-10-26'),(16,21,'Finalizado','2024-10-14'),(17,22,'Finalizado','2024-10-15'),(18,23,'Finalizado','2024-10-15'),(19,24,'Finalizado','2024-10-17'),(20,25,'Finalizado','2024-10-16'),(21,26,'Finalizado','2024-10-18'),(22,27,'Finalizado','2024-10-20'),(23,28,'Finalizado','2024-10-19'),(24,29,'Finalizado','2024-10-20'),(25,30,'Finalizado','2024-10-18'),(26,31,'Finalizado','2024-10-18'),(27,32,'Finalizado','2024-10-20'),(28,33,'Finalizado','2024-10-19'),(29,34,'Finalizado','2024-10-17'),(30,35,'Finalizado','2024-10-19'),(31,36,'Finalizado','2024-10-09');
/*!40000 ALTER TABLE `pos` ENABLE KEYS */;
UNLOCK TABLES;

--
-- Table structure for table `pos_producao`
--

DROP TABLE IF EXISTS `pos_producao`;
/*!40101 SET @saved_cs_client     = @@character_set_client */;
/*!50503 SET character_set_client = utf8mb4 */;
CREATE TABLE `pos_producao` (
  `idpos_producao` int(11) NOT NULL AUTO_INCREMENT,
  `colaborador_id` int(11) NOT NULL,
  `cliente_id` int(11) NOT NULL,
  `obra_id` int(11) NOT NULL,
  `data_pos` datetime DEFAULT NULL,
  `imagem_id` int(11) NOT NULL,
  `caminho_pasta` varchar(250) DEFAULT NULL,
  `numero_bg` varchar(50) DEFAULT NULL,
  `refs` varchar(100) DEFAULT NULL,
  `obs` varchar(255) DEFAULT NULL,
  `status_pos` tinyint(1) DEFAULT NULL,
  `status_id` int(11) DEFAULT NULL,
  PRIMARY KEY (`idpos_producao`),
  UNIQUE KEY `imagem_id` (`imagem_id`),
  KEY `colaborador_id` (`colaborador_id`),
  KEY `cliente_id` (`cliente_id`),
  KEY `obra_id` (`obra_id`),
  KEY `status_id` (`status_id`),
  CONSTRAINT `pos_producao_ibfk_1` FOREIGN KEY (`imagem_id`) REFERENCES `imagens_cliente_obra` (`idimagens_cliente_obra`),
  CONSTRAINT `pos_producao_ibfk_2` FOREIGN KEY (`colaborador_id`) REFERENCES `colaborador` (`idcolaborador`),
  CONSTRAINT `pos_producao_ibfk_3` FOREIGN KEY (`cliente_id`) REFERENCES `cliente` (`idcliente`),
  CONSTRAINT `pos_producao_ibfk_4` FOREIGN KEY (`obra_id`) REFERENCES `obra` (`idobra`),
  CONSTRAINT `pos_producao_ibfk_5` FOREIGN KEY (`status_id`) REFERENCES `status_imagem` (`idstatus`)
) ENGINE=InnoDB AUTO_INCREMENT=462 DEFAULT CHARSET=latin1;
/*!40101 SET character_set_client = @saved_cs_client */;

--
-- Dumping data for table `pos_producao`
--

LOCK TABLES `pos_producao` WRITE;
/*!40000 ALTER TABLE `pos_producao` DISABLE KEYS */;
INSERT INTO `pos_producao` VALUES (136,7,3,3,'2024-10-01 00:00:00',40,'Y:\\RDO_VIL\\RDO_VIL_EF\\11. RDO_VIL_Sala_Jogos_EF','Mesmo da previa','Y:\\RDO_VIL\\RDO_VIL_EF\\11. RDO_VIL_Sala_Jogos_EF','',0,6),(138,7,3,3,'2024-10-01 00:00:00',36,'Y:\\RDO_VIL\\RDO_VIL_EF\\7. RDO_VIL_Salao_Festas_EF','Mesmo da previa','Y:\\RDO_VIL\\RDO_VIL_EF\\7. RDO_VIL_Salao_Festas_EF','',0,6),(139,9,8,8,'2024-10-31 13:48:00',225,'Y:\\DOM_MOR\\EF\\12. DOM_MOR_Piscina_Aquecida_EF','Mesmo da prévia','','',0,6),(141,9,8,8,'2024-10-01 00:00:00',229,'','0001','','Morro e céu, pode ser genérico ou do 360 mais baixo do empreendimento. \r\n\r\nForam feitos 2 render, ig',0,2),(143,7,10,13,'2024-10-02 00:00:00',391,'Y:\\INO_TAB_EF\\Final','Mesmo da previa','',' Corrigir detalhes de pós conforme arquivo enviado pelo cliente   https://docs.google.com/spreadshee',0,6),(144,7,10,13,'2024-10-02 00:00:00',392,'Y:\\INO_TAB_EF\\Final','Mesmo da previa','',' Ajustar detalhes de pós produção conforme indicações do Cliente https://docs.google.com/spreadsheet',0,6),(145,7,10,13,'2024-10-02 00:00:00',393,'Y:\\INO_TAB_EF\\Final','Mesmo da previa','',' Ajustar detalhes de pós produção conforme indicações do Cliente https://docs.google.com/spreadsheet',0,6),(146,7,10,13,'2024-10-02 00:00:00',394,'Y:\\INO_TAB_EF\\Final','Mesmo da previa','',' Ajustar detalhes de pós produção conforme indicações do Cliente https://docs.google.com/spreadsheet',0,6),(147,7,10,13,'2024-10-15 13:55:00',395,'Y:\\INO_TAB_EF\\8. INO_TAB_Salao_Gourmet_frente_EF\\Region_Deck','Mesmo da previa','',' Region Deck Piscina',0,6),(149,7,10,13,'2024-10-01 00:00:00',403,'Y:\\INO_TAB_EF\\Final','Mesmo da previa','',' Ajustar detalhes de pós produção conforme indicações do Cliente https://docs.google.com/spreadsheet',0,6),(152,7,10,13,'2024-10-01 00:00:00',404,'Y:\\INO_TAB_EF\\Final','Mesmo da previa','',' Ajustar detalhes de pós produção conforme indicações do Cliente https://docs.google.com/spreadsheet',0,6),(155,7,10,13,'2024-10-01 00:00:00',405,'Y:\\INO_TAB_EF\\Final','Mesmo da previa','',' Ajustar detalhes de pós produção conforme indicações do Cliente https://docs.google.com/spreadsheet',0,6),(156,7,10,13,'2024-10-02 00:00:00',413,'Y:\\INO_TAB_EF\\Final','Mesmo da previa','',' Ajustar detalhes de pós produção conforme indicações do Cliente https://docs.google.com/spreadsheet',0,6),(157,7,10,13,'2024-10-07 17:01:00',407,'Y:\\INO_TAB_EF\\Final\\20.INO_TAB_Sacada_Vista_01_EF','Mesmo da previa','','Region Luminaria deslocada',0,6),(158,7,10,13,'2024-10-01 00:00:00',408,'Y:\\INO_TAB_EF\\Final','Mesmo da previa','',' Ajustar detalhes de pós produção conforme indicações do Cliente https://docs.google.com/spreadsheet',0,6),(165,7,10,13,'2024-10-02 00:00:00',412,'Y:\\INO_TAB_EF\\Final','Mesmo da previa','',' Ajustar detalhes de pós produção conforme indicações do Cliente https://docs.google.com/spreadsheet',0,6),(169,8,4,4,'2024-10-27 21:21:00',60,'Y:\\PHA_NET\\P01\\R00\\7. PHA_NET Fachada angular noturna_R01','Mesmo da R00','','Da mesma foram que nas primeiras entregas, bater cores dos brises forro e vegetações com referência da construtora\r\n',0,3),(170,7,4,4,'2024-10-15 13:46:00',54,'Y:\\PHA_NET\\EF\\1. PHA_NET_Fotomontagem_EF','Mesmo da prévia','','Bater as cores do brises e das vegetações de acordo com as demais ',0,6),(181,6,6,6,'2024-10-02 00:00:00',100,'Y:\\HSA_WIN\\P01\\R00\\8. HSA_WIN_SPA_P01_R00','','','Sem BG',0,2),(188,7,10,13,'2024-10-04 16:02:00',390,'Y:\\INO_TAB_EF\\Final\\3.INO_TAB_Fachada_Lateral_EF','Alterar o BG para um Ceu Azul e ensolarado conform','https://docs.google.com/spreadsheets/d/1mGC5bfoKstm_wC1BFEXu3qtETd_3sAouV0QrSuEBMe8/edit?gid=0#gid=0',' Region da torre do empreendimento, com a logo da contrutora.',0,6),(190,7,10,13,'2024-10-07 16:00:00',389,'Y:\\INO_TAB_EF\\Final\\2. INO_TAB_Fachada_Diagonal_Mar_EF','Mesmo da previa','','',0,6),(196,6,8,8,'2024-10-22 10:15:00',236,'Y:\\DOM_MOR\\EF\\002','0005 do dia 22/09','','Já tinha sido renderizado em alta. Foi mandado novamente como EF_002. Renderizado um opção sem vidro e com caustics tmb.',0,6),(197,7,4,4,'2024-10-25 10:40:00',55,'Y:\\PHA_NET\\EF\\2. PHA_NET_Fotomontagem_2_EF','Mesmo da previa','Y:\\PHA_NET\\EF\\2. PHA_NET_Fotomontagem_2_EF','',0,6),(200,6,8,8,'2024-10-08 10:57:00',232,'Y:\\DOM_MOR\\P01\\19_DOM_MOR_Suite_Torre_B_P01_R00','DJI_0005','','Renderizado tmb uma versão sem os vidros.',0,2),(202,7,3,3,'2024-10-04 00:00:00',33,'Y:\\RDO_VIL\\RDO_VIL_EF\\4. RDO_VIL_Fotoinserção_EF','Mesmo da previa','','',0,6),(203,7,3,3,'2024-10-04 00:00:00',34,'Y:\\RDO_VIL\\RDO_VIL_EF\\5. RDO_VIL_Hall_EF','Mesmo da previa','','',0,6),(206,7,3,3,'2024-10-04 18:04:00',44,'15. RDO_VIL_Piscina_Aquecida_EF','Mesmo da previa','Y:\\RDO_VIL\\RDO_VIL_EF\\15. RDO_VIL_Piscina_Aquecida_EF','',0,6),(207,7,3,3,'2024-10-04 16:55:00',47,'Y:\\RDO_VIL\\RDO_VIL_EF\\18. RDO_VIL_Market_EF','Mesmo da previa','','',0,6),(209,7,3,3,'2024-10-04 16:29:00',48,'Y:\\RDO_VIL\\RDO_VIL_EF\\19. RDO_VIL_Quiosque_Quadra_EF','Mesmo da previa','','',0,6),(210,8,3,3,'2024-10-04 00:00:00',49,'Y:\\RDO_VIL\\RDO_VIL_EF\\20.RDO_VIL_Fireplace+horta','','','Bg bem final de tarde',0,6),(211,7,4,4,'2024-10-17 09:06:00',56,'Y:\\PHA_NET\\EF\\3. PHA_NET_Fotomontagem_EF','Mesmo da previa','','',0,6),(225,7,3,3,'2024-10-07 09:15:00',46,'Y:\\RDO_VIL\\RDO_VIL_EF\\17. RDO_VIL_Academia_EF','Mesmo da previa','','',0,6),(235,7,10,13,'2024-10-07 17:00:00',401,'Y:\\INO_TAB_EF\\14.INO_TAB_Hall_EF','Mesmo da previa','Y:\\INO_TAB_EF\\14.INO_TAB_Hall_EF','',0,6),(242,7,10,13,'2024-10-07 17:46:00',400,'Y:\\INO_TAB_EF\\13. INO_TAB_Playground_Terraco_Lazer_EF','','','',0,6),(246,6,6,6,'2024-10-10 16:21:00',103,'Y:\\HSA_WIN\\P01\\R00\\11.HSA_WIN_Espaco Poker_P01_R00','Sem BG','Y:\\HSA_WIN\\Referências','Tentar deixar o Jogos e o espaço poker bem parecidos. Acho que essa ficou com menos exposição, talvez aumentar um pouco pra igualar ao jogos.',0,2),(249,6,6,6,'2024-10-10 16:40:00',102,'Y:\\HSA_WIN\\P01\\R00\\10.HSA_WIN_Sala de Jogos_P01_R00','','Y:\\HSA_WIN\\Referências','',0,2),(252,8,14,18,'2024-10-11 13:58:00',192,'Y:\\FG_TRI\\6. FG_TRI Fachada no angulo do observador de baixo - Sunset','','','Acabei renderizando com BG, porém se quiser modificar tranquilo! ideia é valorizar bem esse mood final de tarde misturando laranja já com azul da noite.\r\nse possível com o translucency, valorizar as plantas que pegam sol diretamente',0,2),(253,8,14,18,'2024-10-11 17:23:00',188,'Y:\\FG_TRI\\FG_TRI_Fotomontagem_RSVI7835_R01','RSVI7835','','',0,3),(254,8,14,18,'2024-10-11 18:02:00',189,'Y:\\FG_TRI\\FG_TRI_Fotomontagem_RSVI8085_R01','RSVI8085','','',0,3),(255,8,14,18,'2024-10-11 16:06:00',187,'Y:\\FG_TRI\\FG_TRI_Fotomontagem_RSVI8389_R01','RSVI8389','','',0,3),(259,8,8,8,'2024-10-30 10:14:00',216,'Y:\\DOM_MOR\\EF\\3.DOM_MOR Externa fundos_EF','Mesmo da r00','\"Y:\\02.Exchange\\DOM_MOR\\3.DOM_MOR_Ref cena de pós.png\"','Céu diurno mais para final de tarde, seguir referência de aparência final 3.DOM_MOR_Ref cena de pós',0,6),(266,6,6,6,'2024-10-14 12:43:00',105,'Y:\\HSA_WIN\\P01\\R00\\13. HSA_WIN_Hall_P01_001','Sem BG','Y:\\HSA_WIN\\Referências','',0,2),(270,9,4,4,'2024-10-15 12:04:00',71,'Y:\\PHA_NET\\EF\\18. PHA_NET Salão festas_EF','Mesmo da prévia','','Seguir as indicações dos pdfs que estão na pasta:\r\n\r\nZ:\\2024\\PHA_NET\\05.Exchange\\01.Input\\07-10-2024 Retorno Comentários Prévias R01',0,6),(271,7,4,4,'2024-10-23 13:42:00',58,'Y:\\PHA_NET\\EF\\5. PHA_NET Embasamento frontal_EF\\Region','Mesmo da previa','Y:\\PHA_NET\\EF\\5. PHA_NET Embasamento frontal_EF\\Region','region lateral direita da imagem, alteração',0,6),(272,9,4,4,'2024-10-15 12:04:00',65,'Y:\\PHA_NET\\EF\\12. PHA_NET Piscina adulto_EF','Mesmo da prévia','','Seguir indicações dos pdfs que estão na pasta:\r\n\r\nZ:\\2024\\PHA_NET\\05.Exchange\\01.Input\\07-10-2024 Retorno Comentários Prévias R01',0,6),(273,9,4,4,'2024-10-15 08:44:00',69,'Y:\\PHA_NET\\EF\\16. PHA_NET Academia_EF','Mesmo da prévia','','',0,6),(275,8,4,4,'2024-10-15 10:48:00',59,'Y:\\PHA_NET\\EF\\6. PHA_NET Fachada diurna_EF','','Z:\\2024\\PHA_NET\\05.Exchange\\01.Input\\10-06-2024\\Fachada\\Apresentac?a?o base','Seguir tons de forro, brises e vegetação dos renders de arquitetura.\r\nO verde da trepadeira acabou ficando bem forte, ver se é possível equalizar esse verde.',0,6),(276,8,4,4,'2024-10-16 10:42:00',62,'Y:\\PHA_NET\\EF\\9. PHA_NET Boulevard 2_EF','','Z:\\2024\\PHA_NET\\05.Exchange\\01.Input\\10-06-2024\\Fachada\\Apresentac?a?o base','Seguir tons de forro, brises e vegetação dos renders de arquitetura, porém considerando que é uma blue hour/noturna, ver se ia do ps consegue melhorar poltrona a direita, dentro do espaço do café',0,2),(292,8,4,4,'2024-10-16 12:12:00',592,'Y:\\PHA_NET\\EF\\40.PHA_NET Embasamento extra_EF','','Z:\\2024\\PHA_NET\\05.Exchange\\01.Input\\10-06-2024\\Fachada\\Apresentac?a?o base','Bater cores dos brises forro e vegetação com as do render de arquitetura\r\nEssa cena é nova porém foi renderizada diretamente em alta',0,2),(294,6,6,6,'2024-10-16 13:49:00',99,'Y:\\HSA_WIN\\P01\\R00\\07.HSA_WIN_GourmetPiscina_P01_R00','Sem BG','Y:\\HSA_WIN\\Referências','',0,2),(295,8,4,4,'2024-10-16 11:23:00',61,'Y:\\PHA_NET\\EF\\8. PHA_NET Boulevard 1_EF','','Z:\\2024\\PHA_NET\\05.Exchange\\01.Input\\10-06-2024\\Fachada\\Apresentac?a?o base','Bater tom do forro com o do render de arquitetura, essa imagem específica foi a que citaram a saturação das plantas na primeira entrega, fazer com que a transluscência afete mais as áreas que pegam sol, do que es sombreadas.',0,6),(300,8,6,6,'2024-10-17 11:17:00',94,'Y:\\HSA_WIN\\2. HSA_WIN Fachada diurna observador','','','Já fizemos uma entrega dessa mesma imagem como lista antecipada, porém por ter tido mudanças significativas é uma nova imagem, podemos seguir a que já estava entregue anteriormente, adicionando agora os cuidados que estamos tomando com os pontos de satura',0,2),(303,8,6,6,'2024-10-17 10:21:00',95,'Y:\\HSA_WIN\\3. HSA_WIN Fachada noturna','BG blue hour VizPeople_non_commercial_hdr_v1_09','\"Y:\\02.Exchange\\HSA_WIN\\3. HSA_WIN Fachada noturna_REFBG.jpeg\"','Vamos tentar fazer um trail light nesse carro que está em primeiro plano conforme tem no curso de photoshop!',0,2),(311,8,4,4,'2024-10-22 11:26:00',594,'Y:\\PHA_NET\\P01\\R00\\41. PHA_NET Fotomontagem noturna','DJI_20240924184651_0013_D','Y:\\02.Exchange\\Marcio','',0,2),(316,6,6,6,'2024-10-23 13:43:00',101,'Y:\\HSA_WIN\\P01\\R00\\09.HSA_WIN_SalaoFestas_P01_R00','','Y:\\HSA_WIN\\Referências','',0,2),(317,6,6,6,'2024-10-23 14:07:00',104,'Y:\\HSA_WIN\\P01\\R00\\12_HSA_WIN_EspacoKids_P01_R00','','Y:\\HSA_WIN\\Referências','',0,2),(324,6,6,6,'2024-10-23 17:32:00',110,'Y:\\HSA_WIN\\P01\\R00\\18.HSA_WIN_Living Tipo01_Angulo02_P01_R00','002','Y:\\HSA_WIN\\Referências','',0,2),(326,6,6,6,'2024-10-24 09:36:00',109,'Y:\\HSA_WIN\\P01\\R00\\17.HSA_WIN_Living Tipo01_Angulo01_P01_R00','002','Y:\\HSA_WIN\\Referências','',0,2),(328,7,4,4,'2024-10-24 17:33:00',68,'Y:\\PHA_NET\\P01\\R01\\15. PHA_NET_Spa_Sauna','Y:\\01.Maps\\VizPeople_non_commercial_hdr_v1_09.hdr','Y:\\PHA_NET\\P01\\R01\\15. PHA_NET_Spa_Sauna','',0,3),(329,7,4,4,'2024-10-24 15:26:00',74,'Y:\\PHA_NET\\P01\\R01\\21. PHA_NET Lâmina água','Céu final de tarde sem prédios.','Y:\\PHA_NET\\P01\\R01\\21. PHA_NET Lâmina água','',0,3),(330,6,4,4,'2024-10-24 14:33:00',78,'Y:\\PHA_NET\\P01\\R00\\25_PHA_NET_Coworking','0016 dia 13.08','Y:\\PHA_NET\\Referências','',0,2),(331,9,1,1,'2024-10-25 08:54:00',14,'Y:\\MSA_SQU\\EF\\14. MSA_SQU Suíte do apartamento tipo','','16.MSA_SQU_Sacada_EF','',0,2),(334,7,4,4,'2024-10-25 15:35:00',76,'Y:\\PHA_NET\\EF\\23. PHA_NET_Playground_EF','Mesmo da previa','','',0,6),(335,9,4,4,'2024-10-25 16:01:00',70,'Y:\\PHA_NET\\EF\\17_PHA_NET_Brinquedoteca_EF','Mesmo da prévia','','Importante usar o mesmo pdf de alterações que foi utilizado na primeira entrega em alta',0,6),(336,6,4,4,'2024-10-25 12:29:00',72,'Y:\\PHA_NET\\P01\\R00\\19. PHA_NET_Gourmet','0028 ou 0024','Y:\\PHA_NET\\Referências','Não colocar o BG como está na prévia. Tentar mostrar mais o prédiozinhos que estão mais longe, sem mostrar tanto o prédio grande que está perto.',0,2),(337,9,4,4,'2024-10-25 17:21:00',84,'Y:\\PHA_NET\\EF\\31_PHA_NET_LIVING_APTO_K2_EF','Mesmo da prévia','','Mesma observação da Brinquedoteca - Importante se atentar aos pdfs de alterações enviados pelo cliente',0,6),(339,9,4,4,'2024-10-25 18:07:00',85,'Y:\\PHA_NET\\EF\\32_PHA_NET_LIVING_APTO_F1_EF','Mesmo da p','','Mesma observação das demais.',0,6),(344,9,4,4,'2024-10-28 08:44:00',66,'Y:\\PHA_NET\\EF\\13. PHA_NET Área deck_EF','Mesmo da prévia','','',0,6),(345,6,4,4,'2024-10-26 17:56:00',73,'20. PHA_NET_Lounge Gourmet_P01_R00','DJI_0001 dia 11.08 Tarde','Y:\\PHA_NET\\Referências','',0,2),(348,7,4,4,'2024-10-28 10:03:00',75,'Y:\\PHA_NET\\EF\\22. PHA_NET_Area_Fogo_EF','Mesmo da previa','Y:\\PHA_NET\\EF\\22. PHA_NET_Area_Fogo_EF','',0,6),(349,7,4,4,'2024-10-27 14:02:00',57,'Y:\\PHA_NET\\EF\\4. PHA_NET_Fachada_Observador_EF','Mesmo da previa','Y:\\PHA_NET\\EF\\4. PHA_NET_Fachada_Observador_EF','',0,6),(350,9,4,4,'2024-10-28 09:15:00',87,'Y:\\PHA_NET\\EF\\34_PHA_NET_JARDIM_APTO_J_EF','Mesmo da prévia','','',0,6),(351,9,4,4,'2024-10-27 21:52:00',92,'Y:\\PHA_NET\\EF\\39_PHA_NET_LIVING_APTO_Q_EF','Mesmo da prévia','','',0,6),(353,8,4,4,'2024-10-25 19:46:00',613,'Y:\\PHA_NET\\P01\\R00\\42. PHA_NET Embasamento extra 2','VizPeople_non_commercial_hdr_v1_09','','Bater cores dos brises forros e vegetação com referência da construtora.\r\nExiste um ponto em específico que joguei uma luz no forro para clarear uma parte e isso acabou deixando essa área bem saturada, se possível dar uma atenção especial nesse ponto!',0,2),(356,6,4,4,'2024-10-26 15:57:00',80,'Y:\\PHA_NET\\P01\\R00\\27. PHA_NET_Sala de Jogos','028','Y:\\PHA_NET\\Referências','Fazer o BG do mesmo jeito que foi feito no Gourmet.',0,2),(357,9,4,4,'2024-10-26 19:16:00',77,'Y:\\PHA_NET\\P01\\R01\\24. PHA_NET Lounge externo','Mesmo da prévia','','Considerações sobre o céu no pdf de alterações',0,3),(371,6,4,4,'2024-10-28 18:19:00',79,'Y:\\PHA_NET\\P01\\R00\\26.PHA_NET_Winebar_P01_R00','0028','Y:\\PHA_NET\\Referências','',0,2),(372,9,4,4,'2024-10-28 17:33:00',89,'Y:\\PHA_NET\\EF\\36_PHA_NET_LIVING_APTO_G2_EF','Mesmo da prévia','','',0,6),(373,6,4,4,'2024-10-28 18:57:00',64,'Y:\\PHA_NET\\P01\\R00\\11_PHA_NET_Hall','Sem BG','Y:\\PHA_NET\\Referências','',0,2),(376,8,4,4,'2024-10-28 21:52:00',63,'Y:\\PHA_NET\\P01\\R00\\10. PHA_NET Boulevard Noturno','VizPeople_non_commercial_hdr_v1_09','','',0,2),(385,6,6,6,'2024-10-30 11:14:00',111,'Y:\\HSA_WIN\\P01\\R00\\19_HSA_WIN_Suite Tipo01_P01_R00','Renderizado com o BG 0002','Y:\\HSA_WIN\\Referências','',0,2),(387,8,8,8,'2024-10-30 10:48:00',215,'Y:\\DOM_MOR\\EF\\2.DOM_MOR Externa Lateral com piscina','Mesmo da r00 e r01','','Mesma da r01',0,6),(391,8,15,20,'2024-10-31 10:08:00',330,'Y:\\DAN_UPP\\1.DAN_UPP Fachada focada em uma torre','Céu diurno','','Usar zdeph para criar profundidade',0,2),(392,8,15,20,'2024-10-31 11:00:00',331,'Y:\\DAN_UPP\\2.DAN_UPP Fachada angulo a decidir','céu diurno','','usar zdeph para criar profundidade (leve), e se quiser se aventurar em mexer nas pessoas com IA fique à vontade (:',0,2),(395,6,11,14,'2024-10-31 12:59:00',602,'Y:\\EDI_ONE\\3. EDI_ONE Restaurante interna_P01_R00','DJI_20241025101515_0001_D','Y:\\EDI_ONE\\Referência','Talvez omitir os prédios dos fundos ou deixar mais longe e mostrar um pouco mais de areia na praia.',0,2),(398,9,8,8,'2024-10-31 14:42:00',237,'Y:\\DOM_MOR\\EF\\23. DOM_MOR_Detalhe_Conceito_EF','Mesmo da prévia','','',0,6),(400,9,11,14,'2024-10-31 15:04:00',619,'Y:\\EDI_ONE\\EDI_ONE_Fotomontagem_01_EF.tga','O zip do bg esta na mesma pasta do render ','','',0,2),(403,8,15,20,'2024-10-31 22:09:00',336,'Y:\\DAN_UPP\\7.DAN_UPP Piscina','','','bg diurno, semelhante as outras, gerei o caustics em um canal separado',0,2),(405,6,15,20,'2024-10-31 22:29:00',340,'Y:\\DAN_UPP\\11.DAN_UPP_Arena Gamer_P01_R00','Sem BG','Y:\\DAN_UPP\\Referências','',0,2),(408,7,1,12,'2024-11-01 00:05:00',274,'Y:\\MSA_LIN\\EF\\5.MSA_LIN_Hall','Mesmo da previa','Y:\\MSA_LIN\\EF\\5.MSA_LIN_Hall','',1,6),(409,7,1,12,'2024-11-01 00:06:00',275,'Y:\\MSA_LIN\\EF\\6. MSA_LIN_Quadra poliesportiva','Mesmo da previa','Y:\\MSA_LIN\\EF\\6. MSA_LIN_Quadra poliesportiva','',1,6),(410,7,1,12,'2024-11-01 12:51:00',278,'Y:\\MSA_LIN\\EF\\9 .MSA_LIN_Coworking','Mesmo da previa','Y:\\MSA_LIN\\EF\\9 .MSA_LIN_Coworking','',0,6),(411,7,1,12,'2024-11-01 10:16:00',273,'Y:\\MSA_LIN\\EF\\4.MSA_LIN_Embasamento_EF','Mesmo da previa','Y:\\MSA_LIN\\EF\\4.MSA_LIN_Embasamento_EF','',0,6),(412,7,1,12,'2024-11-01 00:47:00',279,'Y:\\MSA_LIN\\EF\\10. MSA_LIN_Funcional_EF','Mesmo da previa','Y:\\MSA_LIN\\EF\\10. MSA_LIN_Funcional_EF','',1,6),(413,7,1,12,'2024-11-01 01:01:00',281,'Y:\\MSA_LIN\\EF\\12. MSA_LIN_Academia','Mesmo da previa','Y:\\MSA_LIN\\EF\\12. MSA_LIN_Academia','',1,6),(414,7,1,12,'2024-11-04 18:06:00',282,'Y:\\MSA_LIN\\EF\\13. MSA_LIN_Boate','Mesmo da previa','Y:\\MSA_LIN\\EF\\13. MSA_LIN_Boate','',0,6),(415,7,1,12,'2024-11-01 13:03:00',280,'Y:\\MSA_LIN\\EF\\11. MSA_LIN_PUB_Sala_Jogos','Mesmo da previa','Y:\\MSA_LIN\\EF\\11. MSA_LIN_PUB_Sala_Jogos','',0,6),(416,7,1,12,'2024-11-01 13:21:00',283,'Y:\\MSA_LIN\\EF\\14. MSA_LIN Salao de festas','Mesmo da previa','Y:\\MSA_LIN\\EF\\14. MSA_LIN Salao de festas','',0,6),(417,7,1,12,'2024-11-01 12:35:00',284,'Y:\\MSA_LIN\\EF\\15. MSA_LIN_Market_Place','Mesmo da previa','Y:\\MSA_LIN\\EF\\15. MSA_LIN_Market_Place','',0,6),(418,7,1,12,'2024-11-01 08:41:00',286,'Y:\\MSA_LIN\\EF\\17. MSA_LIN_Piscina_angulo_01','Mesmo da previa','Y:\\MSA_LIN\\EF\\17. MSA_LIN_Piscina_angulo_01','',1,6),(419,7,1,12,'2024-11-01 17:50:00',285,'Y:\\MSA_LIN\\EF\\16. MSA_LIN_Brinquedoteca','Mesmo da previa','Y:\\MSA_LIN\\EF\\16. MSA_LIN_Brinquedoteca','',0,6),(420,7,1,12,'2024-11-01 17:25:00',287,'Y:\\MSA_LIN\\EF\\18. MSA_LIN_Piscina_02','Mesmo da previa','Y:\\MSA_LIN\\EF\\18. MSA_LIN_Piscina_02','',0,6),(421,7,1,12,'2024-11-04 08:15:00',288,'Y:\\MSA_LIN\\EF\\19. MSA_LIN_Quiosque Piscina','Mesmo da previa','Y:\\MSA_LIN\\EF\\19. MSA_LIN_Quiosque Piscina','Region compatibilização Piscina.',0,6),(427,7,1,12,'2024-11-05 09:56:00',289,'Y:\\MSA_LIN\\EF\\20. MSA_LIN_Living_apto01','Mesmo da previa','Y:\\MSA_LIN\\EF\\20. MSA_LIN_Living_apto01','',0,6),(430,7,1,12,'2024-11-04 17:41:00',290,'Y:\\MSA_LIN\\EF\\21. MSA_LIN_Sacada_Vista_Apto_01','Mesmo da previa','Y:\\MSA_LIN\\EF\\21. MSA_LIN_Sacada_Vista_Apto_01','Region para compatibilizar a imagem',0,6),(435,7,1,12,'2024-11-04 10:47:00',291,'Y:\\MSA_LIN\\EF\\22. MSA_LIN_Suite_Apto01','Mesmo da previa','Y:\\MSA_LIN\\EF\\22. MSA_LIN_Suite_Apto01','',0,6),(436,7,1,12,'2024-11-04 17:20:00',292,'Y:\\MSA_LIN\\EF\\23. MSA_LIN_Living_Apto_03','Mesmo da previa','Y:\\MSA_LIN\\EF\\23. MSA_LIN_Living_Apto_03',' Region para compatibilizar a imagem.',0,6),(437,9,1,12,'2024-11-04 09:58:00',272,'Y:\\MSA_LIN\\EF\\3. MSA_LIN_Fachada_Observador_EF','Mesmo da previa','Y:\\MSA_LIN\\EF\\3. MSA_LIN_Fachada_Observador_EF','',0,6),(438,7,1,12,'2024-11-04 09:28:00',293,'Y:\\MSA_LIN\\EF\\24. MSA_LIN_Suite_Apto 03','Mesmo da previa','Y:\\MSA_LIN\\EF\\24. MSA_LIN_Suite_Apto 03','',0,6),(439,7,1,12,'2024-11-04 09:11:00',295,'Y:\\MSA_LIN\\EF\\26. MSA_LIN Sacada com vista_Apto04','Mesmo da previa','Y:\\MSA_LIN\\EF\\26. MSA_LIN Sacada com vista_Apto04','',0,6),(440,7,1,12,'2024-11-04 08:48:00',294,'Y:\\MSA_LIN\\EF\\25. MAN_LIN_sacada com vista_apto03','Mesmo da previa','Y:\\MSA_LIN\\EF\\25. MAN_LIN_sacada com vista_apto03','',0,6),(450,9,15,20,'2024-11-04 16:02:00',350,'Y:\\DAN_UPP\\21.DAN_UPP Brinquedoteca - Torre C','Sem bg','','',0,2),(452,13,15,20,'2024-11-05 09:29:00',345,'Y:\\DAN_UPP\\16.DAN_UPP Espaço Yoga - Torre B','','','',0,2),(458,9,15,20,'2024-11-04 22:35:00',339,'Y:\\DAN_UPP\\10.DAN_UPP Salão de festas adulto - torre A','Sem bg','','',1,2);
/*!40000 ALTER TABLE `pos_producao` ENABLE KEYS */;
UNLOCK TABLES;

--
-- Table structure for table `render`
--

DROP TABLE IF EXISTS `render`;
/*!40101 SET @saved_cs_client     = @@character_set_client */;
/*!50503 SET character_set_client = utf8mb4 */;
CREATE TABLE `render` (
  `idrender` int(11) NOT NULL AUTO_INCREMENT,
  `animacao_id` int(11) DEFAULT NULL,
  `status` varchar(50) COLLATE utf8mb4_unicode_ci DEFAULT NULL,
  `prazo` varchar(50) COLLATE utf8mb4_unicode_ci DEFAULT NULL,
  PRIMARY KEY (`idrender`),
  KEY `animacao_id` (`animacao_id`),
  CONSTRAINT `render_ibfk_1` FOREIGN KEY (`animacao_id`) REFERENCES `animacao` (`idanimacao`)
) ENGINE=InnoDB AUTO_INCREMENT=32 DEFAULT CHARSET=utf8mb4 COLLATE=utf8mb4_unicode_ci;
/*!40101 SET character_set_client = @saved_cs_client */;

--
-- Dumping data for table `render`
--

LOCK TABLES `render` WRITE;
/*!40000 ALTER TABLE `render` DISABLE KEYS */;
INSERT INTO `render` VALUES (12,17,'Finalizado','2024-10-09'),(13,18,'Finalizado','2024-10-09'),(14,19,'Finalizado','2024-10-09'),(15,20,'Finalizado','2024-10-26'),(16,21,'Finalizado','2024-10-19'),(17,22,'Finalizado','2024-10-12'),(18,23,'Finalizado','2024-10-13'),(19,24,'Finalizado','2024-10-14'),(20,25,'Finalizado','2024-10-15'),(21,26,'Finalizado','2024-10-17'),(22,27,'Finalizado','2024-10-20'),(23,28,'Finalizado','2024-10-19'),(24,29,'Finalizado','2024-10-20'),(25,30,'Finalizado','2024-10-17'),(26,31,'Finalizado','2024-10-16'),(27,32,'Finalizado','2024-10-19'),(28,33,'Finalizado','2024-10-19'),(29,34,'Finalizado','2024-10-16'),(30,35,'Finalizado','2024-10-19'),(31,36,'Finalizado','2024-11-01');
/*!40000 ALTER TABLE `render` ENABLE KEYS */;
UNLOCK TABLES;

--
-- Table structure for table `status_funcao`
--

DROP TABLE IF EXISTS `status_funcao`;
/*!40101 SET @saved_cs_client     = @@character_set_client */;
/*!50503 SET character_set_client = utf8mb4 */;
CREATE TABLE `status_funcao` (
  `idstatus_funcao` int(11) NOT NULL AUTO_INCREMENT,
  `status` varchar(50) COLLATE utf8mb4_unicode_ci NOT NULL,
  PRIMARY KEY (`idstatus_funcao`)
) ENGINE=InnoDB AUTO_INCREMENT=5 DEFAULT CHARSET=utf8mb4 COLLATE=utf8mb4_unicode_ci;
/*!40101 SET character_set_client = @saved_cs_client */;

--
-- Dumping data for table `status_funcao`
--

LOCK TABLES `status_funcao` WRITE;
/*!40000 ALTER TABLE `status_funcao` DISABLE KEYS */;
INSERT INTO `status_funcao` VALUES (1,'Não começou'),(2,'TEA'),(3,'HOLD'),(4,'OK');
/*!40000 ALTER TABLE `status_funcao` ENABLE KEYS */;
UNLOCK TABLES;

--
-- Table structure for table `status_imagem`
--

DROP TABLE IF EXISTS `status_imagem`;
/*!40101 SET @saved_cs_client     = @@character_set_client */;
/*!50503 SET character_set_client = utf8mb4 */;
CREATE TABLE `status_imagem` (
  `idstatus` int(11) NOT NULL AUTO_INCREMENT,
  `nome_status` varchar(50) DEFAULT NULL,
  PRIMARY KEY (`idstatus`)
) ENGINE=InnoDB AUTO_INCREMENT=10 DEFAULT CHARSET=latin1;
/*!40101 SET character_set_client = @saved_cs_client */;

--
-- Dumping data for table `status_imagem`
--

LOCK TABLES `status_imagem` WRITE;
/*!40000 ALTER TABLE `status_imagem` DISABLE KEYS */;
INSERT INTO `status_imagem` VALUES (1,'P00'),(2,'R00'),(3,'R01'),(4,'R02'),(5,'R03'),(6,'EF'),(7,'Sem status'),(9,'HOLD');
/*!40000 ALTER TABLE `status_imagem` ENABLE KEYS */;
UNLOCK TABLES;

--
-- Table structure for table `usuario`
--

DROP TABLE IF EXISTS `usuario`;
/*!40101 SET @saved_cs_client     = @@character_set_client */;
/*!50503 SET character_set_client = utf8mb4 */;
CREATE TABLE `usuario` (
  `idusuario` int(11) NOT NULL AUTO_INCREMENT,
  `nome_usuario` varchar(100) COLLATE utf8mb4_unicode_ci NOT NULL,
  `login` varchar(50) COLLATE utf8mb4_unicode_ci NOT NULL,
  `senha` varchar(50) COLLATE utf8mb4_unicode_ci NOT NULL,
  `nivel_acesso` int(11) DEFAULT NULL,
  `email` varchar(50) COLLATE utf8mb4_unicode_ci NOT NULL,
  `idcolaborador` int(11) DEFAULT NULL,
  PRIMARY KEY (`idusuario`)
) ENGINE=InnoDB AUTO_INCREMENT=17 DEFAULT CHARSET=utf8mb4 COLLATE=utf8mb4_unicode_ci;
/*!40101 SET character_set_client = @saved_cs_client */;

--
-- Dumping data for table `usuario`
--

LOCK TABLES `usuario` WRITE;
/*!40000 ALTER TABLE `usuario` DISABLE KEYS */;
INSERT INTO `usuario` VALUES (1,'Pedro','pedro_imp','Pedro0808',1,'pedrosabel08@gmail.com',NULL),(2,'André','andre_imp','Impr00v@',1,'projetos@improov.com.br',9),(3,'Diogo','diogo_imp','2u8fzw',2,'',NULL),(4,'Anderson','anderson_imp','6un2a6',2,'',7),(5,'André Tavares','tavares_imp','8lqe2a',4,'',13),(6,'Bruna Tavares','bruna_imp','9nrw7o',2,'',6),(7,'Adriana','adriana_imp','2ndbc9',2,'',14),(8,'Marcio','marcio_imp','79lyux',2,'',8),(9,'Nicolle','nicolle_imp','1yhyq4',3,'',1),(10,'Stefhanie','ste_imp','7cimnc',2,'',10),(11,'Sérgio','sergio_imp','8wfwpm',2,'',11),(12,'Mariana','mariana_imp','4gqwcj',2,'',4),(14,'Luiz','luiz_imp','48j24o',2,'xluizfer@gmail.com',3),(15,'Marcelo','marcelo_imp','4ainzk',2,'',5),(16,'Andressa','andressa_imp','2ztvq2',2,'',12);
/*!40000 ALTER TABLE `usuario` ENABLE KEYS */;
UNLOCK TABLES;
/*!40103 SET TIME_ZONE=@OLD_TIME_ZONE */;

/*!40101 SET SQL_MODE=@OLD_SQL_MODE */;
/*!40014 SET FOREIGN_KEY_CHECKS=@OLD_FOREIGN_KEY_CHECKS */;
/*!40014 SET UNIQUE_CHECKS=@OLD_UNIQUE_CHECKS */;
/*!40101 SET CHARACTER_SET_CLIENT=@OLD_CHARACTER_SET_CLIENT */;
/*!40101 SET CHARACTER_SET_RESULTS=@OLD_CHARACTER_SET_RESULTS */;
/*!40101 SET COLLATION_CONNECTION=@OLD_COLLATION_CONNECTION */;
/*!40111 SET SQL_NOTES=@OLD_SQL_NOTES */;

-- Dump completed on 2024-11-05 10:00:09
